Test Summary:                         |   Pass   Total  Time
Follow-up exact read and update masks | 384000  384000  1.8s
MICRO_COLUMNS width,active,operation,winning,gate,kind,trial,seconds
MICRO 3,0,eq,false,sparse,native,1,8.6051e-5
MICRO 3,0,eq,false,dense,compiler,1,0.000672495
MICRO 3,0,eq,false,dense,native,1,0.001201543
MICRO 3,0,eq,false,quarter,native,1,8.5813e-5
MICRO 3,0,eq,false,half,native,1,4.9065e-5
MICRO 3,0,eq,false,full,native,1,4.9553e-5
MICRO 3,0,eq,false,half,compiler,1,4.9034e-5
MICRO 3,0,eq,false,full,compiler,1,8.571e-5
MICRO 3,0,eq,false,full,compiler,2,8.6054e-5
MICRO 3,0,eq,false,half,compiler,2,4.9097e-5
MICRO 3,0,eq,false,full,native,2,4.9087e-5
MICRO 3,0,eq,false,half,native,2,4.9073e-5
MICRO 3,0,eq,false,quarter,native,2,8.572e-5
MICRO 3,0,eq,false,dense,native,2,0.001043298
MICRO 3,0,eq,false,dense,compiler,2,0.000339371
MICRO 3,0,eq,false,sparse,native,2,8.5784e-5
MICRO 3,0,eq,false,sparse,native,3,8.5673e-5
MICRO 3,0,eq,false,dense,compiler,3,0.000318024
MICRO 3,0,eq,false,dense,native,3,0.0010294
MICRO 3,0,eq,false,quarter,native,3,8.5799e-5
MICRO 3,0,eq,false,half,native,3,4.9037e-5
MICRO 3,0,eq,false,full,native,3,4.9059e-5
MICRO 3,0,eq,false,half,compiler,3,4.9021e-5
MICRO 3,0,eq,false,full,compiler,3,8.5745e-5
MICRO 3,0,le,false,sparse,native,1,9.0841e-5
MICRO 3,0,le,false,dense,compiler,1,0.000617951
MICRO 3,0,le,false,dense,native,1,0.000975902
MICRO 3,0,le,false,quarter,native,1,8.7884e-5
MICRO 3,0,le,false,half,native,1,8.7937e-5
MICRO 3,0,le,false,full,native,1,5.0286e-5
MICRO 3,0,le,false,half,compiler,1,0.000111003
MICRO 3,0,le,false,full,compiler,1,4.9017e-5
MICRO 3,0,le,false,full,compiler,2,4.9008e-5
MICRO 3,0,le,false,half,compiler,2,8.5639e-5
MICRO 3,0,le,false,full,native,2,4.8951e-5
MICRO 3,0,le,false,half,native,2,8.5633e-5
MICRO 3,0,le,false,quarter,native,2,8.5631e-5
MICRO 3,0,le,false,dense,native,2,0.000633789
MICRO 3,0,le,false,dense,compiler,2,0.000364778
MICRO 3,0,le,false,sparse,native,2,4.9021e-5
MICRO 3,0,le,false,sparse,native,3,4.8992e-5
MICRO 3,0,le,false,dense,compiler,3,0.000377108
MICRO 3,0,le,false,dense,native,3,0.000604756
MICRO 3,0,le,false,quarter,native,3,8.5758e-5
MICRO 3,0,le,false,half,native,3,8.564e-5
MICRO 3,0,le,false,full,native,3,4.8991e-5
MICRO 3,0,le,false,half,compiler,3,8.5674e-5
MICRO 3,0,le,false,full,compiler,3,4.9009e-5
MICRO 3,0,update,false,sparse,native,1,0.000146984
MICRO 3,0,update,false,dense,compiler,1,0.000398589
MICRO 3,0,update,false,dense,native,1,0.000847209
MICRO 3,0,update,false,quarter,native,1,0.000242348
MICRO 3,0,update,false,half,native,1,0.000232614
MICRO 3,0,update,false,full,native,1,0.000377931
MICRO 3,0,update,false,half,compiler,1,0.000375681
MICRO 3,0,update,false,full,compiler,1,0.000160028
MICRO 3,0,update,false,full,compiler,2,0.000125808
MICRO 3,0,update,false,half,compiler,2,0.000176279
MICRO 3,0,update,false,full,native,2,0.000175719
MICRO 3,0,update,false,half,native,2,0.000125585
MICRO 3,0,update,false,quarter,native,2,0.00012586
MICRO 3,0,update,false,dense,native,2,0.000790039
MICRO 3,0,update,false,dense,compiler,2,0.000376578
MICRO 3,0,update,false,sparse,native,2,0.000150906
MICRO 3,0,update,false,sparse,native,3,0.000150716
MICRO 3,0,update,false,dense,compiler,3,0.000398773
MICRO 3,0,update,false,dense,native,3,0.000758992
MICRO 3,0,update,false,quarter,native,3,0.000122445
MICRO 3,0,update,false,half,native,3,0.000122469
MICRO 3,0,update,false,full,native,3,0.00017136
MICRO 3,0,update,false,half,compiler,3,0.000234276
MICRO 3,0,update,false,full,compiler,3,0.000127148
MICRO 3,0,update,true,sparse,native,1,0.000146713
MICRO 3,0,update,true,dense,compiler,1,0.000396132
MICRO 3,0,update,true,dense,native,1,0.001517352
MICRO 3,0,update,true,quarter,native,1,0.000226752
MICRO 3,0,update,true,half,native,1,0.000225635
MICRO 3,0,update,true,full,native,1,0.000367577
MICRO 3,0,update,true,half,compiler,1,0.000391303
MICRO 3,0,update,true,full,compiler,1,0.000226214
MICRO 3,0,update,true,full,compiler,2,0.000224753
MICRO 3,0,update,true,half,compiler,2,0.000356939
MICRO 3,0,update,true,full,native,2,0.000395538
MICRO 3,0,update,true,half,native,2,0.000241268
MICRO 3,0,update,true,quarter,native,2,0.000225929
MICRO 3,0,update,true,dense,native,2,0.001603083
MICRO 3,0,update,true,dense,compiler,2,0.000463093
MICRO 3,0,update,true,sparse,native,2,0.000146823
MICRO 3,0,update,true,sparse,native,3,0.000146888
MICRO 3,0,update,true,dense,compiler,3,0.000367017
MICRO 3,0,update,true,dense,native,3,0.000758195
MICRO 3,0,update,true,quarter,native,3,0.000122363
MICRO 3,0,update,true,half,native,3,0.00012242
MICRO 3,0,update,true,full,native,3,0.000171245
MICRO 3,0,update,true,half,compiler,3,0.00017208
MICRO 3,0,update,true,full,compiler,3,0.00012302
MICRO 3,1,eq,false,sparse,native,1,0.000134617
MICRO 3,1,eq,false,dense,compiler,1,0.000336491
MICRO 3,1,eq,false,dense,native,1,0.001028215
MICRO 3,1,eq,false,quarter,native,1,0.000147061
MICRO 3,1,eq,false,half,native,1,0.000113021
MICRO 3,1,eq,false,full,native,1,0.000123152
MICRO 3,1,eq,false,half,compiler,1,0.000134607
MICRO 3,1,eq,false,full,compiler,1,0.000134591
MICRO 3,1,eq,false,full,compiler,2,0.000134985
MICRO 3,1,eq,false,half,compiler,2,0.000134865
MICRO 3,1,eq,false,full,native,2,0.000122372
MICRO 3,1,eq,false,half,native,2,0.000112767
MICRO 3,1,eq,false,quarter,native,2,0.000146733
MICRO 3,1,eq,false,dense,native,2,0.001079035
MICRO 3,1,eq,false,dense,compiler,2,0.000366854
MICRO 3,1,eq,false,sparse,native,2,0.00013502
MICRO 3,1,eq,false,sparse,native,3,0.000134777
MICRO 3,1,eq,false,dense,compiler,3,0.000346696
MICRO 3,1,eq,false,dense,native,3,0.001051684
MICRO 3,1,eq,false,quarter,native,3,0.000146819
MICRO 3,1,eq,false,half,native,3,0.000112814
MICRO 3,1,eq,false,full,native,3,0.000126702
MICRO 3,1,eq,false,half,compiler,3,0.000134635
MICRO 3,1,eq,false,full,compiler,3,0.000134745
MICRO 3,1,le,false,sparse,native,1,0.000117065
MICRO 3,1,le,false,dense,compiler,1,0.000326085
MICRO 3,1,le,false,dense,native,1,0.000587151
MICRO 3,1,le,false,quarter,native,1,0.000159107
MICRO 3,1,le,false,half,native,1,0.000159052
MICRO 3,1,le,false,full,native,1,0.000116981
MICRO 3,1,le,false,half,compiler,1,0.000159116
MICRO 3,1,le,false,full,compiler,1,0.000117283
MICRO 3,1,le,false,full,compiler,2,0.000117201
MICRO 3,1,le,false,half,compiler,2,0.000159073
MICRO 3,1,le,false,full,native,2,0.000117145
MICRO 3,1,le,false,half,native,2,0.000159155
MICRO 3,1,le,false,quarter,native,2,0.000159025
MICRO 3,1,le,false,dense,native,2,0.000591874
MICRO 3,1,le,false,dense,compiler,2,0.000326377
MICRO 3,1,le,false,sparse,native,2,0.000117256
MICRO 3,1,le,false,sparse,native,3,0.000117153
MICRO 3,1,le,false,dense,compiler,3,0.000326204
MICRO 3,1,le,false,dense,native,3,0.000587294
MICRO 3,1,le,false,quarter,native,3,0.000158987
MICRO 3,1,le,false,half,native,3,0.00015952
MICRO 3,1,le,false,full,native,3,0.000116988
MICRO 3,1,le,false,half,compiler,3,0.000159371
MICRO 3,1,le,false,full,compiler,3,0.000117193
MICRO 3,1,update,false,sparse,native,1,0.000269127
MICRO 3,1,update,false,dense,compiler,1,0.000367186
MICRO 3,1,update,false,dense,native,1,0.001005475
MICRO 3,1,update,false,quarter,native,1,0.000245
MICRO 3,1,update,false,half,native,1,0.000245085
MICRO 3,1,update,false,full,native,1,0.000493312
MICRO 3,1,update,false,half,compiler,1,0.000728994
MICRO 3,1,update,false,full,compiler,1,0.000520244
MICRO 3,1,update,false,full,compiler,2,0.000346016
MICRO 3,1,update,false,half,compiler,2,0.000353279
MICRO 3,1,update,false,full,native,2,0.000326424
MICRO 3,1,update,false,half,native,2,0.000251191
MICRO 3,1,update,false,quarter,native,2,0.000251148
MICRO 3,1,update,false,dense,native,2,0.001027866
MICRO 3,1,update,false,dense,compiler,2,0.000405172
MICRO 3,1,update,false,sparse,native,2,0.000285953
MICRO 3,1,update,false,sparse,native,3,0.00027588
MICRO 3,1,update,false,dense,compiler,3,0.000376487
MICRO 3,1,update,false,dense,native,3,0.001027815
MICRO 3,1,update,false,quarter,native,3,0.000403655
MICRO 3,1,update,false,half,native,3,0.000450049
MICRO 3,1,update,false,full,native,3,0.000579575
MICRO 3,1,update,false,half,compiler,3,0.000747718
MICRO 3,1,update,false,full,compiler,3,0.000488168
MICRO 3,1,update,true,sparse,native,1,0.000782746
MICRO 3,1,update,true,dense,compiler,1,0.001340626
MICRO 3,1,update,true,dense,native,1,0.001014657
MICRO 3,1,update,true,quarter,native,1,0.00029488
MICRO 3,1,update,true,half,native,1,0.000330108
MICRO 3,1,update,true,full,native,1,0.000376427
MICRO 3,1,update,true,half,compiler,1,0.000401158
MICRO 3,1,update,true,full,compiler,1,0.000301005
MICRO 3,1,update,true,full,compiler,2,0.000308762
MICRO 3,1,update,true,half,compiler,2,0.000401293
MICRO 3,1,update,true,full,native,2,0.000379296
MICRO 3,1,update,true,half,native,2,0.000301461
MICRO 3,1,update,true,quarter,native,2,0.000302891
MICRO 3,1,update,true,dense,native,2,0.001039706
MICRO 3,1,update,true,dense,compiler,2,0.001216812
MICRO 3,1,update,true,sparse,native,2,0.000401158
MICRO 3,1,update,true,sparse,native,3,0.000401322
MICRO 3,1,update,true,dense,compiler,3,0.001209283
MICRO 3,1,update,true,dense,native,3,0.001042839
MICRO 3,1,update,true,quarter,native,3,0.000293673
MICRO 3,1,update,true,half,native,3,0.000293916
MICRO 3,1,update,true,full,native,3,0.000367755
MICRO 3,1,update,true,half,compiler,3,0.000391599
MICRO 3,1,update,true,full,compiler,3,0.000293726
MICRO 3,3,eq,false,sparse,native,1,0.000251321
MICRO 3,3,eq,false,dense,compiler,1,0.000317987
MICRO 3,3,eq,false,dense,native,1,0.001081567
MICRO 3,3,eq,false,quarter,native,1,0.000256523
MICRO 3,3,eq,false,half,native,1,0.000249382
MICRO 3,3,eq,false,full,native,1,0.00024964
MICRO 3,3,eq,false,half,compiler,1,0.000254441
MICRO 3,3,eq,false,full,compiler,1,0.000254188
MICRO 3,3,eq,false,full,compiler,2,0.000267618
MICRO 3,3,eq,false,half,compiler,2,0.000253441
MICRO 3,3,eq,false,full,native,2,0.000249387
MICRO 3,3,eq,false,half,native,2,0.000249186
MICRO 3,3,eq,false,quarter,native,2,0.000256342
MICRO 3,3,eq,false,dense,native,2,0.001083353
MICRO 3,3,eq,false,dense,compiler,2,0.000632834
MICRO 3,3,eq,false,sparse,native,2,0.000431894
MICRO 3,3,eq,false,sparse,native,3,0.000382353
MICRO 3,3,eq,false,dense,compiler,3,0.000529671
MICRO 3,3,eq,false,dense,native,3,0.001531916
MICRO 3,3,eq,false,quarter,native,3,0.000421766
MICRO 3,3,eq,false,half,native,3,0.00024926
MICRO 3,3,eq,false,full,native,3,0.000249082
MICRO 3,3,eq,false,half,compiler,3,0.000282088
MICRO 3,3,eq,false,full,compiler,3,0.000256502
MICRO 3,3,le,false,sparse,native,1,0.000256429
MICRO 3,3,le,false,dense,compiler,1,0.000351588
MICRO 3,3,le,false,dense,native,1,0.00062475
MICRO 3,3,le,false,quarter,native,1,0.000528754
MICRO 3,3,le,false,half,native,1,0.000574028
MICRO 3,3,le,false,full,native,1,0.000449017
MICRO 3,3,le,false,half,compiler,1,0.000547786
MICRO 3,3,le,false,full,compiler,1,0.000450496
MICRO 3,3,le,false,full,compiler,2,0.000443321
MICRO 3,3,le,false,half,compiler,2,0.000544559
MICRO 3,3,le,false,full,native,2,0.000443236
MICRO 3,3,le,false,half,native,2,0.000681515
MICRO 3,3,le,false,quarter,native,2,0.000556113
MICRO 3,3,le,false,dense,native,2,0.001024703
MICRO 3,3,le,false,dense,compiler,2,0.000326087
MICRO 3,3,le,false,sparse,native,2,0.000256515
MICRO 3,3,le,false,sparse,native,3,0.000256099
MICRO 3,3,le,false,dense,compiler,3,0.000326032
MICRO 3,3,le,false,dense,native,3,0.00058685
MICRO 3,3,le,false,quarter,native,3,0.000303685
MICRO 3,3,le,false,half,native,3,0.000305773
MICRO 3,3,le,false,full,native,3,0.000257563
MICRO 3,3,le,false,half,compiler,3,0.000325068
MICRO 3,3,le,false,full,compiler,3,0.000273833
MICRO 3,3,update,false,sparse,native,1,0.000366967
MICRO 3,3,update,false,dense,compiler,1,0.000366967
MICRO 3,3,update,false,dense,native,1,0.000808041
MICRO 3,3,update,false,quarter,native,1,0.000391639
MICRO 3,3,update,false,half,native,1,0.000391286
MICRO 3,3,update,false,full,native,1,0.000471325
MICRO 3,3,update,false,half,compiler,1,0.000489159
MICRO 3,3,update,false,full,compiler,1,0.000391495
MICRO 3,3,update,false,full,compiler,2,0.000391543
MICRO 3,3,update,false,half,compiler,2,0.000490464
MICRO 3,3,update,false,full,native,2,0.000521414
MICRO 3,3,update,false,half,native,2,0.000519514
MICRO 3,3,update,false,quarter,native,2,0.000418392
MICRO 3,3,update,false,dense,native,2,0.000809669
MICRO 3,3,update,false,dense,compiler,2,0.000480047
MICRO 3,3,update,false,sparse,native,2,0.000650182
MICRO 3,3,update,false,sparse,native,3,0.000607666
MICRO 3,3,update,false,dense,compiler,3,0.000538869
MICRO 3,3,update,false,dense,native,3,0.000782806
MICRO 3,3,update,false,quarter,native,3,0.000391698
MICRO 3,3,update,false,half,native,3,0.000393588
MICRO 3,3,update,false,full,native,3,0.000495071
MICRO 3,3,update,false,half,compiler,3,0.000491611
MICRO 3,3,update,false,full,compiler,3,0.000391596
MICRO 3,3,update,true,sparse,native,1,0.000717679
MICRO 3,3,update,true,dense,compiler,1,0.000698722
MICRO 3,3,update,true,dense,native,1,0.000856126
MICRO 3,3,update,true,quarter,native,1,0.000538098
MICRO 3,3,update,true,half,native,1,0.000538262
MICRO 3,3,update,true,full,native,1,0.001094219
MICRO 3,3,update,true,half,compiler,1,0.00069309
MICRO 3,3,update,true,full,compiler,1,0.000563184
MICRO 3,3,update,true,full,compiler,2,0.000552347
MICRO 3,3,update,true,half,compiler,2,0.000665397
MICRO 3,3,update,true,full,native,2,0.000628253
MICRO 3,3,update,true,half,native,2,0.000562318
MICRO 3,3,update,true,quarter,native,2,0.000558269
MICRO 3,3,update,true,dense,native,2,0.000884687
MICRO 3,3,update,true,dense,compiler,2,0.000750232
MICRO 3,3,update,true,sparse,native,2,0.001319586
MICRO 3,3,update,true,sparse,native,3,0.001380958
MICRO 3,3,update,true,dense,compiler,3,0.001346659
MICRO 3,3,update,true,dense,native,3,0.001776535
MICRO 3,3,update,true,quarter,native,3,0.000700351
MICRO 3,3,update,true,half,native,3,0.000537967
MICRO 3,3,update,true,full,native,3,0.000611353
MICRO 3,3,update,true,half,compiler,3,0.000635931
MICRO 3,3,update,true,full,compiler,3,0.000541264
MICRO 16,0,eq,false,sparse,native,1,8.6097e-5
MICRO 16,0,eq,false,dense,compiler,1,0.00049625
MICRO 16,0,eq,false,dense,native,1,0.000513593
MICRO 16,0,eq,false,quarter,native,1,9.7917e-5
MICRO 16,0,eq,false,half,native,1,9.7922e-5
MICRO 16,0,eq,false,full,native,1,0.000146823
MICRO 16,0,eq,false,half,compiler,1,0.000147198
MICRO 16,0,eq,false,full,compiler,1,9.832e-5
MICRO 16,0,eq,false,full,compiler,2,9.796e-5
MICRO 16,0,eq,false,half,compiler,2,0.000146867
MICRO 16,0,eq,false,full,native,2,0.000146748
MICRO 16,0,eq,false,half,native,2,9.7977e-5
MICRO 16,0,eq,false,quarter,native,2,9.7915e-5
MICRO 16,0,eq,false,dense,native,2,0.000513595
MICRO 16,0,eq,false,dense,compiler,2,0.00045871
MICRO 16,0,eq,false,sparse,native,2,8.5679e-5
MICRO 16,0,eq,false,sparse,native,3,0.000107402
MICRO 16,0,eq,false,dense,compiler,3,0.000467896
MICRO 16,0,eq,false,dense,native,3,0.000513833
MICRO 16,0,eq,false,quarter,native,3,9.7854e-5
MICRO 16,0,eq,false,half,native,3,9.8044e-5
MICRO 16,0,eq,false,full,native,3,0.000147026
MICRO 16,0,eq,false,half,compiler,3,0.000146746
MICRO 16,0,eq,false,full,compiler,3,9.7994e-5
MICRO 16,0,le,false,sparse,native,1,4.9015e-5
MICRO 16,0,le,false,dense,compiler,1,0.000575853
MICRO 16,0,le,false,dense,native,1,0.000415878
MICRO 16,0,le,false,quarter,native,1,9.8105e-5
MICRO 16,0,le,false,half,native,1,9.7977e-5
MICRO 16,0,le,false,full,native,1,0.000147247
MICRO 16,0,le,false,half,compiler,1,0.000168611
MICRO 16,0,le,false,full,compiler,1,0.000146943
MICRO 16,0,le,false,full,compiler,2,0.000146758
MICRO 16,0,le,false,half,compiler,2,0.000146772
MICRO 16,0,le,false,full,native,2,0.000146961
MICRO 16,0,le,false,half,native,2,9.7862e-5
MICRO 16,0,le,false,quarter,native,2,9.7977e-5
MICRO 16,0,le,false,dense,native,2,0.000415922
MICRO 16,0,le,false,dense,compiler,2,0.000577047
MICRO 16,0,le,false,sparse,native,2,4.901e-5
MICRO 16,0,le,false,sparse,native,3,4.9038e-5
MICRO 16,0,le,false,dense,compiler,3,0.000576221
MICRO 16,0,le,false,dense,native,3,0.000416033
MICRO 16,0,le,false,quarter,native,3,9.8044e-5
MICRO 16,0,le,false,half,native,3,9.79e-5
MICRO 16,0,le,false,full,native,3,0.000188563
MICRO 16,0,le,false,half,compiler,3,0.000151364
MICRO 16,0,le,false,full,compiler,3,0.000146972
MICRO 16,0,update,false,sparse,native,1,0.000146866
MICRO 16,0,update,false,dense,compiler,1,0.000611946
MICRO 16,0,update,false,dense,native,1,0.000562815
MICRO 16,0,update,false,quarter,native,1,0.000269973
MICRO 16,0,update,false,half,native,1,0.000244942
MICRO 16,0,update,false,full,native,1,0.000244631
MICRO 16,0,update,false,half,compiler,1,0.000269165
MICRO 16,0,update,false,full,compiler,1,0.000244622
MICRO 16,0,update,false,full,compiler,2,0.000249484
MICRO 16,0,update,false,half,compiler,2,0.000269328
MICRO 16,0,update,false,full,native,2,0.000244615
MICRO 16,0,update,false,half,native,2,0.000244765
MICRO 16,0,update,false,quarter,native,2,0.000269373
MICRO 16,0,update,false,dense,native,2,0.000804064
MICRO 16,0,update,false,dense,compiler,2,0.001259515
MICRO 16,0,update,false,sparse,native,2,0.000328932
MICRO 16,0,update,false,sparse,native,3,0.000327863
MICRO 16,0,update,false,dense,compiler,3,0.001242285
MICRO 16,0,update,false,dense,native,3,0.001131922
MICRO 16,0,update,false,quarter,native,3,0.000589359
MICRO 16,0,update,false,half,native,3,0.000498364
MICRO 16,0,update,false,full,native,3,0.000475585
MICRO 16,0,update,false,half,compiler,3,0.000513705
MICRO 16,0,update,false,full,compiler,3,0.000471269
MICRO 16,0,update,true,sparse,native,1,0.000330343
MICRO 16,0,update,true,dense,compiler,1,0.001262227
MICRO 16,0,update,true,dense,native,1,0.001156071
MICRO 16,0,update,true,quarter,native,1,0.000582598
MICRO 16,0,update,true,half,native,1,0.000468881
MICRO 16,0,update,true,full,native,1,0.000484831
MICRO 16,0,update,true,half,compiler,1,0.000483135
MICRO 16,0,update,true,full,compiler,1,0.000390473
MICRO 16,0,update,true,full,compiler,2,0.000257378
MICRO 16,0,update,true,half,compiler,2,0.000268986
MICRO 16,0,update,true,full,native,2,0.000244645
MICRO 16,0,update,true,half,native,2,0.000244568
MICRO 16,0,update,true,quarter,native,2,0.000269031
MICRO 16,0,update,true,dense,native,2,0.000562473
MICRO 16,0,update,true,dense,compiler,2,0.000651009
MICRO 16,0,update,true,sparse,native,2,0.000160027
MICRO 16,0,update,true,sparse,native,3,0.000146823
MICRO 16,0,update,true,dense,compiler,3,0.000613254
MICRO 16,0,update,true,dense,native,3,0.000562593
MICRO 16,0,update,true,quarter,native,3,0.000269314
MICRO 16,0,update,true,half,native,3,0.000245179
MICRO 16,0,update,true,full,native,3,0.000244841
MICRO 16,0,update,true,half,compiler,3,0.000269106
MICRO 16,0,update,true,full,compiler,3,0.000281761
MICRO 16,1,eq,false,sparse,native,1,0.000134659
MICRO 16,1,eq,false,dense,compiler,1,0.000458192
MICRO 16,1,eq,false,dense,native,1,0.000513622
MICRO 16,1,eq,false,quarter,native,1,0.000160542
MICRO 16,1,eq,false,half,native,1,0.000160519
MICRO 16,1,eq,false,full,native,1,0.000195624
MICRO 16,1,eq,false,half,compiler,1,0.000220315
MICRO 16,1,eq,false,full,compiler,1,0.000195791
MICRO 16,1,eq,false,full,compiler,2,0.00019569
MICRO 16,1,eq,false,half,compiler,2,0.000220082
MICRO 16,1,eq,false,full,native,2,0.000195778
MICRO 16,1,eq,false,half,native,2,0.000160462
MICRO 16,1,eq,false,quarter,native,2,0.000201298
MICRO 16,1,eq,false,dense,native,2,0.000513763
MICRO 16,1,eq,false,dense,compiler,2,0.000458995
MICRO 16,1,eq,false,sparse,native,2,0.000134509
MICRO 16,1,eq,false,sparse,native,3,0.000134903
MICRO 16,1,eq,false,dense,compiler,3,0.000459034
MICRO 16,1,eq,false,dense,native,3,0.000513951
MICRO 16,1,eq,false,quarter,native,3,0.000160537
MICRO 16,1,eq,false,half,native,3,0.000160675
MICRO 16,1,eq,false,full,native,3,0.000195744
MICRO 16,1,eq,false,half,compiler,3,0.000220266
MICRO 16,1,eq,false,full,compiler,3,0.000200491
MICRO 16,1,le,false,sparse,native,1,0.000117122
MICRO 16,1,le,false,dense,compiler,1,0.000575874
MICRO 16,1,le,false,dense,native,1,0.000416088
MICRO 16,1,le,false,quarter,native,1,0.000172445
MICRO 16,1,le,false,half,native,1,0.00017207
MICRO 16,1,le,false,full,native,1,0.000195752
MICRO 16,1,le,false,half,compiler,1,0.000244868
MICRO 16,1,le,false,full,compiler,1,0.000195938
MICRO 16,1,le,false,full,compiler,2,0.000195764
MICRO 16,1,le,false,half,compiler,2,0.000244708
MICRO 16,1,le,false,full,native,2,0.000195746
MICRO 16,1,le,false,half,native,2,0.000172673
MICRO 16,1,le,false,quarter,native,2,0.000176898
MICRO 16,1,le,false,dense,native,2,0.000415986
MICRO 16,1,le,false,dense,compiler,2,0.000576608
MICRO 16,1,le,false,sparse,native,2,0.000117045
MICRO 16,1,le,false,sparse,native,3,0.000117278
MICRO 16,1,le,false,dense,compiler,3,0.00057706
MICRO 16,1,le,false,dense,native,3,0.000418313
MICRO 16,1,le,false,quarter,native,3,0.000257614
MICRO 16,1,le,false,half,native,3,0.000336546
MICRO 16,1,le,false,full,native,3,0.000417323
MICRO 16,1,le,false,half,compiler,3,0.000485443
MICRO 16,1,le,false,full,compiler,3,0.000430128
MICRO 16,1,update,false,sparse,native,1,0.000506635
MICRO 16,1,update,false,dense,compiler,1,0.001222941
MICRO 16,1,update,false,dense,native,1,0.001177149
MICRO 16,1,update,false,quarter,native,1,0.000914938
MICRO 16,1,update,false,half,native,1,0.000795997
MICRO 16,1,update,false,full,native,1,0.000857508
MICRO 16,1,update,false,half,compiler,1,0.000744481
MICRO 16,1,update,false,full,compiler,1,0.00032702
MICRO 16,1,update,false,full,compiler,2,0.000326411
MICRO 16,1,update,false,half,compiler,2,0.000427401
MICRO 16,1,update,false,full,native,2,0.000426798
MICRO 16,1,update,false,half,native,2,0.000452783
MICRO 16,1,update,false,quarter,native,2,0.000464179
MICRO 16,1,update,false,dense,native,2,0.000602203
MICRO 16,1,update,false,dense,compiler,2,0.000638689
MICRO 16,1,update,false,sparse,native,2,0.000321448
MICRO 16,1,update,false,sparse,native,3,0.000269114
MICRO 16,1,update,false,dense,compiler,3,0.000697193
MICRO 16,1,update,false,dense,native,3,0.00059924
MICRO 16,1,update,false,quarter,native,3,0.000415822
MICRO 16,1,update,false,half,native,3,0.000440282
MICRO 16,1,update,false,full,native,3,0.000415972
MICRO 16,1,update,false,half,compiler,3,0.000417519
MICRO 16,1,update,false,full,compiler,3,0.000318151
MICRO 16,1,update,true,sparse,native,1,0.000392866
MICRO 16,1,update,true,dense,compiler,1,0.001291627
MICRO 16,1,update,true,dense,native,1,0.001116409
MICRO 16,1,update,true,quarter,native,1,0.000513672
MICRO 16,1,update,true,half,native,1,0.00051375
MICRO 16,1,update,true,full,native,1,0.000489382
MICRO 16,1,update,true,half,compiler,1,0.000493645
MICRO 16,1,update,true,full,compiler,1,0.000342551
MICRO 16,1,update,true,full,compiler,2,0.000342398
MICRO 16,1,update,true,half,compiler,2,0.00048925
MICRO 16,1,update,true,full,native,2,0.000489237
MICRO 16,1,update,true,half,native,2,0.000514755
MICRO 16,1,update,true,quarter,native,2,0.000514067
MICRO 16,1,update,true,dense,native,2,0.001196502
MICRO 16,1,update,true,dense,compiler,2,0.001282004
MICRO 16,1,update,true,sparse,native,2,0.00039156
MICRO 16,1,update,true,sparse,native,3,0.000391633
MICRO 16,1,update,true,dense,compiler,3,0.001321706
MICRO 16,1,update,true,dense,native,3,0.001586348
MICRO 16,1,update,true,quarter,native,3,0.001058876
MICRO 16,1,update,true,half,native,3,0.001087437
MICRO 16,1,update,true,full,native,3,0.001025915
MICRO 16,1,update,true,half,compiler,3,0.00100189
MICRO 16,1,update,true,full,compiler,3,0.000690318
MICRO 16,4,eq,false,sparse,native,1,0.000467102
MICRO 16,4,eq,false,dense,compiler,1,0.000834373
MICRO 16,4,eq,false,dense,native,1,0.000871795
MICRO 16,4,eq,false,quarter,native,1,0.001019145
MICRO 16,4,eq,false,half,native,1,0.000587231
MICRO 16,4,eq,false,full,native,1,0.000364309
MICRO 16,4,eq,false,half,compiler,1,0.000382939
MICRO 16,4,eq,false,full,compiler,1,0.000352171
MICRO 16,4,eq,false,full,compiler,2,0.000375522
MICRO 16,4,eq,false,half,compiler,2,0.000409571
MICRO 16,4,eq,false,full,native,2,0.000329844
MICRO 16,4,eq,false,half,native,2,0.000402443
MICRO 16,4,eq,false,quarter,native,2,0.000489063
MICRO 16,4,eq,false,dense,native,2,0.000513666
MICRO 16,4,eq,false,dense,compiler,2,0.000458668
MICRO 16,4,eq,false,sparse,native,2,0.000363643
MICRO 16,4,eq,false,sparse,native,3,0.0003329
MICRO 16,4,eq,false,dense,compiler,3,0.00045912
MICRO 16,4,eq,false,dense,native,3,0.000515655
MICRO 16,4,eq,false,quarter,native,3,0.000489306
MICRO 16,4,eq,false,half,native,3,0.000350684
MICRO 16,4,eq,false,full,native,3,0.000330101
MICRO 16,4,eq,false,half,compiler,3,0.000391986
MICRO 16,4,eq,false,full,compiler,3,0.00037256
MICRO 16,4,le,false,sparse,native,1,0.000331123
MICRO 16,4,le,false,dense,compiler,1,0.000575867
MICRO 16,4,le,false,dense,native,1,0.000415907
MICRO 16,4,le,false,quarter,native,1,0.000460772
MICRO 16,4,le,false,half,native,1,0.000404313
MICRO 16,4,le,false,full,native,1,0.000391341
MICRO 16,4,le,false,half,compiler,1,0.000416909
MICRO 16,4,le,false,full,compiler,1,0.000426533
MICRO 16,4,le,false,full,compiler,2,0.000391489
MICRO 16,4,le,false,half,compiler,2,0.000417142
MICRO 16,4,le,false,full,native,2,0.000391535
MICRO 16,4,le,false,half,native,2,0.000404726
MICRO 16,4,le,false,quarter,native,2,0.000464013
MICRO 16,4,le,false,dense,native,2,0.00041586
MICRO 16,4,le,false,dense,compiler,2,0.000618814
MICRO 16,4,le,false,sparse,native,2,0.000331061
MICRO 16,4,le,false,sparse,native,3,0.000331082
MICRO 16,4,le,false,dense,compiler,3,0.000575965
MICRO 16,4,le,false,dense,native,3,0.000415736
MICRO 16,4,le,false,quarter,native,3,0.000562245
MICRO 16,4,le,false,half,native,3,0.000417169
MICRO 16,4,le,false,full,native,3,0.000391762
MICRO 16,4,le,false,half,compiler,3,0.000442955
MICRO 16,4,le,false,full,compiler,3,0.000404558
MICRO 16,4,update,false,sparse,native,1,0.000416046
MICRO 16,4,update,false,dense,compiler,1,0.000611662
MICRO 16,4,update,false,dense,native,1,0.00059112
MICRO 16,4,update,false,quarter,native,1,0.000929208
MICRO 16,4,update,false,half,native,1,0.001088165
MICRO 16,4,update,false,full,native,1,0.001255309
MICRO 16,4,update,false,half,compiler,1,0.001170519
MICRO 16,4,update,false,full,compiler,1,0.000514855
MICRO 16,4,update,false,full,compiler,2,0.000464585
MICRO 16,4,update,false,half,compiler,2,0.000635762
MICRO 16,4,update,false,full,native,2,0.000746562
MICRO 16,4,update,false,half,native,2,0.001173204
MICRO 16,4,update,false,quarter,native,2,0.000943454
MICRO 16,4,update,false,dense,native,2,0.001129909
MICRO 16,4,update,false,dense,compiler,2,0.000831018
MICRO 16,4,update,false,sparse,native,2,0.000440312
MICRO 16,4,update,false,sparse,native,3,0.000415748
MICRO 16,4,update,false,dense,compiler,3,0.000635746
MICRO 16,4,update,false,dense,native,3,0.000562818
MICRO 16,4,update,false,quarter,native,3,0.000565695
MICRO 16,4,update,false,half,native,3,0.000698731
MICRO 16,4,update,false,full,native,3,0.000635899
MICRO 16,4,update,false,half,compiler,3,0.000637507
MICRO 16,4,update,false,full,compiler,3,0.000492863
MICRO 16,4,update,true,sparse,native,1,0.000832132
MICRO 16,4,update,true,dense,compiler,1,0.001317875
MICRO 16,4,update,true,dense,native,1,0.000912763
MICRO 16,4,update,true,quarter,native,1,0.00082229
MICRO 16,4,update,true,half,native,1,0.000957068
MICRO 16,4,update,true,full,native,1,0.000929492
MICRO 16,4,update,true,half,compiler,1,0.00093023
MICRO 16,4,update,true,full,compiler,1,0.0006119
MICRO 16,4,update,true,full,compiler,2,0.000658202
MICRO 16,4,update,true,half,compiler,2,0.000929451
MICRO 16,4,update,true,full,native,2,0.000929847
MICRO 16,4,update,true,half,native,2,0.000957473
MICRO 16,4,update,true,quarter,native,2,0.000839362
MICRO 16,4,update,true,dense,native,2,0.000979286
MICRO 16,4,update,true,dense,compiler,2,0.002052775
MICRO 16,4,update,true,sparse,native,2,0.001652538
MICRO 16,4,update,true,sparse,native,3,0.001647423
MICRO 16,4,update,true,dense,compiler,3,0.001926997
MICRO 16,4,update,true,dense,native,3,0.00159477
MICRO 16,4,update,true,quarter,native,3,0.001315108
MICRO 16,4,update,true,half,native,3,0.001012161
MICRO 16,4,update,true,full,native,3,0.000929171
MICRO 16,4,update,true,half,compiler,3,0.00103743
MICRO 16,4,update,true,full,compiler,3,0.000642165
MICRO 16,8,eq,false,sparse,native,1,0.000615147
MICRO 16,8,eq,false,dense,compiler,1,0.000460359
MICRO 16,8,eq,false,dense,native,1,0.000515002
MICRO 16,8,eq,false,quarter,native,1,0.000491048
MICRO 16,8,eq,false,half,native,1,0.000424154
MICRO 16,8,eq,false,full,native,1,0.000618082
MICRO 16,8,eq,false,half,compiler,1,0.000494093
MICRO 16,8,eq,false,full,compiler,1,0.0006253
MICRO 16,8,eq,false,full,compiler,2,0.000625754
MICRO 16,8,eq,false,half,compiler,2,0.000489678
MICRO 16,8,eq,false,full,native,2,0.000617467
MICRO 16,8,eq,false,half,native,2,0.000424265
MICRO 16,8,eq,false,quarter,native,2,0.00049508
MICRO 16,8,eq,false,dense,native,2,0.000513603
MICRO 16,8,eq,false,dense,compiler,2,0.000458956
MICRO 16,8,eq,false,sparse,native,2,0.000592907
MICRO 16,8,eq,false,sparse,native,3,0.000594818
MICRO 16,8,eq,false,dense,compiler,3,0.000458753
MICRO 16,8,eq,false,dense,native,3,0.000513677
MICRO 16,8,eq,false,quarter,native,3,0.000493356
MICRO 16,8,eq,false,half,native,3,0.000423832
MICRO 16,8,eq,false,full,native,3,0.000617107
MICRO 16,8,eq,false,half,compiler,3,0.000489567
MICRO 16,8,eq,false,full,compiler,3,0.000626326
MICRO 16,8,le,false,sparse,native,1,0.00061014
MICRO 16,8,le,false,dense,compiler,1,0.000576191
MICRO 16,8,le,false,dense,native,1,0.000415973
MICRO 16,8,le,false,quarter,native,1,0.000464804
MICRO 16,8,le,false,half,native,1,0.000459486
MICRO 16,8,le,false,full,native,1,0.000697858
MICRO 16,8,le,false,half,compiler,1,0.001083054
MICRO 16,8,le,false,full,compiler,1,0.001169212
MICRO 16,8,le,false,full,compiler,2,0.001165796
MICRO 16,8,le,false,half,compiler,2,0.00113343
MICRO 16,8,le,false,full,native,2,0.001171869
MICRO 16,8,le,false,half,native,2,0.000901168
MICRO 16,8,le,false,quarter,native,2,0.000901912
MICRO 16,8,le,false,dense,native,2,0.000835107
MICRO 16,8,le,false,dense,compiler,2,0.001043162
MICRO 16,8,le,false,sparse,native,2,0.001007989
MICRO 16,8,le,false,sparse,native,3,0.000988568
MICRO 16,8,le,false,dense,compiler,3,0.001046709
MICRO 16,8,le,false,dense,native,3,0.00041576
MICRO 16,8,le,false,quarter,native,3,0.000440224
MICRO 16,8,le,false,half,native,3,0.00050565
MICRO 16,8,le,false,full,native,3,0.000696774
MICRO 16,8,le,false,half,compiler,3,0.00060526
MICRO 16,8,le,false,full,compiler,3,0.000702269
MICRO 16,8,update,false,sparse,native,1,0.000611523
MICRO 16,8,update,false,dense,compiler,1,0.000618191
MICRO 16,8,update,false,dense,native,1,0.000562579
MICRO 16,8,update,false,quarter,native,1,0.000538348
MICRO 16,8,update,false,half,native,1,0.000513833
MICRO 16,8,update,false,full,native,1,0.000929777
MICRO 16,8,update,false,half,compiler,1,0.00069154
MICRO 16,8,update,false,full,compiler,1,0.000660488
MICRO 16,8,update,false,full,compiler,2,0.000709682
MICRO 16,8,update,false,half,compiler,2,0.00068596
MICRO 16,8,update,false,full,native,2,0.00093388
MICRO 16,8,update,false,half,native,2,0.000514794
MICRO 16,8,update,false,quarter,native,2,0.000538462
MICRO 16,8,update,false,dense,native,2,0.000562497
MICRO 16,8,update,false,dense,compiler,2,0.000612348
MICRO 16,8,update,false,sparse,native,2,0.000611608
MICRO 16,8,update,false,sparse,native,3,0.000646292
MICRO 16,8,update,false,dense,compiler,3,0.000611953
MICRO 16,8,update,false,dense,native,3,0.000562832
MICRO 16,8,update,false,quarter,native,3,0.000513836
MICRO 16,8,update,false,half,native,3,0.000538358
MICRO 16,8,update,false,full,native,3,0.001292731
MICRO 16,8,update,false,half,compiler,3,0.001271951
MICRO 16,8,update,false,full,compiler,3,0.001327232
MICRO 16,8,update,true,sparse,native,1,0.002796272
MICRO 16,8,update,true,dense,compiler,1,0.001936717
MICRO 16,8,update,true,dense,native,1,0.001749949
MICRO 16,8,update,true,quarter,native,1,0.001527449
MICRO 16,8,update,true,half,native,1,0.001467153
MICRO 16,8,update,true,full,native,1,0.001604358
MICRO 16,8,update,true,half,compiler,1,0.001275687
MICRO 16,8,update,true,full,compiler,1,0.000967261
MICRO 16,8,update,true,full,compiler,2,0.000929763
MICRO 16,8,update,true,half,compiler,2,0.001275226
MICRO 16,8,update,true,full,native,2,0.001521117
MICRO 16,8,update,true,half,native,2,0.000764755
MICRO 16,8,update,true,quarter,native,2,0.000783336
MICRO 16,8,update,true,dense,native,2,0.000856676
MICRO 16,8,update,true,dense,compiler,2,0.001286238
MICRO 16,8,update,true,sparse,native,2,0.001419046
MICRO 16,8,update,true,sparse,native,3,0.00145742
MICRO 16,8,update,true,dense,compiler,3,0.001282911
MICRO 16,8,update,true,dense,native,3,0.001017375
MICRO 16,8,update,true,quarter,native,3,0.000812131
MICRO 16,8,update,true,half,native,3,0.000816251
MICRO 16,8,update,true,full,native,3,0.001557446
MICRO 16,8,update,true,half,compiler,3,0.001330792
MICRO 16,8,update,true,full,compiler,3,0.000995429
MICRO 16,16,eq,false,sparse,native,1,0.001204962
MICRO 16,16,eq,false,dense,compiler,1,0.000493637
MICRO 16,16,eq,false,dense,native,1,0.000527686
MICRO 16,16,eq,false,quarter,native,1,0.000502101
MICRO 16,16,eq,false,half,native,1,0.000435672
MICRO 16,16,eq,false,full,native,1,0.00045227
MICRO 16,16,eq,false,half,compiler,1,0.000511815
MICRO 16,16,eq,false,full,compiler,1,0.000512728
MICRO 16,16,eq,false,full,compiler,2,0.000488253
MICRO 16,16,eq,false,half,compiler,2,0.000523021
MICRO 16,16,eq,false,full,native,2,0.00044036
MICRO 16,16,eq,false,half,native,2,0.000473184
MICRO 16,16,eq,false,quarter,native,2,0.000489335
MICRO 16,16,eq,false,dense,native,2,0.000548877
MICRO 16,16,eq,false,dense,compiler,2,0.000458369
MICRO 16,16,eq,false,sparse,native,2,0.001108475
MICRO 16,16,eq,false,sparse,native,3,0.001064091
MICRO 16,16,eq,false,dense,compiler,3,0.000481203
MICRO 16,16,eq,false,dense,native,3,0.000514556
MICRO 16,16,eq,false,quarter,native,3,0.000489529
MICRO 16,16,eq,false,half,native,3,0.00042416
MICRO 16,16,eq,false,full,native,3,0.000440407
MICRO 16,16,eq,false,half,compiler,3,0.000489493
MICRO 16,16,eq,false,full,compiler,3,0.000488397
MICRO 16,16,le,false,sparse,native,1,0.001162314
MICRO 16,16,le,false,dense,compiler,1,0.000576314
MICRO 16,16,le,false,dense,native,1,0.000416032
MICRO 16,16,le,false,quarter,native,1,0.000464975
MICRO 16,16,le,false,half,native,1,0.000465063
MICRO 16,16,le,false,full,native,1,0.00049315
MICRO 16,16,le,false,half,compiler,1,0.000603813
MICRO 16,16,le,false,full,compiler,1,0.00066077
MICRO 16,16,le,false,full,compiler,2,0.000660475
MICRO 16,16,le,false,half,compiler,2,0.000604228
MICRO 16,16,le,false,full,native,2,0.000489495
MICRO 16,16,le,false,half,native,2,0.000468417
MICRO 16,16,le,false,quarter,native,2,0.000465017
MICRO 16,16,le,false,dense,native,2,0.000416043
MICRO 16,16,le,false,dense,compiler,2,0.00057629
MICRO 16,16,le,false,sparse,native,2,0.00112965
MICRO 16,16,le,false,sparse,native,3,0.001754762
MICRO 16,16,le,false,dense,compiler,3,0.001048856
MICRO 16,16,le,false,dense,native,3,0.000833114
MICRO 16,16,le,false,quarter,native,3,0.000910717
MICRO 16,16,le,false,half,native,3,0.000909428
MICRO 16,16,le,false,full,native,3,0.000948541
MICRO 16,16,le,false,half,compiler,3,0.001155836
MICRO 16,16,le,false,full,compiler,3,0.000945773
MICRO 16,16,update,false,sparse,native,1,0.00102982
MICRO 16,16,update,false,dense,compiler,1,0.000644559
MICRO 16,16,update,false,dense,native,1,0.000593922
MICRO 16,16,update,false,quarter,native,1,0.000551864
MICRO 16,16,update,false,half,native,1,0.000526974
MICRO 16,16,update,false,full,native,1,0.000596384
MICRO 16,16,update,false,half,compiler,1,0.000728649
MICRO 16,16,update,false,full,compiler,1,0.00069707
MICRO 16,16,update,false,full,compiler,2,0.000660309
MICRO 16,16,update,false,half,compiler,2,0.000685803
MICRO 16,16,update,false,full,native,2,0.000589154
MICRO 16,16,update,false,half,native,2,0.000539291
MICRO 16,16,update,false,quarter,native,2,0.000555344
MICRO 16,16,update,false,dense,native,2,0.000563054
MICRO 16,16,update,false,dense,compiler,2,0.000611958
MICRO 16,16,update,false,sparse,native,2,0.001003024
MICRO 16,16,update,false,sparse,native,3,0.00104201
MICRO 16,16,update,false,dense,compiler,3,0.000612064
MICRO 16,16,update,false,dense,native,3,0.00056297
MICRO 16,16,update,false,quarter,native,3,0.000514237
MICRO 16,16,update,false,half,native,3,0.000514022
MICRO 16,16,update,false,full,native,3,0.000563313
MICRO 16,16,update,false,half,compiler,3,0.00072579
MICRO 16,16,update,false,full,compiler,3,0.00066107
MICRO 16,16,update,true,sparse,native,1,0.002597408
MICRO 16,16,update,true,dense,compiler,1,0.001282801
MICRO 16,16,update,true,dense,native,1,0.000856843
MICRO 16,16,update,true,quarter,native,1,0.000830863
MICRO 16,16,update,true,half,native,1,0.000955601
MICRO 16,16,update,true,full,native,1,0.001595266
MICRO 16,16,update,true,half,compiler,1,0.002075181
MICRO 16,16,update,true,full,compiler,1,0.002471942
MICRO 16,16,update,true,full,compiler,2,0.002413989
MICRO 16,16,update,true,half,compiler,2,0.002062934
MICRO 16,16,update,true,full,native,2,0.001673377
MICRO 16,16,update,true,half,native,2,0.000915197
MICRO 16,16,update,true,quarter,native,2,0.00078263
MICRO 16,16,update,true,dense,native,2,0.00085726
MICRO 16,16,update,true,dense,compiler,2,0.001322992
MICRO 16,16,update,true,sparse,native,2,0.002633853
MICRO 16,16,update,true,sparse,native,3,0.002594247
MICRO 16,16,update,true,dense,compiler,3,0.001324839
MICRO 16,16,update,true,dense,native,3,0.000856267
MICRO 16,16,update,true,quarter,native,3,0.000783169
MICRO 16,16,update,true,half,native,3,0.0007693
MICRO 16,16,update,true,full,native,3,0.000783226
MICRO 16,16,update,true,half,compiler,3,0.001275094
MICRO 16,16,update,true,full,compiler,3,0.001530174
MICRO 32,0,eq,false,sparse,native,1,0.000163945
MICRO 32,0,eq,false,dense,compiler,1,0.00090627
MICRO 32,0,eq,false,dense,native,1,0.000929708
MICRO 32,0,eq,false,quarter,native,1,0.000100544
MICRO 32,0,eq,false,half,native,1,0.000100511
MICRO 32,0,eq,false,full,native,1,0.00015115
MICRO 32,0,eq,false,half,compiler,1,0.000150673
MICRO 32,0,eq,false,full,compiler,1,0.000100615
MICRO 32,0,eq,false,full,compiler,2,0.000100537
MICRO 32,0,eq,false,half,compiler,2,0.000152192
MICRO 32,0,eq,false,full,native,2,0.000166297
MICRO 32,0,eq,false,half,native,2,9.7986e-5
MICRO 32,0,eq,false,quarter,native,2,9.7937e-5
MICRO 32,0,eq,false,dense,native,2,0.00090535
MICRO 32,0,eq,false,dense,compiler,2,0.000785982
MICRO 32,0,eq,false,sparse,native,2,8.5912e-5
MICRO 32,0,eq,false,sparse,native,3,0.000181744
MICRO 32,0,eq,false,dense,compiler,3,0.00127143
MICRO 32,0,eq,false,dense,native,3,0.001661761
MICRO 32,0,eq,false,quarter,native,3,0.000195893
MICRO 32,0,eq,false,half,native,3,0.00018452
MICRO 32,0,eq,false,full,native,3,0.000309951
MICRO 32,0,eq,false,half,compiler,3,0.000150496
MICRO 32,0,eq,false,full,compiler,3,0.000100354
MICRO 32,0,le,false,sparse,native,1,4.8957e-5
MICRO 32,0,le,false,dense,compiler,1,0.000970299
MICRO 32,0,le,false,dense,native,1,0.000684896
MICRO 32,0,le,false,quarter,native,1,0.000115136
MICRO 32,0,le,false,half,native,1,9.785e-5
MICRO 32,0,le,false,full,native,1,0.000200253
MICRO 32,0,le,false,half,compiler,1,0.000146788
MICRO 32,0,le,false,full,compiler,1,0.000146777
MICRO 32,0,le,false,full,compiler,2,0.000146751
MICRO 32,0,le,false,half,compiler,2,0.000186412
MICRO 32,0,le,false,full,native,2,0.000146815
MICRO 32,0,le,false,half,native,2,9.7868e-5
MICRO 32,0,le,false,quarter,native,2,9.793e-5
MICRO 32,0,le,false,dense,native,2,0.000684648
MICRO 32,0,le,false,dense,compiler,2,0.000939281
MICRO 32,0,le,false,sparse,native,2,4.9192e-5
MICRO 32,0,le,false,sparse,native,3,4.9124e-5
MICRO 32,0,le,false,dense,compiler,3,0.000939387
MICRO 32,0,le,false,dense,native,3,0.000727289
MICRO 32,0,le,false,quarter,native,3,9.7929e-5
MICRO 32,0,le,false,half,native,3,9.7865e-5
MICRO 32,0,le,false,full,native,3,0.0001468
MICRO 32,0,le,false,half,compiler,3,0.00014685
MICRO 32,0,le,false,full,compiler,3,0.000146898
MICRO 32,0,update,false,sparse,native,1,0.000146748
MICRO 32,0,update,false,dense,compiler,1,0.000964712
MICRO 32,0,update,false,dense,native,1,0.000866867
MICRO 32,0,update,false,quarter,native,1,0.000269116
MICRO 32,0,update,false,half,native,1,0.000244743
MICRO 32,0,update,false,full,native,1,0.000244551
MICRO 32,0,update,false,half,compiler,1,0.000269087
MICRO 32,0,update,false,full,compiler,1,0.000244601
MICRO 32,0,update,false,full,compiler,2,0.000244531
MICRO 32,0,update,false,half,compiler,2,0.000269133
MICRO 32,0,update,false,full,native,2,0.000244598
MICRO 32,0,update,false,half,native,2,0.000244912
MICRO 32,0,update,false,quarter,native,2,0.000269177
MICRO 32,0,update,false,dense,native,2,0.000865978
MICRO 32,0,update,false,dense,compiler,2,0.000965508
MICRO 32,0,update,false,sparse,native,2,0.00014681
MICRO 32,0,update,false,sparse,native,3,0.000146744
MICRO 32,0,update,false,dense,compiler,3,0.000965255
MICRO 32,0,update,false,dense,native,3,0.000871385
MICRO 32,0,update,false,quarter,native,3,0.000268999
MICRO 32,0,update,false,half,native,3,0.000244556
MICRO 32,0,update,false,full,native,3,0.000244593
MICRO 32,0,update,false,half,compiler,3,0.000269151
MICRO 32,0,update,false,full,compiler,3,0.000244844
MICRO 32,0,update,true,sparse,native,1,0.000146863
MICRO 32,0,update,true,dense,compiler,1,0.00096311
MICRO 32,0,update,true,dense,native,1,0.000867535
MICRO 32,0,update,true,quarter,native,1,0.00032888
MICRO 32,0,update,true,half,native,1,0.000422596
MICRO 32,0,update,true,full,native,1,0.000471893
MICRO 32,0,update,true,half,compiler,1,0.00052186
MICRO 32,0,update,true,full,compiler,1,0.000373321
MICRO 32,0,update,true,full,compiler,2,0.000251146
MICRO 32,0,update,true,half,compiler,2,0.000276087
MICRO 32,0,update,true,full,native,2,0.000251111
MICRO 32,0,update,true,half,native,2,0.000302826
MICRO 32,0,update,true,quarter,native,2,0.00027923
MICRO 32,0,update,true,dense,native,2,0.000879072
MICRO 32,0,update,true,dense,compiler,2,0.001009686
MICRO 32,0,update,true,sparse,native,2,0.000150562
MICRO 32,0,update,true,sparse,native,3,0.000150582
MICRO 32,0,update,true,dense,compiler,3,0.001029854
MICRO 32,0,update,true,dense,native,3,0.001622596
MICRO 32,0,update,true,quarter,native,3,0.000276528
MICRO 32,0,update,true,half,native,3,0.000251147
MICRO 32,0,update,true,full,native,3,0.000251057
MICRO 32,0,update,true,half,compiler,3,0.000276726
MICRO 32,0,update,true,full,compiler,3,0.000261538
MICRO 32,1,eq,false,sparse,native,1,0.000138306
MICRO 32,1,eq,false,dense,compiler,1,0.000790633
MICRO 32,1,eq,false,dense,native,1,0.000927939
MICRO 32,1,eq,false,quarter,native,1,0.000165002
MICRO 32,1,eq,false,half,native,1,0.000185189
MICRO 32,1,eq,false,full,native,1,0.000195943
MICRO 32,1,eq,false,half,compiler,1,0.000220143
MICRO 32,1,eq,false,full,compiler,1,0.000229658
MICRO 32,1,eq,false,full,compiler,2,0.000208221
MICRO 32,1,eq,false,half,compiler,2,0.000220124
MICRO 32,1,eq,false,full,native,2,0.000195952
MICRO 32,1,eq,false,half,native,2,0.000160431
MICRO 32,1,eq,false,quarter,native,2,0.000160537
MICRO 32,1,eq,false,dense,native,2,0.000905292
MICRO 32,1,eq,false,dense,compiler,2,0.00076286
MICRO 32,1,eq,false,sparse,native,2,0.000134976
MICRO 32,1,eq,false,sparse,native,3,0.000134621
MICRO 32,1,eq,false,dense,compiler,3,0.000771539
MICRO 32,1,eq,false,dense,native,3,0.000905742
MICRO 32,1,eq,false,quarter,native,3,0.00016081
MICRO 32,1,eq,false,half,native,3,0.000161604
MICRO 32,1,eq,false,full,native,3,0.000195706
MICRO 32,1,eq,false,half,compiler,3,0.000220583
MICRO 32,1,eq,false,full,compiler,3,0.000195752
MICRO 32,1,le,false,sparse,native,1,0.000117137
MICRO 32,1,le,false,dense,compiler,1,0.00095067
MICRO 32,1,le,false,dense,native,1,0.000684976
MICRO 32,1,le,false,quarter,native,1,0.000171903
MICRO 32,1,le,false,half,native,1,0.000171957
MICRO 32,1,le,false,full,native,1,0.000195663
MICRO 32,1,le,false,half,compiler,1,0.000244545
MICRO 32,1,le,false,full,compiler,1,0.00019569
MICRO 32,1,le,false,full,compiler,2,0.000195755
MICRO 32,1,le,false,half,compiler,2,0.000244648
MICRO 32,1,le,false,full,native,2,0.000195698
MICRO 32,1,le,false,half,native,2,0.000172128
MICRO 32,1,le,false,quarter,native,2,0.000172376
MICRO 32,1,le,false,dense,native,2,0.000696032
MICRO 32,1,le,false,dense,compiler,2,0.000938348
MICRO 32,1,le,false,sparse,native,2,0.000117389
MICRO 32,1,le,false,sparse,native,3,0.000117046
MICRO 32,1,le,false,dense,compiler,3,0.000938294
MICRO 32,1,le,false,dense,native,3,0.000695325
MICRO 32,1,le,false,quarter,native,3,0.000172405
MICRO 32,1,le,false,half,native,3,0.000172179
MICRO 32,1,le,false,full,native,3,0.000195659
MICRO 32,1,le,false,half,compiler,3,0.000244549
MICRO 32,1,le,false,full,compiler,3,0.00019587
MICRO 32,1,update,false,sparse,native,1,0.000268987
MICRO 32,1,update,false,dense,compiler,1,0.00096501
MICRO 32,1,update,false,dense,native,1,0.000856309
MICRO 32,1,update,false,quarter,native,1,0.000429429
MICRO 32,1,update,false,half,native,1,0.000415812
MICRO 32,1,update,false,full,native,1,0.000416127
MICRO 32,1,update,false,half,compiler,1,0.000679641
MICRO 32,1,update,false,full,compiler,1,0.000590413
MICRO 32,1,update,false,full,compiler,2,0.000548553
MICRO 32,1,update,false,half,compiler,2,0.000719439
MICRO 32,1,update,false,full,native,2,0.000827043
MICRO 32,1,update,false,half,native,2,0.000938344
MICRO 32,1,update,false,quarter,native,2,0.000490104
MICRO 32,1,update,false,dense,native,2,0.000910348
MICRO 32,1,update,false,dense,compiler,2,0.00100014
MICRO 32,1,update,false,sparse,native,2,0.000431024
MICRO 32,1,update,false,sparse,native,3,0.00051872
MICRO 32,1,update,false,dense,compiler,3,0.002110757
MICRO 32,1,update,false,dense,native,3,0.001707363
MICRO 32,1,update,false,quarter,native,3,0.00094765
MICRO 32,1,update,false,half,native,3,0.000712484
MICRO 32,1,update,false,full,native,3,0.000507772
MICRO 32,1,update,false,half,compiler,3,0.000416028
MICRO 32,1,update,false,full,compiler,3,0.000317999
MICRO 32,1,update,true,sparse,native,1,0.000391294
MICRO 32,1,update,true,dense,compiler,1,0.001825027
MICRO 32,1,update,true,dense,native,1,0.00149838
MICRO 32,1,update,true,quarter,native,1,0.000554372
MICRO 32,1,update,true,half,native,1,0.000513696
MICRO 32,1,update,true,full,native,1,0.000489222
MICRO 32,1,update,true,half,compiler,1,0.000489032
MICRO 32,1,update,true,full,compiler,1,0.000342444
MICRO 32,1,update,true,full,compiler,2,0.000342621
MICRO 32,1,update,true,half,compiler,2,0.00048949
MICRO 32,1,update,true,full,native,2,0.00052852
MICRO 32,1,update,true,half,native,2,0.000513448
MICRO 32,1,update,true,quarter,native,2,0.000513576
MICRO 32,1,update,true,dense,native,2,0.001554337
MICRO 32,1,update,true,dense,compiler,2,0.001789347
MICRO 32,1,update,true,sparse,native,2,0.000391346
MICRO 32,1,update,true,sparse,native,3,0.000391249
MICRO 32,1,update,true,dense,compiler,3,0.001795165
MICRO 32,1,update,true,dense,native,3,0.001550771
MICRO 32,1,update,true,quarter,native,3,0.000513898
MICRO 32,1,update,true,half,native,3,0.000558641
MICRO 32,1,update,true,full,native,3,0.000502221
MICRO 32,1,update,true,half,compiler,3,0.000812296
MICRO 32,1,update,true,full,compiler,3,0.000684046
MICRO 32,4,eq,false,sparse,native,1,0.000590755
MICRO 32,4,eq,false,dense,compiler,1,0.0013675
MICRO 32,4,eq,false,dense,native,1,0.001727393
MICRO 32,4,eq,false,quarter,native,1,0.00060652
MICRO 32,4,eq,false,half,native,1,0.000498341
MICRO 32,4,eq,false,full,native,1,0.000641253
MICRO 32,4,eq,false,half,compiler,1,0.000763745
MICRO 32,4,eq,false,full,compiler,1,0.000658868
MICRO 32,4,eq,false,full,compiler,2,0.000669654
MICRO 32,4,eq,false,half,compiler,2,0.000765308
MICRO 32,4,eq,false,full,native,2,0.000666706
MICRO 32,4,eq,false,half,native,2,0.000598145
MICRO 32,4,eq,false,quarter,native,2,0.000623216
MICRO 32,4,eq,false,dense,native,2,0.00117953
MICRO 32,4,eq,false,dense,compiler,2,0.000773444
MICRO 32,4,eq,false,sparse,native,2,0.000318555
MICRO 32,4,eq,false,sparse,native,3,0.000318276
MICRO 32,4,eq,false,dense,compiler,3,0.00080469
MICRO 32,4,eq,false,dense,native,3,0.000906723
MICRO 32,4,eq,false,quarter,native,3,0.000350508
MICRO 32,4,eq,false,half,native,3,0.0003503
MICRO 32,4,eq,false,full,native,3,0.000330365
MICRO 32,4,eq,false,half,compiler,3,0.000391666
MICRO 32,4,eq,false,full,compiler,3,0.000336794
MICRO 32,4,le,false,sparse,native,1,0.000369777
MICRO 32,4,le,false,dense,compiler,1,0.000937881
MICRO 32,4,le,false,dense,native,1,0.000685274
MICRO 32,4,le,false,quarter,native,1,0.000404401
MICRO 32,4,le,false,half,native,1,0.000404966
MICRO 32,4,le,false,full,native,1,0.000391622
MICRO 32,4,le,false,half,compiler,1,0.00042622
MICRO 32,4,le,false,full,compiler,1,0.000391345
MICRO 32,4,le,false,full,compiler,2,0.000391532
MICRO 32,4,le,false,half,compiler,2,0.000417224
MICRO 32,4,le,false,full,native,2,0.000391675
MICRO 32,4,le,false,half,native,2,0.00040509
MICRO 32,4,le,false,quarter,native,2,0.000404216
MICRO 32,4,le,false,dense,native,2,0.000684976
MICRO 32,4,le,false,dense,compiler,2,0.000942637
MICRO 32,4,le,false,sparse,native,2,0.000331137
MICRO 32,4,le,false,sparse,native,3,0.00033107
MICRO 32,4,le,false,dense,compiler,3,0.000939688
MICRO 32,4,le,false,dense,native,3,0.000685166
MICRO 32,4,le,false,quarter,native,3,0.000408638
MICRO 32,4,le,false,half,native,3,0.000404564
MICRO 32,4,le,false,full,native,3,0.000536631
MICRO 32,4,le,false,half,compiler,3,0.000744268
MICRO 32,4,le,false,full,compiler,3,0.000596984
MICRO 32,4,update,false,sparse,native,1,0.000800092
MICRO 32,4,update,false,dense,compiler,1,0.001659414
MICRO 32,4,update,false,dense,native,1,0.000857059
MICRO 32,4,update,false,quarter,native,1,0.000663967
MICRO 32,4,update,false,half,native,1,0.000805811
MICRO 32,4,update,false,full,native,1,0.001287984
MICRO 32,4,update,false,half,compiler,1,0.001289645
MICRO 32,4,update,false,full,compiler,1,0.000906581
MICRO 32,4,update,false,full,compiler,2,0.000960233
MICRO 32,4,update,false,half,compiler,2,0.00128964
MICRO 32,4,update,false,full,native,2,0.000699146
MICRO 32,4,update,false,half,native,2,0.000660154
MICRO 32,4,update,false,quarter,native,2,0.000660268
MICRO 32,4,update,false,dense,native,2,0.000861419
MICRO 32,4,update,false,dense,compiler,2,0.001003552
MICRO 32,4,update,false,sparse,native,2,0.000416464
MICRO 32,4,update,false,sparse,native,3,0.00041604
MICRO 32,4,update,false,dense,compiler,3,0.000965906
MICRO 32,4,update,false,dense,native,3,0.000860968
MICRO 32,4,update,false,quarter,native,3,0.00064509
MICRO 32,4,update,false,half,native,3,0.000660565
MICRO 32,4,update,false,full,native,3,0.000636042
MICRO 32,4,update,false,half,compiler,3,0.000636325
MICRO 32,4,update,false,full,compiler,3,0.00046936
MICRO 32,4,update,true,sparse,native,1,0.000831903
MICRO 32,4,update,true,dense,compiler,1,0.001811704
MICRO 32,4,update,true,dense,native,1,0.001847101
MICRO 32,4,update,true,quarter,native,1,0.000954196
MICRO 32,4,update,true,half,native,1,0.000950011
MICRO 32,4,update,true,full,native,1,0.000933208
MICRO 32,4,update,true,half,compiler,1,0.001062507
MICRO 32,4,update,true,full,compiler,1,0.001142554
MICRO 32,4,update,true,full,compiler,2,0.00119188
MICRO 32,4,update,true,half,compiler,2,0.001839175
MICRO 32,4,update,true,full,native,2,0.001876257
MICRO 32,4,update,true,half,native,2,0.001939222
MICRO 32,4,update,true,quarter,native,2,0.001918686
MICRO 32,4,update,true,dense,native,2,0.003096004
MICRO 32,4,update,true,dense,compiler,2,0.001844926
MICRO 32,4,update,true,sparse,native,2,0.000833538
MICRO 32,4,update,true,sparse,native,3,0.000833933
MICRO 32,4,update,true,dense,compiler,3,0.001816748
MICRO 32,4,update,true,dense,native,3,0.001954337
MICRO 32,4,update,true,quarter,native,3,0.000989238
MICRO 32,4,update,true,half,native,3,0.000954052
MICRO 32,4,update,true,full,native,3,0.000930285
MICRO 32,4,update,true,half,compiler,3,0.000929729
MICRO 32,4,update,true,full,compiler,3,0.000598183
MICRO 32,8,eq,false,sparse,native,1,0.000594178
MICRO 32,8,eq,false,dense,compiler,1,0.000760887
MICRO 32,8,eq,false,dense,native,1,0.000905315
MICRO 32,8,eq,false,quarter,native,1,0.000836824
MICRO 32,8,eq,false,half,native,1,0.000776587
MICRO 32,8,eq,false,full,native,1,0.001031402
MICRO 32,8,eq,false,half,compiler,1,0.001146831
MICRO 32,8,eq,false,full,compiler,1,0.001055925
MICRO 32,8,eq,false,full,compiler,2,0.001059303
MICRO 32,8,eq,false,half,compiler,2,0.001216383
MICRO 32,8,eq,false,full,native,2,0.001081363
MICRO 32,8,eq,false,half,native,2,0.000993019
MICRO 32,8,eq,false,quarter,native,2,0.001812682
MICRO 32,8,eq,false,dense,native,2,0.001720712
MICRO 32,8,eq,false,dense,compiler,2,0.001171401
MICRO 32,8,eq,false,sparse,native,2,0.000607134
MICRO 32,8,eq,false,sparse,native,3,0.000593659
MICRO 32,8,eq,false,dense,compiler,3,0.000776183
MICRO 32,8,eq,false,dense,native,3,0.000945448
MICRO 32,8,eq,false,quarter,native,3,0.000832191
MICRO 32,8,eq,false,half,native,3,0.000641086
MICRO 32,8,eq,false,full,native,3,0.000617223
MICRO 32,8,eq,false,half,compiler,3,0.000640809
MICRO 32,8,eq,false,full,compiler,3,0.000633461
MICRO 32,8,le,false,sparse,native,1,0.000605764
MICRO 32,8,le,false,dense,compiler,1,0.000937875
MICRO 32,8,le,false,dense,native,1,0.000685557
MICRO 32,8,le,false,quarter,native,1,0.00071695
MICRO 32,8,le,false,half,native,1,0.000727491
MICRO 32,8,le,false,full,native,1,0.000696782
MICRO 32,8,le,false,half,compiler,1,0.00072782
MICRO 32,8,le,false,full,compiler,1,0.000700901
MICRO 32,8,le,false,full,compiler,2,0.000704823
MICRO 32,8,le,false,half,compiler,2,0.000727249
MICRO 32,8,le,false,full,native,2,0.00069671
MICRO 32,8,le,false,half,native,2,0.000727959
MICRO 32,8,le,false,quarter,native,2,0.00071417
MICRO 32,8,le,false,dense,native,2,0.000684814
MICRO 32,8,le,false,dense,compiler,2,0.000938345
MICRO 32,8,le,false,sparse,native,2,0.001001767
MICRO 32,8,le,false,sparse,native,3,0.001001347
MICRO 32,8,le,false,dense,compiler,3,0.000962566
MICRO 32,8,le,false,dense,native,3,0.000702828
MICRO 32,8,le,false,quarter,native,3,0.000735909
MICRO 32,8,le,false,half,native,3,0.000849686
MICRO 32,8,le,false,full,native,3,0.000697338
MICRO 32,8,le,false,half,compiler,3,0.000817737
MICRO 32,8,le,false,full,compiler,3,0.001154736
MICRO 32,8,update,false,sparse,native,1,0.00118836
MICRO 32,8,update,false,dense,compiler,1,0.00198534
MICRO 32,8,update,false,dense,native,1,0.001702427
MICRO 32,8,update,false,quarter,native,1,0.000714319
MICRO 32,8,update,false,half,native,1,0.000990658
MICRO 32,8,update,false,full,native,1,0.000931644
MICRO 32,8,update,false,half,compiler,1,0.000931463
MICRO 32,8,update,false,full,compiler,1,0.000660775
MICRO 32,8,update,false,full,compiler,2,0.000716617
MICRO 32,8,update,false,half,compiler,2,0.000929726
MICRO 32,8,update,false,full,native,2,0.000929798
MICRO 32,8,update,false,half,native,2,0.000944831
MICRO 32,8,update,false,quarter,native,2,0.000724994
MICRO 32,8,update,false,dense,native,2,0.000856373
MICRO 32,8,update,false,dense,compiler,2,0.000965548
MICRO 32,8,update,false,sparse,native,2,0.000612024
MICRO 32,8,update,false,sparse,native,3,0.000619048
MICRO 32,8,update,false,dense,compiler,3,0.000965256
MICRO 32,8,update,false,dense,native,3,0.000856507
MICRO 32,8,update,false,quarter,native,3,0.000710861
MICRO 32,8,update,false,half,native,3,0.000957911
MICRO 32,8,update,false,full,native,3,0.000929867
MICRO 32,8,update,false,half,compiler,3,0.00092923
MICRO 32,8,update,false,full,compiler,3,0.000729823
MICRO 32,8,update,true,sparse,native,1,0.002740284
MICRO 32,8,update,true,dense,compiler,1,0.003280411
MICRO 32,8,update,true,dense,native,1,0.00280812
MICRO 32,8,update,true,quarter,native,1,0.002532864
MICRO 32,8,update,true,half,native,1,0.002235564
MICRO 32,8,update,true,full,native,1,0.001518227
MICRO 32,8,update,true,half,compiler,1,0.001539837
MICRO 32,8,update,true,full,compiler,1,0.000935428
MICRO 32,8,update,true,full,compiler,2,0.000930043
MICRO 32,8,update,true,half,compiler,2,0.001521951
MICRO 32,8,update,true,full,native,2,0.001517178
MICRO 32,8,update,true,half,native,2,0.001533947
MICRO 32,8,update,true,quarter,native,2,0.001361537
MICRO 32,8,update,true,dense,native,2,0.001596368
MICRO 32,8,update,true,dense,compiler,2,0.001789249
MICRO 32,8,update,true,sparse,native,2,0.001529616
MICRO 32,8,update,true,sparse,native,3,0.00194154
MICRO 32,8,update,true,dense,compiler,3,0.002246415
MICRO 32,8,update,true,dense,native,3,0.001700399
MICRO 32,8,update,true,quarter,native,3,0.001447859
MICRO 32,8,update,true,half,native,3,0.002909028
MICRO 32,8,update,true,full,native,3,0.002952054
MICRO 32,8,update,true,half,compiler,3,0.001887378
MICRO 32,8,update,true,full,compiler,3,0.000929513
MICRO 32,16,eq,false,sparse,native,1,0.00111139
MICRO 32,16,eq,false,dense,compiler,1,0.00076231
MICRO 32,16,eq,false,dense,native,1,0.000905695
MICRO 32,16,eq,false,quarter,native,1,0.00083216
MICRO 32,16,eq,false,half,native,1,0.000689437
MICRO 32,16,eq,false,full,native,1,0.001122818
MICRO 32,16,eq,false,half,compiler,1,0.00079153
MICRO 32,16,eq,false,full,compiler,1,0.001130425
MICRO 32,16,eq,false,full,compiler,2,0.00112523
MICRO 32,16,eq,false,half,compiler,2,0.000795376
MICRO 32,16,eq,false,full,native,2,0.001128034
MICRO 32,16,eq,false,half,native,2,0.000688777
MICRO 32,16,eq,false,quarter,native,2,0.000832509
MICRO 32,16,eq,false,dense,native,2,0.000905539
MICRO 32,16,eq,false,dense,compiler,2,0.000838626
MICRO 32,16,eq,false,sparse,native,2,0.001788959
MICRO 32,16,eq,false,sparse,native,3,0.00175424
MICRO 32,16,eq,false,dense,compiler,3,0.001372613
MICRO 32,16,eq,false,dense,native,3,0.001525463
MICRO 32,16,eq,false,quarter,native,3,0.001784998
MICRO 32,16,eq,false,half,native,3,0.00129622
MICRO 32,16,eq,false,full,native,3,0.001823944
MICRO 32,16,eq,false,half,compiler,3,0.001353935
MICRO 32,16,eq,false,full,compiler,3,0.001133666
MICRO 32,16,le,false,sparse,native,1,0.001129396
MICRO 32,16,le,false,dense,compiler,1,0.000940483
MICRO 32,16,le,false,dense,native,1,0.000699386
MICRO 32,16,le,false,quarter,native,1,0.000709469
MICRO 32,16,le,false,half,native,1,0.000709831
MICRO 32,16,le,false,full,native,1,0.001264506
MICRO 32,16,le,false,half,compiler,1,0.000967696
MICRO 32,16,le,false,full,compiler,1,0.001264918
MICRO 32,16,le,false,full,compiler,2,0.001268933
MICRO 32,16,le,false,half,compiler,2,0.000963502
MICRO 32,16,le,false,full,native,2,0.001264862
MICRO 32,16,le,false,half,native,2,0.000709844
MICRO 32,16,le,false,quarter,native,2,0.000713088
MICRO 32,16,le,false,dense,native,2,0.000684913
MICRO 32,16,le,false,dense,compiler,2,0.000938139
MICRO 32,16,le,false,sparse,native,2,0.001132536
MICRO 32,16,le,false,sparse,native,3,0.00124504
MICRO 32,16,le,false,dense,compiler,3,0.001693514
MICRO 32,16,le,false,dense,native,3,0.0013355
MICRO 32,16,le,false,quarter,native,3,0.001378313
MICRO 32,16,le,false,half,native,3,0.001411093
MICRO 32,16,le,false,full,native,3,0.002008031
MICRO 32,16,le,false,half,compiler,3,0.00100403
MICRO 32,16,le,false,full,compiler,3,0.001324272
MICRO 32,16,update,false,sparse,native,1,0.001029056
MICRO 32,16,update,false,dense,compiler,1,0.001111703
MICRO 32,16,update,false,dense,native,1,0.000855933
MICRO 32,16,update,false,quarter,native,1,0.00071302
MICRO 32,16,update,false,half,native,1,0.000710092
MICRO 32,16,update,false,full,native,1,0.001570829
MICRO 32,16,update,false,half,compiler,1,0.001027889
MICRO 32,16,update,false,full,compiler,1,0.001164248
MICRO 32,16,update,false,full,compiler,2,0.001125485
MICRO 32,16,update,false,half,compiler,2,0.001027498
MICRO 32,16,update,false,full,native,2,0.001557932
MICRO 32,16,update,false,half,native,2,0.000712574
MICRO 32,16,update,false,quarter,native,2,0.000714532
MICRO 32,16,update,false,dense,native,2,0.000856543
MICRO 32,16,update,false,dense,compiler,2,0.000999875
MICRO 32,16,update,false,sparse,native,2,0.001003465
MICRO 32,16,update,false,sparse,native,3,0.001003071
MICRO 32,16,update,false,dense,compiler,3,0.001076828
MICRO 32,16,update,false,dense,native,3,0.00175918
MICRO 32,16,update,false,quarter,native,3,0.001424425
MICRO 32,16,update,false,half,native,3,0.001394111
MICRO 32,16,update,false,full,native,3,0.003043953
MICRO 32,16,update,false,half,compiler,3,0.001155859
MICRO 32,16,update,false,full,compiler,3,0.001135205
MICRO 32,16,update,true,sparse,native,1,0.002699137
MICRO 32,16,update,true,dense,compiler,1,0.001816718
MICRO 32,16,update,true,dense,native,1,0.001490421
MICRO 32,16,update,true,quarter,native,1,0.001264997
MICRO 32,16,update,true,half,native,1,0.001220499
MICRO 32,16,update,true,full,native,1,0.003118356
MICRO 32,16,update,true,half,compiler,1,0.001802348
MICRO 32,16,update,true,full,compiler,1,0.001718082
MICRO 32,16,update,true,full,compiler,2,0.001725411
MICRO 32,16,update,true,half,compiler,2,0.001795009
MICRO 32,16,update,true,full,native,2,0.004426199
MICRO 32,16,update,true,half,native,2,0.002316523
MICRO 32,16,update,true,quarter,native,2,0.002078653
MICRO 32,16,update,true,dense,native,2,0.001953944
MICRO 32,16,update,true,dense,compiler,2,0.001887391
MICRO 32,16,update,true,sparse,native,2,0.002708434
MICRO 32,16,update,true,sparse,native,3,0.002633279
MICRO 32,16,update,true,dense,compiler,3,0.001787485
MICRO 32,16,update,true,dense,native,3,0.001482393
MICRO 32,16,update,true,quarter,native,3,0.001220781
MICRO 32,16,update,true,half,native,3,0.00125491
MICRO 32,16,update,true,full,native,3,0.003173061
MICRO 32,16,update,true,half,compiler,3,0.001827072
MICRO 32,16,update,true,full,compiler,3,0.001722332
MICRO 32,32,eq,false,sparse,native,1,0.001979921
MICRO 32,32,eq,false,dense,compiler,1,0.00083955
MICRO 32,32,eq,false,dense,native,1,0.000904953
MICRO 32,32,eq,false,quarter,native,1,0.00135076
MICRO 32,32,eq,false,half,native,1,0.001350838
MICRO 32,32,eq,false,full,native,1,0.001365315
MICRO 32,32,eq,false,half,compiler,1,0.001446328
MICRO 32,32,eq,false,full,compiler,1,0.001420604
MICRO 32,32,eq,false,full,compiler,2,0.001459359
MICRO 32,32,eq,false,half,compiler,2,0.001431504
MICRO 32,32,eq,false,full,native,2,0.00140559
MICRO 32,32,eq,false,half,native,2,0.001337687
MICRO 32,32,eq,false,quarter,native,2,0.001184286
MICRO 32,32,eq,false,dense,native,2,0.000904699
MICRO 32,32,eq,false,dense,compiler,2,0.000796786
MICRO 32,32,eq,false,sparse,native,2,0.001987006
MICRO 32,32,eq,false,sparse,native,3,0.002016484
MICRO 32,32,eq,false,dense,compiler,3,0.000760844
MICRO 32,32,eq,false,dense,native,3,0.000905148
MICRO 32,32,eq,false,quarter,native,3,0.000864525
MICRO 32,32,eq,false,half,native,3,0.000685474
MICRO 32,32,eq,false,full,native,3,0.000660789
MICRO 32,32,eq,false,half,compiler,3,0.000789233
MICRO 32,32,eq,false,full,compiler,3,0.000786023
MICRO 32,32,le,false,sparse,native,1,0.002126788
MICRO 32,32,le,false,dense,compiler,1,0.000938249
MICRO 32,32,le,false,dense,native,1,0.000689087
MICRO 32,32,le,false,quarter,native,1,0.00070943
MICRO 32,32,le,false,half,native,1,0.000709324
MICRO 32,32,le,false,full,native,1,0.000684974
MICRO 32,32,le,false,half,compiler,1,0.001533502
MICRO 32,32,le,false,full,compiler,1,0.001661891
MICRO 32,32,le,false,full,compiler,2,0.001644683
MICRO 32,32,le,false,half,compiler,2,0.000995703
MICRO 32,32,le,false,full,native,2,0.000684706
MICRO 32,32,le,false,half,native,2,0.000905247
MICRO 32,32,le,false,quarter,native,2,0.001368491
MICRO 32,32,le,false,dense,native,2,0.001367347
MICRO 32,32,le,false,dense,compiler,2,0.001714045
MICRO 32,32,le,false,sparse,native,2,0.002854742
MICRO 32,32,le,false,sparse,native,3,0.002182212
MICRO 32,32,le,false,dense,compiler,3,0.000967954
MICRO 32,32,le,false,dense,native,3,0.00070291
MICRO 32,32,le,false,quarter,native,3,0.000727296
MICRO 32,32,le,false,half,native,3,0.000730766
MICRO 32,32,le,false,full,native,3,0.000717238
MICRO 32,32,le,false,half,compiler,3,0.000963675
MICRO 32,32,le,false,full,compiler,3,0.000951985
MICRO 32,32,update,false,sparse,native,1,0.002576864
MICRO 32,32,update,false,dense,compiler,1,0.001092797
MICRO 32,32,update,false,dense,native,1,0.000865048
MICRO 32,32,update,false,quarter,native,1,0.000757891
MICRO 32,32,update,false,half,native,1,0.000712312
MICRO 32,32,update,false,full,native,1,0.000710684
MICRO 32,32,update,false,half,compiler,1,0.001035896
MICRO 32,32,update,false,full,compiler,1,0.001035436
MICRO 32,32,update,false,full,compiler,2,0.001006744
MICRO 32,32,update,false,half,compiler,2,0.002010786
MICRO 32,32,update,false,full,native,2,0.001577245
MICRO 32,32,update,false,half,native,2,0.001434569
MICRO 32,32,update,false,quarter,native,2,0.001288451
MICRO 32,32,update,false,dense,native,2,0.001574156
MICRO 32,32,update,false,dense,compiler,2,0.001949282
MICRO 32,32,update,false,sparse,native,2,0.003853209
MICRO 32,32,update,false,sparse,native,3,0.0023606
MICRO 32,32,update,false,dense,compiler,3,0.000965716
MICRO 32,32,update,false,dense,native,3,0.00089163
MICRO 32,32,update,false,quarter,native,3,0.000713495
MICRO 32,32,update,false,half,native,3,0.000713008
MICRO 32,32,update,false,full,native,3,0.000709302
MICRO 32,32,update,false,half,compiler,3,0.001068371
MICRO 32,32,update,false,full,compiler,3,0.001005688
MICRO 32,32,update,true,sparse,native,1,0.00554239
MICRO 32,32,update,true,dense,compiler,1,0.001785651
MICRO 32,32,update,true,dense,native,1,0.002120007
MICRO 32,32,update,true,quarter,native,1,0.002367964
MICRO 32,32,update,true,half,native,1,0.00233301
MICRO 32,32,update,true,full,native,1,0.002333116
MICRO 32,32,update,true,half,compiler,1,0.003321403
MICRO 32,32,update,true,full,compiler,1,0.002449471
MICRO 32,32,update,true,full,compiler,2,0.001820116
MICRO 32,32,update,true,half,compiler,2,0.001839318
MICRO 32,32,update,true,full,native,2,0.00119541
MICRO 32,32,update,true,half,native,2,0.001223046
MICRO 32,32,update,true,quarter,native,2,0.001216139
MICRO 32,32,update,true,dense,native,2,0.0014445
MICRO 32,32,update,true,dense,compiler,2,0.001789971
MICRO 32,32,update,true,sparse,native,2,0.006988186
MICRO 32,32,update,true,sparse,native,3,0.008585111
MICRO 32,32,update,true,dense,compiler,3,0.001876201
MICRO 32,32,update,true,dense,native,3,0.001516753
MICRO 32,32,update,true,quarter,native,3,0.001218878
MICRO 32,32,update,true,half,native,3,0.001218793
MICRO 32,32,update,true,full,native,3,0.001233925
MICRO 32,32,update,true,half,compiler,3,0.001859133
MICRO 32,32,update,true,full,compiler,3,0.001828941
MICRO 64,0,eq,false,sparse,native,1,8.5833e-5
MICRO 64,0,eq,false,dense,compiler,1,0.001381181
MICRO 64,0,eq,false,dense,native,1,0.001775596
MICRO 64,0,eq,false,quarter,native,1,9.808e-5
MICRO 64,0,eq,false,half,native,1,9.7898e-5
MICRO 64,0,eq,false,full,native,1,0.000146966
MICRO 64,0,eq,false,half,compiler,1,0.00014685
MICRO 64,0,eq,false,full,compiler,1,9.7896e-5
MICRO 64,0,eq,false,full,compiler,2,9.8049e-5
MICRO 64,0,eq,false,half,compiler,2,0.000146767
MICRO 64,0,eq,false,full,native,2,0.000146871
MICRO 64,0,eq,false,half,native,2,0.000103043
MICRO 64,0,eq,false,quarter,native,2,0.000133453
MICRO 64,0,eq,false,dense,native,2,0.001688543
MICRO 64,0,eq,false,dense,compiler,2,0.001373362
MICRO 64,0,eq,false,sparse,native,2,8.9915e-5
MICRO 64,0,eq,false,sparse,native,3,0.000121258
MICRO 64,0,eq,false,dense,compiler,3,0.002322675
MICRO 64,0,eq,false,dense,native,3,0.003268491
MICRO 64,0,eq,false,quarter,native,3,0.000190956
MICRO 64,0,eq,false,half,native,3,0.000180608
MICRO 64,0,eq,false,full,native,3,0.000343222
MICRO 64,0,eq,false,half,compiler,3,0.000316632
MICRO 64,0,eq,false,full,compiler,3,0.000194712
MICRO 64,0,le,false,sparse,native,1,9.2932e-5
MICRO 64,0,le,false,dense,compiler,1,0.002238375
MICRO 64,0,le,false,dense,native,1,0.001273395
MICRO 64,0,le,false,quarter,native,1,0.000111194
MICRO 64,0,le,false,half,native,1,9.7923e-5
MICRO 64,0,le,false,full,native,1,0.000146839
MICRO 64,0,le,false,half,compiler,1,0.000146926
MICRO 64,0,le,false,full,compiler,1,0.000146847
MICRO 64,0,le,false,full,compiler,2,0.00014688
MICRO 64,0,le,false,half,compiler,2,0.00014693
MICRO 64,0,le,false,full,native,2,0.000147025
MICRO 64,0,le,false,half,native,2,9.8024e-5
MICRO 64,0,le,false,quarter,native,2,9.7973e-5
MICRO 64,0,le,false,dense,native,2,0.0013214
MICRO 64,0,le,false,dense,compiler,2,0.001622847
MICRO 64,0,le,false,sparse,native,2,4.903e-5
MICRO 64,0,le,false,sparse,native,3,4.8997e-5
MICRO 64,0,le,false,dense,compiler,3,0.00166236
MICRO 64,0,le,false,dense,native,3,0.00122396
MICRO 64,0,le,false,quarter,native,3,9.7856e-5
MICRO 64,0,le,false,half,native,3,9.7975e-5
MICRO 64,0,le,false,full,native,3,0.000146794
MICRO 64,0,le,false,half,compiler,3,0.000146863
MICRO 64,0,le,false,full,compiler,3,0.000146891
MICRO 64,0,update,false,sparse,native,1,0.000146828
MICRO 64,0,update,false,dense,compiler,1,0.001766338
MICRO 64,0,update,false,dense,native,1,0.001443654
MICRO 64,0,update,false,quarter,native,1,0.000269403
MICRO 64,0,update,false,half,native,1,0.00024509
MICRO 64,0,update,false,full,native,1,0.00024884
MICRO 64,0,update,false,half,compiler,1,0.000269177
MICRO 64,0,update,false,full,compiler,1,0.000244679
MICRO 64,0,update,false,full,compiler,2,0.000244665
MICRO 64,0,update,false,half,compiler,2,0.000269157
MICRO 64,0,update,false,full,native,2,0.000244645
MICRO 64,0,update,false,half,native,2,0.000244558
MICRO 64,0,update,false,quarter,native,2,0.00026914
MICRO 64,0,update,false,dense,native,2,0.001447846
MICRO 64,0,update,false,dense,compiler,2,0.00178185
MICRO 64,0,update,false,sparse,native,2,0.000146746
MICRO 64,0,update,false,sparse,native,3,0.000146795
MICRO 64,0,update,false,dense,compiler,3,0.00176229
MICRO 64,0,update,false,dense,native,3,0.002020381
MICRO 64,0,update,false,quarter,native,3,0.000542371
MICRO 64,0,update,false,half,native,3,0.000483412
MICRO 64,0,update,false,full,native,3,0.000458596
MICRO 64,0,update,false,half,compiler,3,0.000507388
MICRO 64,0,update,false,full,compiler,3,0.00045984
MICRO 64,0,update,true,sparse,native,1,0.000319979
MICRO 64,0,update,true,dense,compiler,1,0.003261054
MICRO 64,0,update,true,dense,native,1,0.003005018
MICRO 64,0,update,true,quarter,native,1,0.000569491
MICRO 64,0,update,true,half,native,1,0.000479531
MICRO 64,0,update,true,full,native,1,0.000479531
MICRO 64,0,update,true,half,compiler,1,0.000531411
MICRO 64,0,update,true,full,compiler,1,0.000465089
MICRO 64,0,update,true,full,compiler,2,0.000244577
MICRO 64,0,update,true,half,compiler,2,0.000269045
MICRO 64,0,update,true,full,native,2,0.000244597
MICRO 64,0,update,true,half,native,2,0.000244638
MICRO 64,0,update,true,quarter,native,2,0.000269075
MICRO 64,0,update,true,dense,native,2,0.001507803
MICRO 64,0,update,true,dense,compiler,2,0.001765454
MICRO 64,0,update,true,sparse,native,2,0.00014705
MICRO 64,0,update,true,sparse,native,3,0.000146976
MICRO 64,0,update,true,dense,compiler,3,0.001804362
MICRO 64,0,update,true,dense,native,3,0.001443193
MICRO 64,0,update,true,quarter,native,3,0.00027465
MICRO 64,0,update,true,half,native,3,0.000257608
MICRO 64,0,update,true,full,native,3,0.00027716
MICRO 64,0,update,true,half,compiler,3,0.00026902
MICRO 64,0,update,true,full,compiler,3,0.000244672
MICRO 64,1,eq,false,sparse,native,1,0.000134738
MICRO 64,1,eq,false,dense,compiler,1,0.001371772
MICRO 64,1,eq,false,dense,native,1,0.001722797
MICRO 64,1,eq,false,quarter,native,1,0.00016061
MICRO 64,1,eq,false,half,native,1,0.000160452
MICRO 64,1,eq,false,full,native,1,0.000195698
MICRO 64,1,eq,false,half,compiler,1,0.000221379
MICRO 64,1,eq,false,full,compiler,1,0.00026598
MICRO 64,1,eq,false,full,compiler,2,0.000239865
MICRO 64,1,eq,false,half,compiler,2,0.000237871
MICRO 64,1,eq,false,full,native,2,0.000224424
MICRO 64,1,eq,false,half,native,2,0.000160619
MICRO 64,1,eq,false,quarter,native,2,0.00016071
MICRO 64,1,eq,false,dense,native,2,0.001690152
MICRO 64,1,eq,false,dense,compiler,2,0.001641865
MICRO 64,1,eq,false,sparse,native,2,0.000292965
MICRO 64,1,eq,false,sparse,native,3,0.000242232
MICRO 64,1,eq,false,dense,compiler,3,0.002363525
MICRO 64,1,eq,false,dense,native,3,0.003266373
MICRO 64,1,eq,false,quarter,native,3,0.0003029
MICRO 64,1,eq,false,half,native,3,0.000301874
MICRO 64,1,eq,false,full,native,3,0.000343699
MICRO 64,1,eq,false,half,compiler,3,0.000436235
MICRO 64,1,eq,false,full,compiler,3,0.000423718
MICRO 64,1,le,false,sparse,native,1,0.000225898
MICRO 64,1,le,false,dense,compiler,1,0.003065675
MICRO 64,1,le,false,dense,native,1,0.001429597
MICRO 64,1,le,false,quarter,native,1,0.000171961
MICRO 64,1,le,false,half,native,1,0.000171936
MICRO 64,1,le,false,full,native,1,0.000195726
MICRO 64,1,le,false,half,compiler,1,0.000244633
MICRO 64,1,le,false,full,compiler,1,0.000195823
MICRO 64,1,le,false,full,compiler,2,0.000195754
MICRO 64,1,le,false,half,compiler,2,0.000244639
MICRO 64,1,le,false,full,native,2,0.000196393
MICRO 64,1,le,false,half,native,2,0.000173355
MICRO 64,1,le,false,quarter,native,2,0.000172507
MICRO 64,1,le,false,dense,native,2,0.001271026
MICRO 64,1,le,false,dense,compiler,2,0.001624233
MICRO 64,1,le,false,sparse,native,2,0.000117143
MICRO 64,1,le,false,sparse,native,3,0.00011702
MICRO 64,1,le,false,dense,compiler,3,0.001660192
MICRO 64,1,le,false,dense,native,3,0.001231162
MICRO 64,1,le,false,quarter,native,3,0.000172156
MICRO 64,1,le,false,half,native,3,0.000172454
MICRO 64,1,le,false,full,native,3,0.000195749
MICRO 64,1,le,false,half,compiler,3,0.000244804
MICRO 64,1,le,false,full,compiler,3,0.000195912
MICRO 64,1,update,false,sparse,native,1,0.000275452
MICRO 64,1,update,false,dense,compiler,1,0.00175684
MICRO 64,1,update,false,dense,native,1,0.001525763
MICRO 64,1,update,false,quarter,native,1,0.000440221
MICRO 64,1,update,false,half,native,1,0.000440284
MICRO 64,1,update,false,full,native,1,0.000415863
MICRO 64,1,update,false,half,compiler,1,0.000415988
MICRO 64,1,update,false,full,compiler,1,0.000318504
MICRO 64,1,update,false,full,compiler,2,0.000317872
MICRO 64,1,update,false,half,compiler,2,0.000815368
MICRO 64,1,update,false,full,native,2,0.000823357
MICRO 64,1,update,false,half,native,2,0.000946975
MICRO 64,1,update,false,quarter,native,2,0.000933654
MICRO 64,1,update,false,dense,native,2,0.003006283
MICRO 64,1,update,false,dense,compiler,2,0.002492022
MICRO 64,1,update,false,sparse,native,2,0.000269106
MICRO 64,1,update,false,sparse,native,3,0.000268984
MICRO 64,1,update,false,dense,compiler,3,0.001859486
MICRO 64,1,update,false,dense,native,3,0.001622021
MICRO 64,1,update,false,quarter,native,3,0.000440284
MICRO 64,1,update,false,half,native,3,0.000448844
MICRO 64,1,update,false,full,native,3,0.000415707
MICRO 64,1,update,false,half,compiler,3,0.000416426
MICRO 64,1,update,false,full,compiler,3,0.000319391
MICRO 64,1,update,true,sparse,native,1,0.000392624
MICRO 64,1,update,true,dense,compiler,1,0.003266232
MICRO 64,1,update,true,dense,native,1,0.002342303
MICRO 64,1,update,true,quarter,native,1,0.000513722
MICRO 64,1,update,true,half,native,1,0.000514269
MICRO 64,1,update,true,full,native,1,0.00048921
MICRO 64,1,update,true,half,compiler,1,0.000489325
MICRO 64,1,update,true,full,compiler,1,0.000342502
MICRO 64,1,update,true,full,compiler,2,0.000359885
MICRO 64,1,update,true,half,compiler,2,0.000489249
MICRO 64,1,update,true,full,native,2,0.000489094
MICRO 64,1,update,true,half,native,2,0.000513666
MICRO 64,1,update,true,quarter,native,2,0.000513794
MICRO 64,1,update,true,dense,native,2,0.002341912
MICRO 64,1,update,true,dense,compiler,2,0.004300817
MICRO 64,1,update,true,sparse,native,2,0.000803978
MICRO 64,1,update,true,sparse,native,3,0.000822978
MICRO 64,1,update,true,dense,compiler,3,0.005594071
MICRO 64,1,update,true,dense,native,3,0.00376261
MICRO 64,1,update,true,quarter,native,3,0.000513524
MICRO 64,1,update,true,half,native,3,0.000513525
MICRO 64,1,update,true,full,native,3,0.000489168
MICRO 64,1,update,true,half,compiler,3,0.000489633
MICRO 64,1,update,true,full,compiler,3,0.000343538
MICRO 64,4,eq,false,sparse,native,1,0.000358959
MICRO 64,4,eq,false,dense,compiler,1,0.001373822
MICRO 64,4,eq,false,dense,native,1,0.001709801
MICRO 64,4,eq,false,quarter,native,1,0.00036315
MICRO 64,4,eq,false,half,native,1,0.000350604
MICRO 64,4,eq,false,full,native,1,0.000330195
MICRO 64,4,eq,false,half,compiler,1,0.000367055
MICRO 64,4,eq,false,full,compiler,1,0.000336691
MICRO 64,4,eq,false,full,compiler,2,0.000336851
MICRO 64,4,eq,false,half,compiler,2,0.000391589
MICRO 64,4,eq,false,full,native,2,0.000330521
MICRO 64,4,eq,false,half,native,2,0.000350633
MICRO 64,4,eq,false,quarter,native,2,0.000386812
MICRO 64,4,eq,false,dense,native,2,0.0016883
MICRO 64,4,eq,false,dense,compiler,2,0.001376638
MICRO 64,4,eq,false,sparse,native,2,0.000322221
MICRO 64,4,eq,false,sparse,native,3,0.000318503
MICRO 64,4,eq,false,dense,compiler,3,0.001374052
MICRO 64,4,eq,false,dense,native,3,0.002679965
MICRO 64,4,eq,false,quarter,native,3,0.000584507
MICRO 64,4,eq,false,half,native,3,0.000593974
MICRO 64,4,eq,false,full,native,3,0.000541847
MICRO 64,4,eq,false,half,compiler,3,0.000404974
MICRO 64,4,eq,false,full,compiler,3,0.000336286
MICRO 64,4,le,false,sparse,native,1,0.00036754
MICRO 64,4,le,false,dense,compiler,1,0.002104835
MICRO 64,4,le,false,dense,native,1,0.002394354
MICRO 64,4,le,false,quarter,native,1,0.000668114
MICRO 64,4,le,false,half,native,1,0.000718125
MICRO 64,4,le,false,full,native,1,0.000688598
MICRO 64,4,le,false,half,compiler,1,0.000687847
MICRO 64,4,le,false,full,compiler,1,0.00054972
MICRO 64,4,le,false,full,compiler,2,0.000379232
MICRO 64,4,le,false,half,compiler,2,0.00045244
MICRO 64,4,le,false,full,native,2,0.00039126
MICRO 64,4,le,false,half,native,2,0.000404125
MICRO 64,4,le,false,quarter,native,2,0.000404528
MICRO 64,4,le,false,dense,native,2,0.001237312
MICRO 64,4,le,false,dense,compiler,2,0.001658689
MICRO 64,4,le,false,sparse,native,2,0.000330989
MICRO 64,4,le,false,sparse,native,3,0.000331285
MICRO 64,4,le,false,dense,compiler,3,0.001623861
MICRO 64,4,le,false,dense,native,3,0.001235235
MICRO 64,4,le,false,quarter,native,3,0.000404296
MICRO 64,4,le,false,half,native,3,0.000404782
MICRO 64,4,le,false,full,native,3,0.000391496
MICRO 64,4,le,false,half,compiler,3,0.000417049
MICRO 64,4,le,false,full,compiler,3,0.000391678
MICRO 64,4,update,false,sparse,native,1,0.000415924
MICRO 64,4,update,false,dense,compiler,1,0.001752686
MICRO 64,4,update,false,dense,native,1,0.00148571
MICRO 64,4,update,false,quarter,native,1,0.0006362
MICRO 64,4,update,false,half,native,1,0.000660611
MICRO 64,4,update,false,full,native,1,0.000635983
MICRO 64,4,update,false,half,compiler,1,0.000635919
MICRO 64,4,update,false,full,compiler,1,0.000488005
MICRO 64,4,update,false,full,compiler,2,0.000628942
MICRO 64,4,update,false,half,compiler,2,0.001245074
MICRO 64,4,update,false,full,native,2,0.001279302
MICRO 64,4,update,false,half,native,2,0.001375157
MICRO 64,4,update,false,quarter,native,2,0.001375981
MICRO 64,4,update,false,dense,native,2,0.002697693
MICRO 64,4,update,false,dense,compiler,2,0.003529884
MICRO 64,4,update,false,sparse,native,2,0.000802295
MICRO 64,4,update,false,sparse,native,3,0.000617121
MICRO 64,4,update,false,dense,compiler,3,0.001757545
MICRO 64,4,update,false,dense,native,3,0.00148316
MICRO 64,4,update,false,quarter,native,3,0.000823733
MICRO 64,4,update,false,half,native,3,0.000660809
MICRO 64,4,update,false,full,native,3,0.000635939
MICRO 64,4,update,false,half,compiler,3,0.000675597
MICRO 64,4,update,false,full,compiler,3,0.000464679
MICRO 64,4,update,true,sparse,native,1,0.000831691
MICRO 64,4,update,true,dense,compiler,1,0.003346787
MICRO 64,4,update,true,dense,native,1,0.003912992
MICRO 64,4,update,true,quarter,native,1,0.000954522
MICRO 64,4,update,true,half,native,1,0.000986354
MICRO 64,4,update,true,full,native,1,0.000929869
MICRO 64,4,update,true,half,compiler,1,0.001676829
MICRO 64,4,update,true,full,compiler,1,0.001183319
MICRO 64,4,update,true,full,compiler,2,0.001162325
MICRO 64,4,update,true,half,compiler,2,0.001899565
MICRO 64,4,update,true,full,native,2,0.00172348
MICRO 64,4,update,true,half,native,2,0.001999444
MICRO 64,4,update,true,quarter,native,2,0.001941904
MICRO 64,4,update,true,dense,native,2,0.004367575
MICRO 64,4,update,true,dense,compiler,2,0.003296881
MICRO 64,4,update,true,sparse,native,2,0.000831757
MICRO 64,4,update,true,sparse,native,3,0.000831601
MICRO 64,4,update,true,dense,compiler,3,0.003266421
MICRO 64,4,update,true,dense,native,3,0.003873546
MICRO 64,4,update,true,quarter,native,3,0.000954217
MICRO 64,4,update,true,half,native,3,0.000954034
MICRO 64,4,update,true,full,native,3,0.001421988
MICRO 64,4,update,true,half,compiler,3,0.001822802
MICRO 64,4,update,true,full,compiler,3,0.001245484
MICRO 64,8,eq,false,sparse,native,1,0.000966097
MICRO 64,8,eq,false,dense,compiler,1,0.002297539
MICRO 64,8,eq,false,dense,native,1,0.003244072
MICRO 64,8,eq,false,quarter,native,1,0.001026372
MICRO 64,8,eq,false,half,native,1,0.000829065
MICRO 64,8,eq,false,full,native,1,0.000653437
MICRO 64,8,eq,false,half,compiler,1,0.000639367
MICRO 64,8,eq,false,full,compiler,1,0.000626763
MICRO 64,8,eq,false,full,compiler,2,0.000655469
MICRO 64,8,eq,false,half,compiler,2,0.000641876
MICRO 64,8,eq,false,full,native,2,0.000652572
MICRO 64,8,eq,false,half,native,2,0.000640853
MICRO 64,8,eq,false,quarter,native,2,0.000640555
MICRO 64,8,eq,false,dense,native,2,0.001671473
MICRO 64,8,eq,false,dense,compiler,2,0.001371764
MICRO 64,8,eq,false,sparse,native,2,0.000594404
MICRO 64,8,eq,false,sparse,native,3,0.000594444
MICRO 64,8,eq,false,dense,compiler,3,0.001377727
MICRO 64,8,eq,false,dense,native,3,0.001688924
MICRO 64,8,eq,false,quarter,native,3,0.000640104
MICRO 64,8,eq,false,half,native,3,0.000644848
MICRO 64,8,eq,false,full,native,3,0.000617233
MICRO 64,8,eq,false,half,compiler,3,0.000639217
MICRO 64,8,eq,false,full,compiler,3,0.000858289
MICRO 64,8,le,false,sparse,native,1,0.001004212
MICRO 64,8,le,false,dense,compiler,1,0.002997537
MICRO 64,8,le,false,dense,native,1,0.002077068
MICRO 64,8,le,false,quarter,native,1,0.001069665
MICRO 64,8,le,false,half,native,1,0.00112991
MICRO 64,8,le,false,full,native,1,0.001146355
MICRO 64,8,le,false,half,compiler,1,0.000753782
MICRO 64,8,le,false,full,compiler,1,0.000740186
MICRO 64,8,le,false,full,compiler,2,0.000699853
MICRO 64,8,le,false,half,compiler,2,0.000805044
MICRO 64,8,le,false,full,native,2,0.000695908
MICRO 64,8,le,false,half,native,2,0.000890316
MICRO 64,8,le,false,quarter,native,2,0.000729219
MICRO 64,8,le,false,dense,native,2,0.001226315
MICRO 64,8,le,false,dense,compiler,2,0.001659452
MICRO 64,8,le,false,sparse,native,2,0.000605964
MICRO 64,8,le,false,sparse,native,3,0.00060588
MICRO 64,8,le,false,dense,compiler,3,0.001663989
MICRO 64,8,le,false,dense,native,3,0.001223819
MICRO 64,8,le,false,quarter,native,3,0.00072875
MICRO 64,8,le,false,half,native,3,0.000727767
MICRO 64,8,le,false,full,native,3,0.000700254
MICRO 64,8,le,false,half,compiler,3,0.000727488
MICRO 64,8,le,false,full,compiler,3,0.000700985
MICRO 64,8,update,false,sparse,native,1,0.000611751
MICRO 64,8,update,false,dense,compiler,1,0.001754571
MICRO 64,8,update,false,dense,native,1,0.001992702
MICRO 64,8,update,false,quarter,native,1,0.001721043
MICRO 64,8,update,false,half,native,1,0.001448157
MICRO 64,8,update,false,full,native,1,0.00099853
MICRO 64,8,update,false,half,compiler,1,0.000929247
MICRO 64,8,update,false,full,compiler,1,0.001183716
MICRO 64,8,update,false,full,compiler,2,0.001138344
MICRO 64,8,update,false,half,compiler,2,0.000953025
MICRO 64,8,update,false,full,native,2,0.000955232
MICRO 64,8,update,false,half,native,2,0.000991224
MICRO 64,8,update,false,quarter,native,2,0.000970904
MICRO 64,8,update,false,dense,native,2,0.00149299
MICRO 64,8,update,false,dense,compiler,2,0.001808388
MICRO 64,8,update,false,sparse,native,2,0.000614551
MICRO 64,8,update,false,sparse,native,3,0.000611655
MICRO 64,8,update,false,dense,compiler,3,0.00180098
MICRO 64,8,update,false,dense,native,3,0.001443776
MICRO 64,8,update,false,quarter,native,3,0.000949579
MICRO 64,8,update,false,half,native,3,0.000946905
MICRO 64,8,update,false,full,native,3,0.000931106
MICRO 64,8,update,false,half,compiler,3,0.000929917
MICRO 64,8,update,false,full,compiler,3,0.000717683
MICRO 64,8,update,true,sparse,native,1,0.00141943
MICRO 64,8,update,true,dense,compiler,1,0.003300565
MICRO 64,8,update,true,dense,native,1,0.005081234
MICRO 64,8,update,true,quarter,native,1,0.001829183
MICRO 64,8,update,true,half,native,1,0.002085515
MICRO 64,8,update,true,full,native,1,0.00296482
MICRO 64,8,update,true,half,compiler,1,0.002649706
MICRO 64,8,update,true,full,compiler,1,0.000967917
MICRO 64,8,update,true,full,compiler,2,0.000929289
MICRO 64,8,update,true,half,compiler,2,0.001529278
MICRO 64,8,update,true,full,native,2,0.001517729
MICRO 64,8,update,true,half,native,2,0.001534029
MICRO 64,8,update,true,quarter,native,2,0.001545592
MICRO 64,8,update,true,dense,native,2,0.003699667
MICRO 64,8,update,true,dense,compiler,2,0.003263695
MICRO 64,8,update,true,sparse,native,2,0.001419649
MICRO 64,8,update,true,sparse,native,3,0.001488118
MICRO 64,8,update,true,dense,compiler,3,0.005840097
MICRO 64,8,update,true,dense,native,3,0.006178271
MICRO 64,8,update,true,quarter,native,3,0.00199984
MICRO 64,8,update,true,half,native,3,0.001566939
MICRO 64,8,update,true,full,native,3,0.001519552
MICRO 64,8,update,true,half,compiler,3,0.001560479
MICRO 64,8,update,true,full,compiler,3,0.000929716
MICRO 64,16,eq,false,sparse,native,1,0.001060876
MICRO 64,16,eq,false,dense,compiler,1,0.001525967
MICRO 64,16,eq,false,dense,native,1,0.001688182
MICRO 64,16,eq,false,quarter,native,1,0.001522354
MICRO 64,16,eq,false,half,native,1,0.001153595
MICRO 64,16,eq,false,full,native,1,0.001126741
MICRO 64,16,eq,false,half,compiler,1,0.001154028
MICRO 64,16,eq,false,full,compiler,1,0.001126912
MICRO 64,16,eq,false,full,compiler,2,0.001555044
MICRO 64,16,eq,false,half,compiler,2,0.001222241
MICRO 64,16,eq,false,full,native,2,0.00115238
MICRO 64,16,eq,false,half,native,2,0.001237888
MICRO 64,16,eq,false,quarter,native,2,0.001576395
MICRO 64,16,eq,false,dense,native,2,0.002914916
MICRO 64,16,eq,false,dense,compiler,2,0.001924065
MICRO 64,16,eq,false,sparse,native,2,0.0010955
MICRO 64,16,eq,false,sparse,native,3,0.001104813
MICRO 64,16,eq,false,dense,compiler,3,0.001405833
MICRO 64,16,eq,false,dense,native,3,0.001721377
MICRO 64,16,eq,false,quarter,native,3,0.001549096
MICRO 64,16,eq,false,half,native,3,0.001154278
MICRO 64,16,eq,false,full,native,3,0.00115665
MICRO 64,16,eq,false,half,compiler,3,0.001151851
MICRO 64,16,eq,false,full,compiler,3,0.001180121
MICRO 64,16,le,false,sparse,native,1,0.001167981
MICRO 64,16,le,false,dense,compiler,1,0.00162341
MICRO 64,16,le,false,dense,native,1,0.001234018
MICRO 64,16,le,false,quarter,native,1,0.00125147
MICRO 64,16,le,false,half,native,1,0.00130067
MICRO 64,16,le,false,full,native,1,0.001269996
MICRO 64,16,le,false,half,compiler,1,0.001696082
MICRO 64,16,le,false,full,compiler,1,0.001312932
MICRO 64,16,le,false,full,compiler,2,0.001300339
MICRO 64,16,le,false,half,compiler,2,0.001331742
MICRO 64,16,le,false,full,native,2,0.001334279
MICRO 64,16,le,false,half,native,2,0.001806812
MICRO 64,16,le,false,quarter,native,2,0.002416926
MICRO 64,16,le,false,dense,native,2,0.001304265
MICRO 64,16,le,false,dense,compiler,2,0.001739648
MICRO 64,16,le,false,sparse,native,2,0.001128409
MICRO 64,16,le,false,sparse,native,3,0.001163498
MICRO 64,16,le,false,dense,compiler,3,0.001625207
MICRO 64,16,le,false,dense,native,3,0.001234569
MICRO 64,16,le,false,quarter,native,3,0.001251278
MICRO 64,16,le,false,half,native,3,0.001299203
MICRO 64,16,le,false,full,native,3,0.001271313
MICRO 64,16,le,false,half,compiler,3,0.00129927
MICRO 64,16,le,false,full,compiler,3,0.001270705
MICRO 64,16,update,false,sparse,native,1,0.001008011
MICRO 64,16,update,false,dense,compiler,1,0.001774287
MICRO 64,16,update,false,dense,native,1,0.001447997
MICRO 64,16,update,false,quarter,native,1,0.001149874
MICRO 64,16,update,false,half,native,1,0.001727058
MICRO 64,16,update,false,full,native,1,0.001566765
MICRO 64,16,update,false,half,compiler,1,0.001576512
MICRO 64,16,update,false,full,compiler,1,0.001052642
MICRO 64,16,update,false,full,compiler,2,0.001126539
MICRO 64,16,update,false,half,compiler,2,0.002747195
MICRO 64,16,update,false,full,native,2,0.002994559
MICRO 64,16,update,false,half,native,2,0.001924902
MICRO 64,16,update,false,quarter,native,2,0.001204984
MICRO 64,16,update,false,dense,native,2,0.001445829
MICRO 64,16,update,false,dense,compiler,2,0.001758968
MICRO 64,16,update,false,sparse,native,2,0.001007984
MICRO 64,16,update,false,sparse,native,3,0.001010081
MICRO 64,16,update,false,dense,compiler,3,0.001756017
MICRO 64,16,update,false,dense,native,3,0.001461656
MICRO 64,16,update,false,quarter,native,3,0.001149659
MICRO 64,16,update,false,half,native,3,0.001541134
MICRO 64,16,update,false,full,native,3,0.001522327
MICRO 64,16,update,false,half,compiler,3,0.001517335
MICRO 64,16,update,false,full,compiler,3,0.001498398
MICRO 64,16,update,true,sparse,native,1,0.002681554
MICRO 64,16,update,true,dense,compiler,1,0.003550685
MICRO 64,16,update,true,dense,native,1,0.005836945
MICRO 64,16,update,true,quarter,native,1,0.002555017
MICRO 64,16,update,true,half,native,1,0.002952901
MICRO 64,16,update,true,full,native,1,0.002733367
MICRO 64,16,update,true,half,compiler,1,0.002907077
MICRO 64,16,update,true,full,compiler,1,0.00183221
MICRO 64,16,update,true,full,compiler,2,0.001710943
MICRO 64,16,update,true,half,compiler,2,0.0030566
MICRO 64,16,update,true,full,native,2,0.004081435
MICRO 64,16,update,true,half,native,2,0.003816679
MICRO 64,16,update,true,quarter,native,2,0.00445307
MICRO 64,16,update,true,dense,native,2,0.003127963
MICRO 64,16,update,true,dense,compiler,2,0.003272586
MICRO 64,16,update,true,sparse,native,2,0.002592661
MICRO 64,16,update,true,sparse,native,3,0.002597842
MICRO 64,16,update,true,dense,compiler,3,0.003259028
MICRO 64,16,update,true,dense,native,3,0.003070099
MICRO 64,16,update,true,quarter,native,3,0.002862625
MICRO 64,16,update,true,half,native,3,0.00282857
MICRO 64,16,update,true,full,native,3,0.005039351
MICRO 64,16,update,true,half,compiler,3,0.0038251
MICRO 64,16,update,true,full,compiler,3,0.001702007
MICRO 64,32,eq,false,sparse,native,1,0.002014602
MICRO 64,32,eq,false,dense,compiler,1,0.001372837
MICRO 64,32,eq,false,dense,native,1,0.001730927
MICRO 64,32,eq,false,quarter,native,1,0.001516229
MICRO 64,32,eq,false,half,native,1,0.001243832
MICRO 64,32,eq,false,full,native,1,0.002119449
MICRO 64,32,eq,false,half,compiler,1,0.001411725
MICRO 64,32,eq,false,full,compiler,1,0.002115523
MICRO 64,32,eq,false,full,compiler,2,0.002120032
MICRO 64,32,eq,false,half,compiler,2,0.002243286
MICRO 64,32,eq,false,full,native,2,0.003430986
MICRO 64,32,eq,false,half,native,2,0.002009323
MICRO 64,32,eq,false,quarter,native,2,0.003104444
MICRO 64,32,eq,false,dense,native,2,0.001862434
MICRO 64,32,eq,false,dense,compiler,2,0.001534456
MICRO 64,32,eq,false,sparse,native,2,0.002017482
MICRO 64,32,eq,false,sparse,native,3,0.002019227
MICRO 64,32,eq,false,dense,compiler,3,0.001381936
MICRO 64,32,eq,false,dense,native,3,0.001688067
MICRO 64,32,eq,false,quarter,native,3,0.00157936
MICRO 64,32,eq,false,half,native,3,0.001207286
MICRO 64,32,eq,false,full,native,3,0.002148902
MICRO 64,32,eq,false,half,compiler,3,0.001409141
MICRO 64,32,eq,false,full,compiler,3,0.002158037
MICRO 64,32,le,false,sparse,native,1,0.002614499
MICRO 64,32,le,false,dense,compiler,1,0.002992969
MICRO 64,32,le,false,dense,native,1,0.002395035
MICRO 64,32,le,false,quarter,native,1,0.002130603
MICRO 64,32,le,false,half,native,1,0.002472122
MICRO 64,32,le,false,full,native,1,0.003174596
MICRO 64,32,le,false,half,compiler,1,0.001698263
MICRO 64,32,le,false,full,compiler,1,0.002401754
MICRO 64,32,le,false,full,compiler,2,0.00243458
MICRO 64,32,le,false,half,compiler,2,0.001652539
MICRO 64,32,le,false,full,native,2,0.002426308
MICRO 64,32,le,false,half,native,2,0.001242591
MICRO 64,32,le,false,quarter,native,2,0.001278182
MICRO 64,32,le,false,dense,native,2,0.001223848
MICRO 64,32,le,false,dense,compiler,2,0.002927575
MICRO 64,32,le,false,sparse,native,2,0.003543726
MICRO 64,32,le,false,sparse,native,3,0.003674642
MICRO 64,32,le,false,dense,compiler,3,0.00281943
MICRO 64,32,le,false,dense,native,3,0.001259233
MICRO 64,32,le,false,quarter,native,3,0.001288522
MICRO 64,32,le,false,half,native,3,0.001243568
MICRO 64,32,le,false,full,native,3,0.002395738
MICRO 64,32,le,false,half,compiler,3,0.001655951
MICRO 64,32,le,false,full,compiler,3,0.002391339
MICRO 64,32,update,false,sparse,native,1,0.002304735
MICRO 64,32,update,false,dense,compiler,1,0.00176142
MICRO 64,32,update,false,dense,native,1,0.001443759
MICRO 64,32,update,false,quarter,native,1,0.001127383
MICRO 64,32,update,false,half,native,1,0.001143603
MICRO 64,32,update,false,full,native,1,0.003757326
MICRO 64,32,update,false,half,compiler,1,0.003317376
MICRO 64,32,update,false,full,compiler,1,0.002958156
MICRO 64,32,update,false,full,compiler,2,0.002948157
MICRO 64,32,update,false,half,compiler,2,0.001973079
MICRO 64,32,update,false,full,native,2,0.002733025
MICRO 64,32,update,false,half,native,2,0.001130264
MICRO 64,32,update,false,quarter,native,2,0.001163895
MICRO 64,32,update,false,dense,native,2,0.001443528
MICRO 64,32,update,false,dense,compiler,2,0.001791692
MICRO 64,32,update,false,sparse,native,2,0.002302592
MICRO 64,32,update,false,sparse,native,3,0.002334261
MICRO 64,32,update,false,dense,compiler,3,0.001759688
MICRO 64,32,update,false,dense,native,3,0.001547339
MICRO 64,32,update,false,quarter,native,3,0.002234564
MICRO 64,32,update,false,half,native,3,0.002209108
MICRO 64,32,update,false,full,native,3,0.005106352
MICRO 64,32,update,false,half,compiler,3,0.003073855
MICRO 64,32,update,false,full,compiler,3,0.001914693
MICRO 64,32,update,true,sparse,native,1,0.005619944
MICRO 64,32,update,true,dense,compiler,1,0.003267982
MICRO 64,32,update,true,dense,native,1,0.002633252
MICRO 64,32,update,true,quarter,native,1,0.002186011
MICRO 64,32,update,true,half,native,1,0.002226664
MICRO 64,32,update,true,full,native,1,0.009332082
MICRO 64,32,update,true,half,compiler,1,0.004806642
MICRO 64,32,update,true,full,compiler,1,0.00302096
MICRO 64,32,update,true,full,compiler,2,0.002963443
MICRO 64,32,update,true,half,compiler,2,0.003265873
MICRO 64,32,update,true,full,native,2,0.005073925
MICRO 64,32,update,true,half,native,2,0.002357124
MICRO 64,32,update,true,quarter,native,2,0.004107715
MICRO 64,32,update,true,dense,native,2,0.004603234
MICRO 64,32,update,true,dense,compiler,2,0.004163142
MICRO 64,32,update,true,sparse,native,2,0.005575012
MICRO 64,32,update,true,sparse,native,3,0.005548288
MICRO 64,32,update,true,dense,compiler,3,0.003261413
MICRO 64,32,update,true,dense,native,3,0.002669181
MICRO 64,32,update,true,quarter,native,3,0.00285488
MICRO 64,32,update,true,half,native,3,0.003439296
MICRO 64,32,update,true,full,native,3,0.008149823
MICRO 64,32,update,true,half,compiler,3,0.003424947
MICRO 64,32,update,true,full,compiler,3,0.003002247
MICRO 64,64,eq,false,sparse,native,1,0.004575438
MICRO 64,64,eq,false,dense,compiler,1,0.00136866
MICRO 64,64,eq,false,dense,native,1,0.00187743
MICRO 64,64,eq,false,quarter,native,1,0.00162287
MICRO 64,64,eq,false,half,native,1,0.001713939
MICRO 64,64,eq,false,full,native,1,0.002016113
MICRO 64,64,eq,false,half,compiler,1,0.001449278
MICRO 64,64,eq,false,full,compiler,1,0.001586248
MICRO 64,64,eq,false,full,compiler,2,0.001883582
MICRO 64,64,eq,false,half,compiler,2,0.001446188
MICRO 64,64,eq,false,full,native,2,0.001224237
MICRO 64,64,eq,false,half,native,2,0.00123797
MICRO 64,64,eq,false,quarter,native,2,0.001934237
MICRO 64,64,eq,false,dense,native,2,0.002744849
MICRO 64,64,eq,false,dense,compiler,2,0.001373626
MICRO 64,64,eq,false,sparse,native,2,0.003871381
MICRO 64,64,eq,false,sparse,native,3,0.003859224
MICRO 64,64,eq,false,dense,compiler,3,0.001373915
MICRO 64,64,eq,false,dense,native,3,0.001687595
MICRO 64,64,eq,false,quarter,native,3,0.001520304
MICRO 64,64,eq,false,half,native,3,0.001207399
MICRO 64,64,eq,false,full,native,3,0.002287336
MICRO 64,64,eq,false,half,compiler,3,0.002348989
MICRO 64,64,eq,false,full,compiler,3,0.002275412
MICRO 64,64,le,false,sparse,native,1,0.006752403
MICRO 64,64,le,false,dense,compiler,1,0.001894567
MICRO 64,64,le,false,dense,native,1,0.001367515
MICRO 64,64,le,false,quarter,native,1,0.001443393
MICRO 64,64,le,false,half,native,1,0.002320526
MICRO 64,64,le,false,full,native,1,0.001306147
MICRO 64,64,le,false,half,compiler,1,0.001708223
MICRO 64,64,le,false,full,compiler,1,0.001674814
MICRO 64,64,le,false,full,compiler,2,0.001639727
MICRO 64,64,le,false,half,compiler,2,0.001656633
MICRO 64,64,le,false,full,native,2,0.001571017
MICRO 64,64,le,false,half,native,2,0.002435173
MICRO 64,64,le,false,quarter,native,2,0.00255339
MICRO 64,64,le,false,dense,native,2,0.001609327
MICRO 64,64,le,false,dense,compiler,2,0.00255016
MICRO 64,64,le,false,sparse,native,2,0.006166571
MICRO 64,64,le,false,sparse,native,3,0.00417879
MICRO 64,64,le,false,dense,compiler,3,0.001656826
MICRO 64,64,le,false,dense,native,3,0.001241483
MICRO 64,64,le,false,quarter,native,3,0.001294949
MICRO 64,64,le,false,half,native,3,0.001255323
MICRO 64,64,le,false,full,native,3,0.001235497
MICRO 64,64,le,false,half,compiler,3,0.001686197
MICRO 64,64,le,false,full,compiler,3,0.001640432
MICRO 64,64,update,false,sparse,native,1,0.004403447
MICRO 64,64,update,false,dense,compiler,1,0.003427992
MICRO 64,64,update,false,dense,native,1,0.002712269
MICRO 64,64,update,false,quarter,native,1,0.00224692
MICRO 64,64,update,false,half,native,1,0.002318424
MICRO 64,64,update,false,full,native,1,0.001208052
MICRO 64,64,update,false,half,compiler,1,0.001849931
MICRO 64,64,update,false,full,compiler,1,0.001811025
MICRO 64,64,update,false,full,compiler,2,0.001805805
MICRO 64,64,update,false,half,compiler,2,0.001820318
MICRO 64,64,update,false,full,native,2,0.001185714
MICRO 64,64,update,false,half,native,2,0.001142456
MICRO 64,64,update,false,quarter,native,2,0.001146209
MICRO 64,64,update,false,dense,native,2,0.001443174
MICRO 64,64,update,false,dense,compiler,2,0.001765736
MICRO 64,64,update,false,sparse,native,2,0.003816687
MICRO 64,64,update,false,sparse,native,3,0.0064226
MICRO 64,64,update,false,dense,compiler,3,0.002594163
MICRO 64,64,update,false,dense,native,3,0.001568698
MICRO 64,64,update,false,quarter,native,3,0.001140823
MICRO 64,64,update,false,half,native,3,0.001254578
MICRO 64,64,update,false,full,native,3,0.001180357
MICRO 64,64,update,false,half,compiler,3,0.001850254
MICRO 64,64,update,false,full,compiler,3,0.001806621
MICRO 64,64,update,true,sparse,native,1,0.009741657
MICRO 64,64,update,true,dense,compiler,1,0.00326233
MICRO 64,64,update,true,dense,native,1,0.003591406
MICRO 64,64,update,true,quarter,native,1,0.003143971
MICRO 64,64,update,true,half,native,1,0.002551141
MICRO 64,64,update,true,full,native,1,0.002285204
MICRO 64,64,update,true,half,compiler,1,0.00341823
MICRO 64,64,update,true,full,compiler,1,0.003265891
MICRO 64,64,update,true,full,compiler,2,0.003264621
MICRO 64,64,update,true,half,compiler,2,0.003260696
MICRO 64,64,update,true,full,native,2,0.002221041
MICRO 64,64,update,true,half,native,2,0.002250206
MICRO 64,64,update,true,quarter,native,2,0.003130026
MICRO 64,64,update,true,dense,native,2,0.003635011
MICRO 64,64,update,true,dense,compiler,2,0.005252857
MICRO 64,64,update,true,sparse,native,2,0.010450355
MICRO 64,64,update,true,sparse,native,3,0.010082648
MICRO 64,64,update,true,dense,compiler,3,0.004166776
MICRO 64,64,update,true,dense,native,3,0.003813988
MICRO 64,64,update,true,quarter,native,3,0.00402854
MICRO 64,64,update,true,half,native,3,0.003092447
MICRO 64,64,update,true,full,native,3,0.002259834
MICRO 64,64,update,true,half,compiler,3,0.003300289
MICRO 64,64,update,true,full,compiler,3,0.00330034
	.text
	.file	"vector_update!"
	.section	.rodata.cst32,"aM",@progbits,32
	.p2align	5, 0x0                          # -- Begin function julia_vector_update!_1993
.LCPI0_0:
	.long	1                               # 0x1
	.long	2                               # 0x2
	.long	4                               # 0x4
	.long	8                               # 0x8
	.long	16                              # 0x10
	.long	32                              # 0x20
	.long	64                              # 0x40
	.long	128                             # 0x80
.LCPI0_1:
	.quad	0                               # 0x0
	.quad	1                               # 0x1
	.quad	2                               # 0x2
	.quad	3                               # 0x3
	.section	.rodata.cst8,"aM",@progbits,8
	.p2align	3, 0x0
.LCPI0_2:
	.quad	3                               # 0x3
.LCPI0_3:
	.quad	1                               # 0x1
.LCPI0_4:
	.quad	-9223372036854775808            # 0x8000000000000000
.LCPI0_5:
	.quad	-9223372036854775745            # 0x800000000000003f
.LCPI0_6:
	.quad	-3                              # 0xfffffffffffffffd
.LCPI0_7:
	.quad	8                               # 0x8
	.section	.ltext,"axl",@progbits
	.globl	"julia_vector_update!_1993"
	.p2align	4, 0x90
	.type	"julia_vector_update!_1993",@function
"julia_vector_update!_1993":            # @"julia_vector_update!_1993"
; Function Signature: vector_update!(Array{UInt32, 2}, Int64, UInt32, UInt64)
# %bb.0:                                # %pass
	#DEBUG_VALUE: vector_update!:labels <- [$rdi+0]
	#DEBUG_VALUE: vector_update!:state <- $rsi
	#DEBUG_VALUE: vector_update!:time <- $edx
	#DEBUG_VALUE: vector_update!:mask <- $rcx
	push	rbp
	mov	rbp, rsp
	push	r15
	push	r14
	push	r13
	push	r12
	push	rbx
	and	rsp, -32
	sub	rsp, 224
	movabs	r10, 4611686018427387903
	mov	r8, qword ptr [rdi + 16]
	lea	rbx, [r8 + 7]
	test	r8, r8
	cmovns	rbx, r8
	sar	rbx, 3
	lea	rax, [rbx - 1]
	cmp	r8, 8
	mov	r9, -1
	cmovge	r9, rax
	xor	r11d, r11d
	test	r9, r9
	mov	qword ptr [rsp + 32], rsi       # 8-byte Spill
	mov	qword ptr [rsp + 24], r8        # 8-byte Spill
	js	.LBB0_1
# %bb.2:                                # %L21.preheader
	lea	r14, [rsi + r10]
	imul	r14, r8
	vmovd	xmm0, edx
	vpbroadcastd	ymm0, xmm0
	shl	r14, 2
	add	r14, qword ptr [rdi]
	inc	r9
	movabs	rax, offset .LCPI0_0
	vmovdqa	ymm1, ymmword ptr [rax]
	xor	r15d, r15d
	xor	r12d, r12d
	xor	eax, eax
	jmp	.LBB0_3
	.p2align	4, 0x90
.LBB0_5:                                # %L643
                                        #   in Loop: Header=BB0_3 Depth=1
	add	r12, 8
	add	r15, -8
	dec	r9
	je	.LBB0_6
.LBB0_3:                                # %L21
                                        # =>This Inner Loop Header: Depth=1
	vmovdqu	ymm2, ymmword ptr [r14 + 4*r12]
	vpminud	ymm3, ymm2, ymm0
	vpcmpeqd	ymm3, ymm2, ymm3
	vmovmskps	r10d, ymm3
	xor	r10d, 255
	shrx	r8, rcx, r12
	cmp	r12, 64
	shlx	r13, rcx, r15
	cmovae	r8d, r11d
	cmp	r15, 64
	cmovae	r13d, r11d
	test	r12, r12
	cmovns	r13d, r8d
	and	r13d, r10d
	je	.LBB0_5
# %bb.4:                                # %L554
                                        #   in Loop: Header=BB0_3 Depth=1
	cmp	r12, 64
	shlx	r8, r13, r12
	cmovae	r8, r11
	cmp	r15, 64
	shrx	r10, r13, r15
	cmovae	r10, r11
	test	r12, r12
	cmovns	r10, r8
	vmovd	xmm3, r13d
	vpbroadcastb	ymm3, xmm3
	vpand	ymm3, ymm3, ymm1
	vpcmpeqd	ymm3, ymm3, ymm1
	vblendvps	ymm2, ymm2, ymm0, ymm3
	vmovups	ymmword ptr [r14 + 4*r12], ymm2
	or	rax, r10
	jmp	.LBB0_5
.LBB0_1:
	xor	eax, eax
.LBB0_6:                                # %pass157
	lea	r11, [8*rbx]
	mov	r12, qword ptr [rsp + 24]       # 8-byte Reload
	mov	r9, r12
	sub	r9, r11
	jle	.LBB0_31
# %bb.7:                                # %L676.preheader
	lea	r14, [8*rbx + 1]
	mov	rsi, qword ptr [rsp + 32]       # 8-byte Reload
	movabs	r13, 4611686018427387903
	add	rsi, r13
	imul	rsi, qword ptr [rdi + 16]
	mov	rdi, qword ptr [rdi]
	cmp	r9, 8
	jae	.LBB0_9
# %bb.8:
	mov	r9, r14
	jmp	.LBB0_16
.LBB0_9:                                # %vector.scevcheck
	mov	r15, r11
	not	r15
	add	r15, r12
	shl	rbx, 5
	lea	r8, [rdi + 4*rsi]
	add	r8, rbx
	lea	r10, [r8 + 4*r15]
	cmp	r10, r8
	jb	.LBB0_10
# %bb.11:                               # %vector.scevcheck
	cmp	r15, r13
	ja	.LBB0_12
# %bb.13:                               # %vector.ph
	lea	r8, [4*rsi]
	mov	r10d, r12d
	and	r10d, 7
	sub	r9, r10
	add	r9, r14
	vmovq	xmm0, r14
	vpbroadcastq	ymm0, xmm0
	movabs	rbx, offset .LCPI0_1
	vpaddq	ymm1, ymm0, ymmword ptr [rbx]
	vmovq	xmm0, rax
	vmovq	xmm2, rcx
	vpbroadcastq	ymm2, xmm2
	vmovdqa	ymmword ptr [rsp + 32], ymm2    # 32-byte Spill
	vmovd	xmm3, edx
	vpbroadcastd	xmm2, xmm3
	vmovdqa	xmmword ptr [rsp + 80], xmm2    # 16-byte Spill
	mov	rax, r12
	and	rax, -8
	lea	rbx, [r8 + rdi]
	add	rbx, 16
	movabs	r8, offset .LCPI0_2
	vbroadcastsd	ymm2, qword ptr [r8]
	vmovaps	ymmword ptr [rsp + 160], ymm2   # 32-byte Spill
	movabs	r8, offset .LCPI0_3
	vpbroadcastq	ymm7, qword ptr [r8]
	movabs	r8, offset .LCPI0_4
	vpbroadcastq	ymm8, qword ptr [r8]
	movabs	r8, offset .LCPI0_5
	vpbroadcastq	ymm9, qword ptr [r8]
	movabs	r8, offset .LCPI0_6
	vbroadcastsd	ymm2, qword ptr [r8]
	vmovaps	ymmword ptr [rsp + 128], ymm2   # 32-byte Spill
	movabs	r8, offset .LCPI0_7
	vpbroadcastq	ymm2, qword ptr [r8]
	vmovdqa	ymmword ptr [rsp + 96], ymm2    # 32-byte Spill
	vpxor	xmm12, xmm12, xmm12
	.p2align	4, 0x90
.LBB0_14:                               # %vector.body
                                        # =>This Inner Loop Header: Depth=1
	vpcmpeqd	ymm3, ymm3, ymm3
	vpaddq	ymm13, ymm1, ymm3
	vpaddq	ymm14, ymm1, ymmword ptr [rsp + 160] # 32-byte Folded Reload
	vpsllvq	ymm15, ymm7, ymm13
	vpsllvq	ymm4, ymm7, ymm14
	vpxor	ymm6, ymm13, ymm8
	vpcmpgtq	ymm6, ymm6, ymm9
	vpandn	ymm6, ymm6, ymm15
	vpxor	ymm15, ymm14, ymm8
	vpcmpgtq	ymm15, ymm15, ymm9
	vpandn	ymm4, ymm15, ymm4
	vpsubq	ymm15, ymm7, ymm1
	vmovdqa	ymm2, ymmword ptr [rsp + 128]   # 32-byte Reload
	vpsubq	ymm10, ymm2, ymm1
	vpsrlvq	ymm11, ymm7, ymm15
	vpsrlvq	ymm5, ymm7, ymm10
	vpxor	ymm15, ymm15, ymm8
	vpcmpgtq	ymm15, ymm15, ymm9
	vpandn	ymm11, ymm15, ymm11
	vpxor	ymm10, ymm10, ymm8
	vpcmpgtq	ymm10, ymm10, ymm9
	vpandn	ymm5, ymm10, ymm5
	vblendvpd	ymm6, ymm6, ymm11, ymm13
	vblendvpd	ymm4, ymm4, ymm5, ymm14
	vmovapd	ymm2, ymmword ptr [rsp + 32]    # 32-byte Reload
	vandpd	ymm5, ymm6, ymm2
	vandpd	ymm10, ymm4, ymm2
	vxorpd	xmm2, xmm2, xmm2
	vpcmpeqq	ymm5, ymm5, ymm2
	vpxor	ymm11, ymm5, ymm3
	vextracti128	xmm13, ymm11, 1
	vpackssdw	xmm11, xmm11, xmm13
	vpcmpeqq	ymm10, ymm10, ymm2
	vpxor	ymm13, ymm10, ymm3
	vextracti128	xmm14, ymm13, 1
	vpackssdw	xmm13, xmm13, xmm14
	vpmaskmovd	xmm14, xmm11, xmmword ptr [rbx + 4*r11 - 16]
	vpmaskmovd	xmm15, xmm13, xmmword ptr [rbx + 4*r11]
	vmovdqa	xmm3, xmmword ptr [rsp + 80]    # 16-byte Reload
	vpminud	xmm2, xmm14, xmm3
	vpcmpeqd	xmm2, xmm14, xmm2
	vpminud	xmm14, xmm15, xmm3
	vpcmpeqd	xmm14, xmm15, xmm14
	vpandn	xmm11, xmm2, xmm11
	vpmaskmovd	xmmword ptr [rbx + 4*r11 - 16], xmm11, xmm3
	vpandn	xmm11, xmm14, xmm13
	vpmaskmovd	xmmword ptr [rbx + 4*r11], xmm11, xmm3
	vpmovsxdq	ymm2, xmm2
	vpandn	ymm2, ymm5, ymm2
	vpandn	ymm2, ymm2, ymm6
	vpmovsxdq	ymm6, xmm14
	vpandn	ymm6, ymm10, ymm6
	vpandn	ymm4, ymm6, ymm4
	vpandn	ymm2, ymm5, ymm2
	vpor	ymm0, ymm0, ymm2
	vpandn	ymm2, ymm10, ymm4
	vpor	ymm12, ymm12, ymm2
	vpaddq	ymm1, ymm1, ymmword ptr [rsp + 96] # 32-byte Folded Reload
	add	r11, 8
	cmp	rax, r11
	jne	.LBB0_14
# %bb.15:                               # %middle.block
	vpor	ymm0, ymm12, ymm0
	vextracti128	xmm1, ymm0, 1
	vpor	xmm0, xmm0, xmm1
	vpshufd	xmm1, xmm0, 238                 # xmm1 = xmm0[2,3,2,3]
	vpor	xmm0, xmm0, xmm1
	vmovq	rax, xmm0
	test	r10, r10
	jne	.LBB0_16
	jmp	.LBB0_31
.LBB0_12:
	mov	r9, r14
	jmp	.LBB0_16
.LBB0_10:
	mov	r9, r14
.LBB0_16:                               # %scalar.ph
	mov	r8d, r12d
	not	r8d
	sub	r8d, r9d
	test	r8b, 1
	jne	.LBB0_18
# %bb.17:
	mov	r10, r9
	cmp	r12, r9
	je	.LBB0_31
	jmp	.LBB0_23
.LBB0_18:                               # %L676.prol.preheader
	lea	r8, [r9 - 1]
	mov	r10d, 1
	shlx	r11, r10, r8
	xor	ebx, ebx
	cmp	r8, 64
	cmovae	r11, rbx
	mov	r14d, 1
	sub	r14, r9
	shrx	r10, r10, r14
	cmp	r14, 64
	cmovae	r10, rbx
	test	r8, r8
	cmovns	r10, r11
	test	r10, rcx
	je	.LBB0_21
# %bb.19:                               # %L719.prol
	lea	r11, [rsi + r9]
	cmp	dword ptr [rdi + 4*r11 - 4], edx
	jbe	.LBB0_21
# %bb.20:                               # %L781.prol
	mov	dword ptr [rdi + 4*r11 - 4], edx
	or	rax, r10
.LBB0_21:                               # %L799.prol
	lea	r10, [r9 + 1]
	cmp	r12, r9
	jne	.LBB0_23
.LBB0_31:                               # %L811
	lea	rsp, [rbp - 40]
	pop	rbx
	pop	r12
	pop	r13
	pop	r14
	pop	r15
	pop	rbp
	vzeroupper
	ret
.LBB0_23:                               # %L676.preheader1
	mov	r9d, 1
	xor	r11d, r11d
	jmp	.LBB0_24
	.p2align	4, 0x90
.LBB0_30:                               # %L799.1
                                        #   in Loop: Header=BB0_24 Depth=1
	add	r10, 2
	cmp	rbx, r12
	je	.LBB0_31
.LBB0_24:                               # %L676
                                        # =>This Inner Loop Header: Depth=1
	lea	r8, [r10 - 1]
	shlx	r14, r9, r8
	cmp	r8, 64
	cmovae	r14, r11
	mov	r15d, 1
	sub	r15, r10
	shrx	rbx, r9, r15
	cmp	r15, 64
	cmovae	rbx, r11
	test	r8, r8
	cmovns	rbx, r14
	test	rbx, rcx
	je	.LBB0_27
# %bb.25:                               # %L719
                                        #   in Loop: Header=BB0_24 Depth=1
	lea	r14, [rsi + r10]
	cmp	dword ptr [rdi + 4*r14 - 4], edx
	jbe	.LBB0_27
# %bb.26:                               # %L781
                                        #   in Loop: Header=BB0_24 Depth=1
	mov	dword ptr [rdi + 4*r14 - 4], edx
	or	rax, rbx
.LBB0_27:                               # %L799
                                        #   in Loop: Header=BB0_24 Depth=1
	lea	rbx, [r10 + 1]
	shlx	r8, r9, r10
	cmp	r10, 64
	cmovae	r8, r11
	mov	r15, r10
	neg	r15
	shrx	r14, r9, r15
	cmp	r15, 64
	cmovae	r14, r11
	test	r10, r10
	cmovns	r14, r8
	test	r14, rcx
	je	.LBB0_30
# %bb.28:                               # %L719.1
                                        #   in Loop: Header=BB0_24 Depth=1
	lea	r15, [rsi + rbx]
	cmp	dword ptr [rdi + 4*r15 - 4], edx
	jbe	.LBB0_30
# %bb.29:                               # %L781.1
                                        #   in Loop: Header=BB0_24 Depth=1
	mov	dword ptr [rdi + 4*r15 - 4], edx
	or	rax, r14
	jmp	.LBB0_30
.Lfunc_end0:
	.size	"julia_vector_update!_1993", .Lfunc_end0-"julia_vector_update!_1993"
                                        # -- End function
	.section	".note.GNU-stack","",@progbits
	.text
	.file	"compiler_update!"
	.section	.rodata.cst32,"aM",@progbits,32
	.p2align	5, 0x0                          # -- Begin function julia_compiler_update!_2000
.LCPI0_0:
	.quad	0                               # 0x0
	.quad	1                               # 0x1
	.quad	2                               # 0x2
	.quad	3                               # 0x3
.LCPI0_8:
	.quad	4                               # 0x4
	.quad	5                               # 0x5
	.quad	6                               # 0x6
	.quad	7                               # 0x7
	.section	.rodata.cst8,"aM",@progbits,8
	.p2align	3, 0x0
.LCPI0_1:
	.quad	4                               # 0x4
.LCPI0_2:
	.quad	8                               # 0x8
.LCPI0_3:
	.quad	12                              # 0xc
.LCPI0_4:
	.quad	1                               # 0x1
.LCPI0_5:
	.quad	-9223372036854775808            # 0x8000000000000000
.LCPI0_6:
	.quad	-9223372036854775745            # 0x800000000000003f
.LCPI0_7:
	.quad	16                              # 0x10
	.section	.ltext,"axl",@progbits
	.globl	"julia_compiler_update!_2000"
	.p2align	4, 0x90
	.type	"julia_compiler_update!_2000",@function
"julia_compiler_update!_2000":          # @"julia_compiler_update!_2000"
; Function Signature: compiler_update!(Array{UInt32, 2}, Int64, UInt32, UInt64)
# %bb.0:                                # %top
	#DEBUG_VALUE: compiler_update!:labels <- [$rdi+0]
	#DEBUG_VALUE: compiler_update!:state <- $rsi
	#DEBUG_VALUE: compiler_update!:time <- $edx
	#DEBUG_VALUE: compiler_update!:mask <- $rcx
	mov	r8, qword ptr [rdi + 16]
	test	r8, r8
	jle	.LBB0_1
# %bb.3:                                # %L16.preheader
	push	rbp
	mov	rbp, rsp
	push	rbx
	and	rsp, -32
	sub	rsp, 128
	movabs	rax, 4611686018427387903
	add	rsi, rax
	mov	rdi, qword ptr [rdi]
	cmp	r8, 16
	jae	.LBB0_5
# %bb.4:
	xor	r9d, r9d
	xor	eax, eax
	jmp	.LBB0_8
.LBB0_1:
	xor	eax, eax
	ret
.LBB0_5:                                # %vector.ph
	movabs	r9, 9223372036854775792
	and	r9, r8
	vmovd	xmm0, edx
	vpbroadcastd	xmm0, xmm0
	mov	rax, r8
	imul	rax, rsi
	lea	rax, [rdi + 4*rax]
	add	rax, 48
	movabs	r10, offset .LCPI0_0
	vmovdqa	ymm2, ymmword ptr [r10]
	vpxor	xmm1, xmm1, xmm1
	xor	r10d, r10d
	movabs	r11, offset .LCPI0_1
	vbroadcastsd	ymm3, qword ptr [r11]
	vmovaps	ymmword ptr [rsp + 64], ymm3    # 32-byte Spill
	movabs	r11, offset .LCPI0_2
	vbroadcastsd	ymm3, qword ptr [r11]
	vmovaps	ymmword ptr [rsp + 32], ymm3    # 32-byte Spill
	movabs	r11, offset .LCPI0_3
	vpbroadcastq	ymm3, qword ptr [r11]
	vmovdqa	ymmword ptr [rsp], ymm3         # 32-byte Spill
	vpcmpeqd	xmm6, xmm6, xmm6
	movabs	r11, offset .LCPI0_4
	vpbroadcastq	ymm7, qword ptr [r11]
	movabs	r11, offset .LCPI0_5
	vpbroadcastq	ymm8, qword ptr [r11]
	movabs	r11, offset .LCPI0_6
	vpbroadcastq	ymm9, qword ptr [r11]
	movabs	r11, offset .LCPI0_7
	vpbroadcastq	ymm10, qword ptr [r11]
	vpxor	xmm11, xmm11, xmm11
	vpxor	xmm12, xmm12, xmm12
	vpxor	xmm13, xmm13, xmm13
	.p2align	4, 0x90
.LBB0_6:                                # %vector.body
                                        # =>This Inner Loop Header: Depth=1
	vmovdqu	xmm14, xmmword ptr [rax + 4*r10 - 48]
	vmovdqu	xmm15, xmmword ptr [rax + 4*r10 - 32]
	vmovdqu	xmm3, xmmword ptr [rax + 4*r10 - 16]
	vmovdqu	xmm4, xmmword ptr [rax + 4*r10]
	vpminud	xmm5, xmm14, xmm0
	vpcmpeqd	xmm5, xmm14, xmm5
	vpxor	xmm5, xmm5, xmm6
	vpmovzxdq	ymm5, xmm5              # ymm5 = xmm5[0],zero,xmm5[1],zero,xmm5[2],zero,xmm5[3],zero
	vpand	ymm5, ymm5, ymm7
	vpminud	xmm14, xmm15, xmm0
	vpcmpeqd	xmm14, xmm15, xmm14
	vpminud	xmm15, xmm3, xmm0
	vpcmpeqd	xmm3, xmm15, xmm3
	vpminud	xmm15, xmm4, xmm0
	vpcmpeqd	xmm4, xmm15, xmm4
	vpsllvq	ymm5, ymm5, ymm2
	vpxor	ymm15, ymm8, ymm2
	vpcmpgtq	ymm15, ymm15, ymm9
	vpandn	ymm5, ymm15, ymm5
	vpor	ymm1, ymm5, ymm1
	vpaddq	ymm5, ymm2, ymmword ptr [rsp + 64] # 32-byte Folded Reload
	vpxor	xmm14, xmm14, xmm6
	vpmovzxdq	ymm14, xmm14            # ymm14 = xmm14[0],zero,xmm14[1],zero,xmm14[2],zero,xmm14[3],zero
	vpand	ymm14, ymm14, ymm7
	vpsllvq	ymm14, ymm14, ymm5
	vpxor	ymm5, ymm8, ymm5
	vpcmpgtq	ymm5, ymm5, ymm9
	vpandn	ymm5, ymm5, ymm14
	vpor	ymm11, ymm11, ymm5
	vpaddq	ymm5, ymm2, ymmword ptr [rsp + 32] # 32-byte Folded Reload
	vpxor	xmm3, xmm3, xmm6
	vpmovzxdq	ymm3, xmm3              # ymm3 = xmm3[0],zero,xmm3[1],zero,xmm3[2],zero,xmm3[3],zero
	vpand	ymm3, ymm3, ymm7
	vpsllvq	ymm3, ymm3, ymm5
	vpxor	ymm5, ymm8, ymm5
	vpcmpgtq	ymm5, ymm5, ymm9
	vpandn	ymm3, ymm5, ymm3
	vpor	ymm12, ymm12, ymm3
	vpaddq	ymm3, ymm2, ymmword ptr [rsp]   # 32-byte Folded Reload
	vpxor	xmm4, xmm4, xmm6
	vpmovzxdq	ymm4, xmm4              # ymm4 = xmm4[0],zero,xmm4[1],zero,xmm4[2],zero,xmm4[3],zero
	vpand	ymm4, ymm4, ymm7
	vpsllvq	ymm4, ymm4, ymm3
	vpxor	ymm3, ymm8, ymm3
	vpcmpgtq	ymm3, ymm3, ymm9
	vpandn	ymm3, ymm3, ymm4
	vpor	ymm13, ymm13, ymm3
	add	r10, 16
	vpaddq	ymm2, ymm10, ymm2
	cmp	r9, r10
	jne	.LBB0_6
# %bb.7:                                # %middle.block
	vpor	ymm0, ymm11, ymm1
	vpor	ymm0, ymm12, ymm0
	vpor	ymm0, ymm13, ymm0
	vextracti128	xmm1, ymm0, 1
	vpor	xmm0, xmm0, xmm1
	vpshufd	xmm1, xmm0, 238                 # xmm1 = xmm0[2,3,2,3]
	vpor	xmm0, xmm0, xmm1
	vmovq	rax, xmm0
	cmp	r8, r9
	je	.LBB0_10
.LBB0_8:                                # %scalar.ph
	mov	r10, r8
	imul	r10, rsi
	lea	r10, [rdi + 4*r10]
	xor	r11d, r11d
	.p2align	4, 0x90
.LBB0_9:                                # %L20
                                        # =>This Inner Loop Header: Depth=1
	xor	ebx, ebx
	cmp	dword ptr [r10 + 4*r9], edx
	seta	bl
	shlx	rbx, rbx, r9
	cmp	r9, 64
	cmovae	rbx, r11
	or	rax, rbx
	inc	r9
	cmp	r8, r9
	jne	.LBB0_9
.LBB0_10:                               # %L116
	and	rax, rcx
	je	.LBB0_11
# %bb.12:                               # %L138.preheader
	cmp	r8, 8
	jae	.LBB0_14
# %bb.13:
	xor	ecx, ecx
	jmp	.LBB0_17
.LBB0_11:
	xor	eax, eax
	jmp	.LBB0_21
.LBB0_14:                               # %vector.ph102
	movabs	rcx, 9223372036854775792
	or	rcx, 8
	and	rcx, r8
	vmovq	xmm0, rax
	vpbroadcastq	ymm0, xmm0
	vmovd	xmm1, edx
	vpbroadcastd	ymm1, xmm1
	mov	r9, r8
	imul	r9, rsi
	lea	r9, [rdi + 4*r9]
	movabs	r10, offset .LCPI0_8
	vmovdqa	ymm2, ymmword ptr [r10]
	movabs	r10, offset .LCPI0_0
	vmovdqa	ymm3, ymmword ptr [r10]
	xor	r10d, r10d
	movabs	r11, offset .LCPI0_4
	vpbroadcastq	ymm4, qword ptr [r11]
	movabs	r11, offset .LCPI0_5
	vpbroadcastq	ymm5, qword ptr [r11]
	movabs	r11, offset .LCPI0_6
	vpbroadcastq	ymm6, qword ptr [r11]
	vpxor	xmm7, xmm7, xmm7
	movabs	r11, offset .LCPI0_2
	vpbroadcastq	ymm8, qword ptr [r11]
	.p2align	4, 0x90
.LBB0_15:                               # %vector.body107
                                        # =>This Inner Loop Header: Depth=1
	vpsllvq	ymm9, ymm4, ymm3
	vpsllvq	ymm10, ymm4, ymm2
	vpxor	ymm11, ymm2, ymm5
	vpcmpgtq	ymm11, ymm11, ymm6
	vpandn	ymm10, ymm11, ymm10
	vpxor	ymm11, ymm3, ymm5
	vpcmpgtq	ymm11, ymm11, ymm6
	vpandn	ymm9, ymm11, ymm9
	vpand	ymm9, ymm9, ymm0
	vpand	ymm10, ymm10, ymm0
	vpcmpeqq	ymm10, ymm10, ymm7
	vpcmpeqq	ymm9, ymm9, ymm7
	vpackssdw	ymm9, ymm9, ymm10
	vpermq	ymm9, ymm9, 216                 # ymm9 = ymm9[0,2,1,3]
	vblendvps	ymm9, ymm1, ymmword ptr [r9 + 4*r10], ymm9
	vmovups	ymmword ptr [r9 + 4*r10], ymm9
	add	r10, 8
	vpaddq	ymm2, ymm8, ymm2
	vpaddq	ymm3, ymm8, ymm3
	cmp	rcx, r10
	jne	.LBB0_15
# %bb.16:                               # %middle.block99
	cmp	r8, rcx
	jne	.LBB0_17
.LBB0_21:
	lea	rsp, [rbp - 8]
	pop	rbx
	pop	rbp
	vzeroupper
	ret
.LBB0_17:                               # %scalar.ph100
	imul	rsi, r8
	lea	rsi, [rdi + 4*rsi]
	mov	edi, 1
	xor	r9d, r9d
	jmp	.LBB0_18
	.p2align	4, 0x90
.LBB0_20:                               # %L141
                                        #   in Loop: Header=BB0_18 Depth=1
	mov	dword ptr [rsi + 4*rcx], r10d
	inc	rcx
	cmp	r8, rcx
	je	.LBB0_21
.LBB0_18:                               # %L141
                                        # =>This Inner Loop Header: Depth=1
	shlx	r11, rdi, rcx
	cmp	rcx, 64
	cmovae	r11, r9
	mov	r10d, edx
	test	r11, rax
	jne	.LBB0_20
# %bb.19:                               # %L141
                                        #   in Loop: Header=BB0_18 Depth=1
	mov	r10d, dword ptr [rsi + 4*rcx]
	jmp	.LBB0_20
.Lfunc_end0:
	.size	"julia_compiler_update!_2000", .Lfunc_end0-"julia_compiler_update!_2000"
                                        # -- End function
	.section	".note.GNU-stack","",@progbits
	.text
	.file	"sparse_update!"
	.section	.ltext,"axl",@progbits
	.globl	"julia_sparse_update!_2005"     # -- Begin function julia_sparse_update!_2005
	.p2align	4, 0x90
	.type	"julia_sparse_update!_2005",@function
"julia_sparse_update!_2005":            # @"julia_sparse_update!_2005"
; Function Signature: sparse_update!(Array{UInt32, 2}, Int64, UInt32, UInt64)
# %bb.0:                                # %top
	#DEBUG_VALUE: sparse_update!:labels <- [$rdi+0]
	#DEBUG_VALUE: sparse_update!:state <- $rsi
	#DEBUG_VALUE: sparse_update!:time <- $edx
	#DEBUG_VALUE: sparse_update!:mask <- $rcx
	push	rbp
	mov	rbp, rsp
	push	r14
	push	rbx
	sub	rsp, 16
	test	rcx, rcx
	je	.LBB0_1
# %bb.2:                                # %L7.lr.ph
	lea	rax, [rsi - 1]
	cmp	rax, qword ptr [rdi + 24]
	jae	.LBB0_9
# %bb.3:                                # %L7.preheader
	mov	r8, qword ptr [rdi]
	mov	r9, qword ptr [rdi + 16]
	movabs	r10, 4611686018427387903
	add	r10, rsi
	imul	r10, r9
	xor	eax, eax
	mov	r11d, 1
	jmp	.LBB0_4
	.p2align	4, 0x90
.LBB0_7:                                # %L124
                                        #   in Loop: Header=BB0_4 Depth=1
	blsr	rcx, rcx
	je	.LBB0_8
.LBB0_4:                                # %L7
                                        # =>This Inner Loop Header: Depth=1
	tzcnt	rbx, rcx
	cmp	rbx, r9
	jae	.LBB0_10
# %bb.5:                                # %L46
                                        #   in Loop: Header=BB0_4 Depth=1
	lea	r14, [r10 + rbx]
	cmp	dword ptr [r8 + 4*r14], edx
	jbe	.LBB0_7
# %bb.6:                                # %L108
                                        #   in Loop: Header=BB0_4 Depth=1
	shlx	rbx, r11, rbx
	mov	dword ptr [r8 + 4*r14], edx
	or	rax, rbx
	jmp	.LBB0_7
.LBB0_1:
	xor	eax, eax
.LBB0_8:                                # %L128
	add	rsp, 16
	pop	rbx
	pop	r14
	pop	rbp
	ret
.LBB0_9:                                # %L7.lr.ph.split.us
	tzcnt	rbx, rcx
.LBB0_10:                               # %L43
	inc	rbx
	mov	qword ptr [rbp - 32], rbx
	mov	qword ptr [rbp - 24], rsi
	movabs	rax, offset j_throw_boundserror_2007
	lea	rsi, [rbp - 32]
	call	rax
.Lfunc_end0:
	.size	"julia_sparse_update!_2005", .Lfunc_end0-"julia_sparse_update!_2005"
                                        # -- End function
	.section	".note.GNU-stack","",@progbits
	.text
	.file	"gated_read"
	.section	.ltext,"axl",@progbits
	.globl	julia_gated_read_2024           # -- Begin function julia_gated_read_2024
	.p2align	4, 0x90
	.type	julia_gated_read_2024,@function
julia_gated_read_2024:                  # @julia_gated_read_2024
; Function Signature: gated_read(Array{UInt32, 2}, Int64, UInt32, UInt64, typeof(Base.:(var"==")), Base.Val{:half}, Base.Val{:native})
# %bb.0:                                # %top
	#DEBUG_VALUE: gated_read:labels <- [$rdi+0]
	#DEBUG_VALUE: gated_read:state <- $rsi
	#DEBUG_VALUE: gated_read:time <- $edx
	#DEBUG_VALUE: gated_read:mask <- $rcx
	push	rbp
	mov	rbp, rsp
	push	r14
	push	rbx
	mov	r8, qword ptr [rdi + 16]
	cmp	r8, 15
	jle	.LBB0_1
# %bb.10:                               # %pass
	popcnt	rax, rcx
	mov	r9, r8
	shr	r9
	mov	r10d, r8d
	and	r10d, 1
	add	r10, r9
	cmp	r10, rax
	jbe	.LBB0_11
.LBB0_1:                                # %L639.preheader
	test	rcx, rcx
	je	.LBB0_2
# %bb.8:                                # %L644.lr.ph
	movabs	rax, 4611686018427387903
	add	rsi, rax
	imul	r8, rsi
	mov	rsi, qword ptr [rdi]
	xor	edi, edi
	mov	r9d, 1
	xor	eax, eax
	.p2align	4, 0x90
.LBB0_9:                                # %L644
                                        # =>This Inner Loop Header: Depth=1
	tzcnt	r10, rcx
	lea	r11, [r8 + r10]
	cmp	dword ptr [rsi + 4*r11], edx
	shlx	r10, r9, r10
	cmovne	r10, rdi
	or	rax, r10
	blsr	rcx, rcx
	jne	.LBB0_9
	jmp	.LBB0_7
.LBB0_2:
	xor	eax, eax
	jmp	.LBB0_7
.LBB0_11:                               # %L30.lr.ph
	movabs	rax, 4611686018427387903
	add	rsi, rax
	imul	rsi, r8
	mov	rax, qword ptr [rdi]
	vmovd	xmm0, edx
	vpbroadcastd	ymm0, xmm0
	lea	rsi, [rax + 4*rsi]
	xor	r10d, r10d
	xor	r9d, r9d
	xor	edi, edi
	xor	eax, eax
	.p2align	4, 0x90
.LBB0_12:                               # %L30
                                        # =>This Inner Loop Header: Depth=1
	mov	r11, r9
	inc	r9
	vpcmpeqd	ymm1, ymm0, ymmword ptr [rsi + 4*r11]
	vmovmskps	ebx, ymm1
	shlx	r14, rbx, r11
	cmp	r11, 64
	cmovae	r14, r10
	shrx	rbx, rbx, rdi
	cmp	rdi, 64
	cmovae	rbx, r10
	test	r9, r9
	cmovg	rbx, r14
	or	rax, rbx
	add	rdi, -8
	lea	r9, [r11 + 8]
	add	r11, 16
	cmp	r11, r8
	jle	.LBB0_12
# %bb.3:                                # %L557.preheader
	lea	r10, [r9 + 1]
	cmp	r10, r8
	jg	.LBB0_6
# %bb.4:                                # %L589.lr.ph
	xor	r10d, r10d
	.p2align	4, 0x90
.LBB0_5:                                # %L589
                                        # =>This Inner Loop Header: Depth=1
	xor	r11d, r11d
	cmp	dword ptr [rsi + 4*r9], edx
	sete	r11b
	shlx	rbx, r11, r9
	cmp	r9, 64
	cmovae	rbx, r10
	shrx	r11, r11, rdi
	cmp	rdi, 64
	cmovae	r11, r10
	test	r9, r9
	cmovns	r11, rbx
	or	rax, r11
	lea	r11, [r9 + 1]
	add	r9, 2
	dec	rdi
	cmp	r9, r8
	mov	r9, r11
	jle	.LBB0_5
.LBB0_6:                                # %L635
	and	rax, rcx
.LBB0_7:                                # %common.ret
	pop	rbx
	pop	r14
	pop	rbp
	vzeroupper
	ret
.Lfunc_end0:
	.size	julia_gated_read_2024, .Lfunc_end0-julia_gated_read_2024
                                        # -- End function
	.section	".note.GNU-stack","",@progbits
	.text
	.file	"gated_read"
	.section	.ltext,"axl",@progbits
	.globl	julia_gated_read_2029           # -- Begin function julia_gated_read_2029
	.p2align	4, 0x90
	.type	julia_gated_read_2029,@function
julia_gated_read_2029:                  # @julia_gated_read_2029
; Function Signature: gated_read(Array{UInt32, 2}, Int64, UInt32, UInt64, typeof(Base.:(<=)), Base.Val{:half}, Base.Val{:native})
# %bb.0:                                # %top
	#DEBUG_VALUE: gated_read:labels <- [$rdi+0]
	#DEBUG_VALUE: gated_read:state <- $rsi
	#DEBUG_VALUE: gated_read:time <- $edx
	#DEBUG_VALUE: gated_read:mask <- $rcx
	push	rbp
	mov	rbp, rsp
	push	r14
	push	rbx
	mov	r8, qword ptr [rdi + 16]
	cmp	r8, 15
	jle	.LBB0_1
# %bb.10:                               # %pass
	popcnt	rax, rcx
	mov	r9, r8
	shr	r9
	mov	r10d, r8d
	and	r10d, 1
	add	r10, r9
	cmp	r10, rax
	jbe	.LBB0_11
.LBB0_1:                                # %L639.preheader
	test	rcx, rcx
	je	.LBB0_2
# %bb.8:                                # %L644.lr.ph
	movabs	rax, 4611686018427387903
	add	rsi, rax
	imul	r8, rsi
	mov	rsi, qword ptr [rdi]
	xor	eax, eax
	mov	edi, 1
	.p2align	4, 0x90
.LBB0_9:                                # %L644
                                        # =>This Inner Loop Header: Depth=1
	tzcnt	r9, rcx
	lea	r10, [r8 + r9]
	cmp	dword ptr [rsi + 4*r10], edx
	shlx	r9, rdi, r9
	mov	r10d, 0
	cmovbe	r10, r9
	or	rax, r10
	blsr	rcx, rcx
	jne	.LBB0_9
	jmp	.LBB0_7
.LBB0_2:
	xor	eax, eax
	jmp	.LBB0_7
.LBB0_11:                               # %L30.lr.ph
	movabs	rax, 4611686018427387903
	add	rsi, rax
	imul	rsi, r8
	mov	rax, qword ptr [rdi]
	vmovd	xmm0, edx
	vpbroadcastd	ymm0, xmm0
	lea	rsi, [rax + 4*rsi]
	xor	r10d, r10d
	xor	r9d, r9d
	xor	edi, edi
	xor	eax, eax
	.p2align	4, 0x90
.LBB0_12:                               # %L30
                                        # =>This Inner Loop Header: Depth=1
	mov	r11, r9
	inc	r9
	vmovdqu	ymm1, ymmword ptr [rsi + 4*r11]
	vpminud	ymm2, ymm1, ymm0
	vpcmpeqd	ymm1, ymm1, ymm2
	vmovmskps	ebx, ymm1
	shlx	r14, rbx, r11
	cmp	r11, 64
	cmovae	r14, r10
	shrx	rbx, rbx, rdi
	cmp	rdi, 64
	cmovae	rbx, r10
	test	r9, r9
	cmovg	rbx, r14
	or	rax, rbx
	add	rdi, -8
	lea	r9, [r11 + 8]
	add	r11, 16
	cmp	r11, r8
	jle	.LBB0_12
# %bb.3:                                # %L557.preheader
	lea	r10, [r9 + 1]
	cmp	r10, r8
	jg	.LBB0_6
# %bb.4:                                # %L589.lr.ph
	xor	r10d, r10d
	.p2align	4, 0x90
.LBB0_5:                                # %L589
                                        # =>This Inner Loop Header: Depth=1
	xor	r11d, r11d
	cmp	dword ptr [rsi + 4*r9], edx
	setbe	r11b
	shlx	rbx, r11, r9
	cmp	r9, 64
	cmovae	rbx, r10
	shrx	r11, r11, rdi
	cmp	rdi, 64
	cmovae	r11, r10
	test	r9, r9
	cmovns	r11, rbx
	or	rax, r11
	lea	r11, [r9 + 1]
	add	r9, 2
	dec	rdi
	cmp	r9, r8
	mov	r9, r11
	jle	.LBB0_5
.LBB0_6:                                # %L635
	and	rax, rcx
.LBB0_7:                                # %common.ret
	pop	rbx
	pop	r14
	pop	rbp
	vzeroupper
	ret
.Lfunc_end0:
	.size	julia_gated_read_2029, .Lfunc_end0-julia_gated_read_2029
                                        # -- End function
	.section	".note.GNU-stack","",@progbits
