network,resolution,city,fold,family,cpu_ms,wall_ms,gc_ms,compile_ms,rss_bytes,external_cores,workers,reused_workers,output_bytes,url
everything,5,Paris,train,0,0.922000000002754,0.400136,0,0,20641853440,0,1,0,1178,/reachable?network=everything&index=851fb467fffffff&departure_h=8&budget_h=0.0&max_walk_h=0.0&metric=time&encoding=split&distance_mode=itinerary
everything,5,Paris,train,0,18.26099999999542,4.922159,0,0,20703686656,6.448186669014697,1,0,5858,/reachable?network=everything&index=851fb467fffffff&departure_h=17&budget_h=0.5&max_walk_h=0.1&metric=time_distance_quantile&encoding=string&distance_mode=straight_line
everything,5,Paris,train,1,0.990999999999076,0.91571,0,0,20842393600,0,2,0,4090,/reachable?network=everything&index=851fb467fffffff&departure_h=8&budget_h=0.25&max_walk_h=0.1&metric=time&encoding=split&distance_mode=itinerary&window_h=0.06666666666666667&step_h=0.016666666666666666&window_mode=mean_intersection
everything,5,Paris,train,1,5.5109999999842785,1.752901,0,0,20926267392,0,3,0,18786,/reachable?network=everything&index=851fb467fffffff&departure_h=17&budget_h=1.0&max_walk_h=0.5&metric=time_distance_quantile&encoding=string&distance_mode=straight_line&window_h=0.26666666666666666&step_h=0.016666666666666666&window_mode=min_union
everything,5,Paris,train,2,39.093999999977314,8.033263,0,0,20757487616,0,1,1,1082,/reachable?network=everything&index=851fb467fffffff&departure_h=8&budget_h=0.5&max_walk_h=0.5&metric=accessible_population&encoding=split&distance_mode=itinerary&origin_radius=2&exclude_origin_population=false
everything,5,Paris,train,2,106.52100000001496,26.854862,0,0,20758388736,0.8742923306858299,3,3,9258,/reachable?network=everything&index=851fb467fffffff&departure_h=17&budget_h=3.0&max_walk_h=1.0&metric=accessible_population&encoding=string&distance_mode=straight_line&origin_radius=10&exclude_origin_population=true
everything,5,Paris,train,3,74.90900000001943,19.731774,0,0,20758388736,1.7784006700272388,3,3,2234,/reachable?network=everything&index=851fb467fffffff&departure_h=8&budget_h=1.0&max_walk_h=1.0&metric=accessible_population&encoding=split&distance_mode=itinerary&origin_radius=5&exclude_origin_population=false&window_h=1.6&step_h=0.016666666666666666&window_mode=mean_intersection
everything,5,Paris,train,3,9638.112000000006,3244.3362260000004,0,0,20758429696,2.451006136825407,3,3,25650,/reachable?network=everything&index=851fb467fffffff&departure_h=17&budget_h=6.0&max_walk_h=0.0&metric=accessible_population&encoding=string&distance_mode=straight_line&origin_radius=18&exclude_origin_population=true&window_h=13.02&step_h=0.06&window_mode=min_union
everything,5,Berlin,train,0,1.508000000001175,0.5210739999999999,0,0,20758429696,0,1,0,2098,/reachable?network=everything&index=851f1d4bfffffff&departure_h=8&budget_h=0.25&max_walk_h=0.1&metric=time&encoding=split&distance_mode=itinerary
everything,5,Berlin,train,0,3.5929999999950724,1.12925,0,0,20758429696,5.673677227645032,1,0,8274,/reachable?network=everything&index=851f1d4bfffffff&departure_h=17&budget_h=1.0&max_walk_h=0.5&metric=time_distance_quantile&encoding=string&distance_mode=straight_line
everything,5,Berlin,train,1,17.731000000026143,4.273519,0,0,20758446080,0.5309441747188463,3,0,5282,/reachable?network=everything&index=851f1d4bfffffff&departure_h=8&budget_h=0.5&max_walk_h=0.5&metric=time&encoding=split&distance_mode=itinerary&window_h=0.26666666666666666&step_h=0.016666666666666666&window_mode=min_union
everything,5,Berlin,train,1,17.622000000017124,6.925586,0,0,20758528000,1.7872855853530016,3,0,58298,/reachable?network=everything&index=851f1d4bfffffff&departure_h=17&budget_h=3.0&max_walk_h=1.0&metric=time_distance_quantile&encoding=string&distance_mode=straight_line&window_h=1.6&step_h=0.016666666666666666&window_mode=max_intersection
everything,5,Berlin,train,2,4.0300000000002,1.752167,0,0,20758528000,0,2,2,2234,/reachable?network=everything&index=851f1d4bfffffff&departure_h=8&budget_h=1.0&max_walk_h=1.0&metric=accessible_population&encoding=split&distance_mode=itinerary&origin_radius=5&exclude_origin_population=false
everything,5,Berlin,train,2,522.3430000000064,162.2499,0,0,20758712320,2.389258791014198,3,3,24810,/reachable?network=everything&index=851f1d4bfffffff&departure_h=17&budget_h=6.0&max_walk_h=0.0&metric=accessible_population&encoding=string&distance_mode=straight_line&origin_radius=18&exclude_origin_population=true
everything,5,Berlin,train,3,4535.110000000003,1660.480722,0,0,20758712320,2.086678847934253,3,3,6074,/reachable?network=everything&index=851f1d4bfffffff&departure_h=8&budget_h=3.0&max_walk_h=0.0&metric=accessible_population&encoding=split&distance_mode=itinerary&origin_radius=10&exclude_origin_population=false&window_h=13.02&step_h=0.06&window_mode=min_union
everything,5,Berlin,train,3,2.59700000000862,0.387126,0,0,20758712320,0,1,1,610,/reachable?network=everything&index=851f1d4bfffffff&departure_h=17&budget_h=0.0&max_walk_h=0.1&metric=accessible_population&encoding=string&distance_mode=straight_line&origin_radius=0&exclude_origin_population=true&window_h=0.26666666666666666&step_h=0.016666666666666666&window_mode=max_intersection
everything,5,Vienna,train,0,1.105999999992946,0.531789,0,0,20758712320,0,1,0,2674,/reachable?network=everything&index=851e15b7fffffff&departure_h=8&budget_h=0.5&max_walk_h=0.5&metric=time&encoding=split&distance_mode=itinerary
everything,5,Vienna,train,0,5.459999999999354,2.890404,0,0,20758712320,0,1,0,65682,/reachable?network=everything&index=851e15b7fffffff&departure_h=17&budget_h=3.0&max_walk_h=1.0&metric=time_distance_quantile&encoding=string&distance_mode=straight_line
everything,5,Vienna,train,1,17.54199999999173,6.135726,0,0,20758724608,2.030403578638933,3,0,4722,/reachable?network=everything&index=851e15b7fffffff&departure_h=8&budget_h=1.0&max_walk_h=1.0&metric=time&encoding=split&distance_mode=itinerary&window_h=1.6&step_h=0.016666666666666666&window_mode=max_intersection
everything,5,Vienna,train,1,65.74299999999766,47.991637,0,0,20758949888,3.630986790275337,3,0,411874,/reachable?network=everything&index=851e15b7fffffff&departure_h=17&budget_h=6.0&max_walk_h=0.0&metric=time_distance_quantile&encoding=string&distance_mode=straight_line&window_h=13.02&step_h=0.06&window_mode=diff_union
everything,5,Vienna,train,2,97.15300000002003,29.802108,0,0,20758974464,3.1154507653261057,3,3,6074,/reachable?network=everything&index=851e15b7fffffff&departure_h=8&budget_h=3.0&max_walk_h=0.0&metric=accessible_population&encoding=split&distance_mode=itinerary&origin_radius=10&exclude_origin_population=false
everything,5,Vienna,train,2,2.008999999986827,0.782616,0,0,20758974464,0,1,1,610,/reachable?network=everything&index=851e15b7fffffff&departure_h=17&budget_h=0.0&max_walk_h=0.1&metric=accessible_population&encoding=string&distance_mode=straight_line&origin_radius=0&exclude_origin_population=true
everything,5,Vienna,train,3,1816.1020000000008,569.198021,0,0,20758978560,2.9583693861788727,3,3,17210,/reachable?network=everything&index=851e15b7fffffff&departure_h=8&budget_h=6.0&max_walk_h=0.1&metric=accessible_population&encoding=split&distance_mode=itinerary&origin_radius=18&exclude_origin_population=false&window_h=0.26666666666666666&step_h=0.016666666666666666&window_mode=max_intersection
everything,5,Vienna,train,3,3.8269999999727133,1.033746,0,0,20758978560,0,1,1,810,/reachable?network=everything&index=851e15b7fffffff&departure_h=17&budget_h=0.25&max_walk_h=0.5&metric=accessible_population&encoding=string&distance_mode=straight_line&origin_radius=1&exclude_origin_population=true&window_h=0.03333333333333333&step_h=0.016666666666666666&window_mode=diff_union
everything,5,rural,train,0,1.9069999999885567,0.7354660000000001,0,0,20758978560,0,1,0,4954,/reachable?network=everything&index=851fb003fffffff&departure_h=8&budget_h=1.0&max_walk_h=1.0&metric=time&encoding=split&distance_mode=itinerary
everything,5,rural,train,0,8.772999999990816,6.475662,0,0,20758978560,1.7337223620744313,1,0,193474,/reachable?network=everything&index=851fb003fffffff&departure_h=17&budget_h=6.0&max_walk_h=0.0&metric=time_distance_quantile&encoding=string&distance_mode=straight_line
everything,5,rural,train,1,83.55099999999993,56.737218,0,0,20759121920,2.757431638447392,2,0,139274,/reachable?network=everything&index=851fb003fffffff&departure_h=8&budget_h=3.0&max_walk_h=0.0&metric=time&encoding=split&distance_mode=itinerary&window_h=13.02&step_h=0.06&window_mode=diff_union
everything,5,rural,train,1,1.8640000000118562,0.738649,0,0,20759134208,0,3,0,2018,/reachable?network=everything&index=851fb003fffffff&departure_h=17&budget_h=0.0&max_walk_h=0.1&metric=time_distance_quantile&encoding=string&distance_mode=straight_line&window_h=0.26666666666666666&step_h=0.016666666666666666&window_mode=diff_intersection
everything,5,rural,train,2,819.3019999999933,252.33798000000002,0,0,20759334912,2.697564591743211,3,3,16730,/reachable?network=everything&index=851fb003fffffff&departure_h=8&budget_h=6.0&max_walk_h=0.1&metric=accessible_population&encoding=split&distance_mode=itinerary&origin_radius=18&exclude_origin_population=false
everything,5,rural,train,2,1.821000000006734,0.7054239999999999,0,0,20759334912,0,1,1,786,/reachable?network=everything&index=851fb003fffffff&departure_h=17&budget_h=0.25&max_walk_h=0.5&metric=accessible_population&encoding=string&distance_mode=straight_line&origin_radius=1&exclude_origin_population=true
everything,5,rural,train,3,18.963000000013608,5.01297,0,0,20759334912,2.2016888247737505,1,1,794,/reachable?network=everything&index=851fb003fffffff&departure_h=8&budget_h=0.0&max_walk_h=0.5&metric=accessible_population&encoding=split&distance_mode=itinerary&origin_radius=0&exclude_origin_population=false&window_h=0.03333333333333333&step_h=0.016666666666666666&window_mode=diff_union
everything,5,rural,train,3,7.586000000003423,3.096507,0,0,20759334912,0.7795881001753919,2,2,1106,/reachable?network=everything&index=851fb003fffffff&departure_h=17&budget_h=0.5&max_walk_h=1.0&metric=accessible_population&encoding=string&distance_mode=straight_line&origin_radius=2&exclude_origin_population=true&window_h=0.06666666666666667&step_h=0.016666666666666666&window_mode=diff_intersection
everything,5,Munich,calibration,0,11.956999999995332,4.254682,0,0,20759334912,4.240739972563013,1,0,51634,/reachable?network=everything&index=851f8d47fffffff&departure_h=8&budget_h=3.0&max_walk_h=0.0&metric=time&encoding=split&distance_mode=itinerary
everything,5,Munich,calibration,0,0.36600000001385524,0.346354,0,0,20762677248,0,1,0,962,/reachable?network=everything&index=851f8d47fffffff&departure_h=17&budget_h=0.0&max_walk_h=0.1&metric=time&encoding=string&distance_mode=straight_line
everything,5,Munich,calibration,1,96.37200000000234,36.246737,0,0,20781219840,2.307186993621956,3,0,289762,/reachable?network=everything&index=851f8d47fffffff&departure_h=8&budget_h=6.0&max_walk_h=0.1&metric=time&encoding=split&distance_mode=itinerary&window_h=0.26666666666666666&step_h=0.016666666666666666&window_mode=diff_intersection
everything,5,Munich,calibration,1,1.7809999999940374,0.987829,0,0,20790845440,0,2,0,4282,/reachable?network=everything&index=851f8d47fffffff&departure_h=17&budget_h=0.25&max_walk_h=0.5&metric=time&encoding=string&distance_mode=straight_line&window_h=0.03333333333333333&step_h=0.016666666666666666&window_mode=reachable_union
everything,5,Munich,calibration,2,120.0550000000078,23.830619000000002,0,0,20790878208,1.6762048823059599,1,1,794,/reachable?network=everything&index=851f8d47fffffff&departure_h=8&budget_h=0.0&max_walk_h=0.5&metric=accessible_population&encoding=split&distance_mode=itinerary&origin_radius=0&exclude_origin_population=false
everything,5,Munich,calibration,2,2.300999999988562,0.778698,0,0,20790910976,0,1,1,1130,/reachable?network=everything&index=851f8d47fffffff&departure_h=17&budget_h=0.5&max_walk_h=1.0&metric=accessible_population&encoding=string&distance_mode=straight_line&origin_radius=2&exclude_origin_population=true
everything,5,Munich,calibration,3,2.8240000000039345,0.619753,0,0,20790935552,11.57880641047206,1,1,890,/reachable?network=everything&index=851f8d47fffffff&departure_h=8&budget_h=0.25&max_walk_h=1.0&metric=accessible_population&encoding=split&distance_mode=itinerary&origin_radius=1&exclude_origin_population=false&window_h=0.06666666666666667&step_h=0.016666666666666666&window_mode=diff_intersection
everything,5,Munich,calibration,3,51.43300000000295,15.544357,0,0,20791009280,3.1244135643757196,3,3,3074,/reachable?network=everything&index=851f8d47fffffff&departure_h=17&budget_h=1.0&max_walk_h=0.0&metric=accessible_population&encoding=string&distance_mode=straight_line&origin_radius=5&exclude_origin_population=true&window_h=0.26666666666666666&step_h=0.016666666666666666&window_mode=reachable_union
everything,5,London,test,0,10.118000000005622,8.517393,0,0,20791033856,3.5083505055182123,1,0,155058,/reachable?network=everything&index=85194ad3fffffff&departure_h=8&budget_h=6.0&max_walk_h=0.1&metric=time&encoding=split&distance_mode=itinerary
everything,5,London,test,0,1.1869999999873926,0.5325380000000001,0,0,20791095296,0,1,0,6914,/reachable?network=everything&index=85194ad3fffffff&departure_h=17&budget_h=0.25&max_walk_h=0.5&metric=time_distance_quantile&encoding=string&distance_mode=straight_line
everything,5,London,test,1,1.1290000000201417,0.612849,0,0,20791119872,47.1094837846183,2,0,1810,/reachable?network=everything&index=85194ad3fffffff&departure_h=8&budget_h=0.0&max_walk_h=0.5&metric=time&encoding=split&distance_mode=itinerary&window_h=0.03333333333333333&step_h=0.016666666666666666&window_mode=reachable_union
everything,5,London,test,1,3.5239999999987504,1.4173930000000001,0,0,20791209984,0,2,0,14218,/reachable?network=everything&index=85194ad3fffffff&departure_h=17&budget_h=0.5&max_walk_h=1.0&metric=time_distance_quantile&encoding=string&distance_mode=straight_line&window_h=0.06666666666666667&step_h=0.016666666666666666&window_mode=mean_intersection
everything,5,London,test,2,19.223999999979924,3.610766,0,0,20791242752,8.523399138508438,1,1,890,/reachable?network=everything&index=85194ad3fffffff&departure_h=8&budget_h=0.25&max_walk_h=1.0&metric=accessible_population&encoding=split&distance_mode=itinerary&origin_radius=1&exclude_origin_population=false
everything,5,London,test,2,6.332999999983713,2.648411,0,0,20791316480,5.160452821953519,2,2,3050,/reachable?network=everything&index=85194ad3fffffff&departure_h=17&budget_h=1.0&max_walk_h=0.0&metric=accessible_population&encoding=string&distance_mode=straight_line&origin_radius=5&exclude_origin_population=true
everything,5,London,test,3,33.68000000000393,6.352242,0,0,20791357440,0.9949243176265914,2,2,1082,/reachable?network=everything&index=85194ad3fffffff&departure_h=8&budget_h=0.5&max_walk_h=0.0&metric=accessible_population&encoding=split&distance_mode=itinerary&origin_radius=2&exclude_origin_population=false&window_h=0.26666666666666666&step_h=0.016666666666666666&window_mode=reachable_union
everything,5,London,test,3,631.245999999976,191.043251,0,0,20792233984,2.401309638956275,3,3,7178,/reachable?network=everything&index=85194ad3fffffff&departure_h=17&budget_h=3.0&max_walk_h=0.1&metric=accessible_population&encoding=string&distance_mode=straight_line&origin_radius=10&exclude_origin_population=true&window_h=1.6&step_h=0.016666666666666666&window_mode=mean_intersection
everything,6,Paris,train,0,2.0360000000323453,0.580382,0,0,20581785600,30.952028179016764,1,0,1202,/reachable?network=everything&index=861fb4667ffffff&departure_h=8&budget_h=0.0&max_walk_h=0.0&metric=time&encoding=split&distance_mode=itinerary
everything,6,Paris,train,0,3.045999999983451,1.5714489999999999,0,0,20581789696,17.152322492143384,1,0,12818,/reachable?network=everything&index=861fb4667ffffff&departure_h=17&budget_h=0.5&max_walk_h=0.1&metric=time_distance_quantile&encoding=string&distance_mode=straight_line
everything,6,Paris,train,1,5.8300000000031105,2.521704,0,0,20581871616,5.619216219914526,2,0,7410,/reachable?network=everything&index=861fb4667ffffff&departure_h=8&budget_h=0.25&max_walk_h=0.1&metric=time&encoding=split&distance_mode=itinerary&window_h=0.06666666666666667&step_h=0.016666666666666666&window_mode=mean_intersection
everything,6,Paris,train,1,18.15399999998135,6.255292,0,0,20582678528,0.29511012733619785,3,0,41274,/reachable?network=everything&index=861fb4667ffffff&departure_h=17&budget_h=1.0&max_walk_h=0.5&metric=time_distance_quantile&encoding=string&distance_mode=straight_line&window_h=0.26666666666666666&step_h=0.016666666666666666&window_mode=min_union
everything,6,Paris,train,2,2.7870000000120854,1.4955479999999999,0,0,20583092224,4.822981281310356,1,1,1082,/reachable?network=everything&index=861fb4667ffffff&departure_h=8&budget_h=0.5&max_walk_h=0.5&metric=accessible_population&encoding=split&distance_mode=itinerary&origin_radius=2&exclude_origin_population=false
everything,6,Paris,train,2,126.67600000003176,38.599666,0,0,20592812032,3.1949499252135563,3,3,9530,/reachable?network=everything&index=861fb4667ffffff&departure_h=17&budget_h=3.0&max_walk_h=1.0&metric=accessible_population&encoding=string&distance_mode=straight_line&origin_radius=10&exclude_origin_population=true
everything,6,Paris,train,3,204.02400000000398,62.784409,0,0,20661014528,2.643586242548275,3,3,2234,/reachable?network=everything&index=861fb4667ffffff&departure_h=8&budget_h=1.0&max_walk_h=1.0&metric=accessible_population&encoding=split&distance_mode=itinerary&origin_radius=5&exclude_origin_population=false&window_h=1.6&step_h=0.016666666666666666&window_mode=mean_intersection
everything,6,Paris,train,3,22853.138000000003,7667.4141469999995,0,0,20676214784,1.4929234003259542,3,3,25890,/reachable?network=everything&index=861fb4667ffffff&departure_h=17&budget_h=6.0&max_walk_h=0.0&metric=accessible_population&encoding=string&distance_mode=straight_line&origin_radius=18&exclude_origin_population=true&window_h=13.02&step_h=0.06&window_mode=min_union
everything,6,Berlin,train,0,3.68500000001859,1.9235879999999999,0,0,20681883648,0,1,0,3098,/reachable?network=everything&index=861f1d48fffffff&departure_h=8&budget_h=0.25&max_walk_h=0.1&metric=time&encoding=split&distance_mode=itinerary
everything,6,Berlin,train,0,2.8720000000248547,1.7261240000000002,0,0,20683767808,4.1294831711327635,1,0,14762,/reachable?network=everything&index=861f1d48fffffff&departure_h=17&budget_h=1.0&max_walk_h=0.5&metric=time_distance_quantile&encoding=string&distance_mode=straight_line
everything,6,Berlin,train,1,21.198000000026695,9.977176,0,0,20726784000,0,3,0,9650,/reachable?network=everything&index=861f1d48fffffff&departure_h=8&budget_h=0.5&max_walk_h=0.5&metric=time&encoding=split&distance_mode=itinerary&window_h=0.26666666666666666&step_h=0.016666666666666666&window_mode=min_union
everything,6,Berlin,train,1,46.58200000000079,18.332206,0,0,20741042176,1.2774240080649208,3,0,110826,/reachable?network=everything&index=861f1d48fffffff&departure_h=17&budget_h=3.0&max_walk_h=1.0&metric=time_distance_quantile&encoding=string&distance_mode=straight_line&window_h=1.6&step_h=0.016666666666666666&window_mode=max_intersection
everything,6,Berlin,train,2,5.504999999971005,1.822107,0,0,20741046272,2.4669242856441587,2,2,2234,/reachable?network=everything&index=861f1d48fffffff&departure_h=8&budget_h=1.0&max_walk_h=1.0&metric=accessible_population&encoding=split&distance_mode=itinerary&origin_radius=5&exclude_origin_population=false
everything,6,Berlin,train,2,435.79500000004145,148.682755,0,0,20757397504,2.516801629454861,3,3,24026,/reachable?network=everything&index=861f1d48fffffff&departure_h=17&budget_h=6.0&max_walk_h=0.0&metric=accessible_population&encoding=string&distance_mode=straight_line&origin_radius=18&exclude_origin_population=true
everything,6,Berlin,train,3,5152.786999999989,1749.869074,0,0,20761886720,2.1071365023071604,3,3,6074,/reachable?network=everything&index=861f1d48fffffff&departure_h=8&budget_h=3.0&max_walk_h=0.0&metric=accessible_population&encoding=split&distance_mode=itinerary&origin_radius=10&exclude_origin_population=false&window_h=13.02&step_h=0.06&window_mode=min_union
everything,6,Berlin,train,3,28.908000000001266,6.042173,0,0,20761894912,3.49079711000742,1,1,610,/reachable?network=everything&index=861f1d48fffffff&departure_h=17&budget_h=0.0&max_walk_h=0.1&metric=accessible_population&encoding=string&distance_mode=straight_line&origin_radius=0&exclude_origin_population=true&window_h=0.26666666666666666&step_h=0.016666666666666666&window_mode=max_intersection
everything,6,Vienna,train,0,31.204999999999927,9.539748000000001,0,0,20767551488,3.018423528907554,1,0,3442,/reachable?network=everything&index=861e15b47ffffff&departure_h=8&budget_h=0.5&max_walk_h=0.5&metric=time&encoding=split&distance_mode=itinerary
everything,6,Vienna,train,0,4.856999999958589,3.56452,0,0,20769447936,7.053684655432173,1,0,88570,/reachable?network=everything&index=861e15b47ffffff&departure_h=17&budget_h=3.0&max_walk_h=1.0&metric=time_distance_quantile&encoding=string&distance_mode=straight_line
everything,6,Vienna,train,1,87.29099999999335,33.657245,0,0,20814839808,3.3487292246718505,3,0,6666,/reachable?network=everything&index=861e15b47ffffff&departure_h=8&budget_h=1.0&max_walk_h=1.0&metric=time&encoding=split&distance_mode=itinerary&window_h=1.6&step_h=0.016666666666666666&window_mode=max_intersection
everything,6,Vienna,train,1,256.2669999999798,135.414277,32.915257000000004,0,20875210752,2.3906858807400786,3,0,755330,/reachable?network=everything&index=861e15b47ffffff&departure_h=17&budget_h=6.0&max_walk_h=0.0&metric=time_distance_quantile&encoding=string&distance_mode=straight_line&window_h=13.02&step_h=0.06&window_mode=diff_union
everything,6,Vienna,train,2,69.81499999994867,14.512005,0,0,20875210752,2.7690866885496646,3,3,6074,/reachable?network=everything&index=861e15b47ffffff&departure_h=8&budget_h=3.0&max_walk_h=0.0&metric=accessible_population&encoding=split&distance_mode=itinerary&origin_radius=10&exclude_origin_population=false
everything,6,Vienna,train,2,2.7729999999905885,0.925051,0,0,20875210752,0,1,1,610,/reachable?network=everything&index=861e15b47ffffff&departure_h=17&budget_h=0.0&max_walk_h=0.1&metric=accessible_population&encoding=string&distance_mode=straight_line&origin_radius=0&exclude_origin_population=true
everything,6,Vienna,train,3,1702.4670000000128,538.353867,0,0,20875563008,1.797206371558359,3,3,17186,/reachable?network=everything&index=861e15b47ffffff&departure_h=8&budget_h=6.0&max_walk_h=0.1&metric=accessible_population&encoding=split&distance_mode=itinerary&origin_radius=18&exclude_origin_population=false&window_h=0.26666666666666666&step_h=0.016666666666666666&window_mode=max_intersection
everything,6,Vienna,train,3,2.908999999988282,0.834751,0,0,20875563008,0,1,1,810,/reachable?network=everything&index=861e15b47ffffff&departure_h=17&budget_h=0.25&max_walk_h=0.5&metric=accessible_population&encoding=string&distance_mode=straight_line&origin_radius=1&exclude_origin_population=true&window_h=0.03333333333333333&step_h=0.016666666666666666&window_mode=diff_union
everything,6,rural,train,0,2.031999999985601,0.8976770000000001,0,0,20876890112,0,1,0,1202,/reachable?network=everything&index=861fb000fffffff&departure_h=8&budget_h=1.0&max_walk_h=1.0&metric=time&encoding=split&distance_mode=itinerary
everything,6,rural,train,0,8.303000000012162,7.114699000000001,0,0,20876890112,1.6440611217163634,1,0,242266,/reachable?network=everything&index=861fb000fffffff&departure_h=17&budget_h=6.0&max_walk_h=0.0&metric=time_distance_quantile&encoding=string&distance_mode=straight_line
everything,6,rural,train,1,8.584999999982301,7.481126000000001,0,0,20878045184,0.18914262057613798,1,0,112914,/reachable?network=everything&index=861fb000fffffff&departure_h=8&budget_h=3.0&max_walk_h=0.0&metric=time&encoding=split&distance_mode=itinerary&window_h=13.02&step_h=0.06&window_mode=diff_union
everything,6,rural,train,1,4.658000000006268,1.8169620000000002,0,0,20878045184,2.940072499758915,3,0,2018,/reachable?network=everything&index=861fb000fffffff&departure_h=17&budget_h=0.0&max_walk_h=0.1&metric=time_distance_quantile&encoding=string&distance_mode=straight_line&window_h=0.26666666666666666&step_h=0.016666666666666666&window_mode=diff_intersection
everything,6,rural,train,2,849.8569999999859,285.66830799999997,0,0,20878045184,3.0459906668123455,3,3,17210,/reachable?network=everything&index=861fb000fffffff&departure_h=8&budget_h=6.0&max_walk_h=0.1&metric=accessible_population&encoding=split&distance_mode=itinerary&origin_radius=18&exclude_origin_population=false
everything,6,rural,train,2,3.0809999999519277,0.881271,0,0,20878045184,0,1,1,674,/reachable?network=everything&index=861fb000fffffff&departure_h=17&budget_h=0.25&max_walk_h=0.5&metric=accessible_population&encoding=string&distance_mode=straight_line&origin_radius=1&exclude_origin_population=true
everything,6,rural,train,3,2.624000000025717,0.700176,0,0,20878045184,0,1,1,794,/reachable?network=everything&index=861fb000fffffff&departure_h=8&budget_h=0.0&max_walk_h=0.5&metric=accessible_population&encoding=split&distance_mode=itinerary&origin_radius=0&exclude_origin_population=false&window_h=0.03333333333333333&step_h=0.016666666666666666&window_mode=diff_union
everything,6,rural,train,3,1.8239999999991596,1.184629,0,0,20878045184,0,1,1,810,/reachable?network=everything&index=861fb000fffffff&departure_h=17&budget_h=0.5&max_walk_h=1.0&metric=accessible_population&encoding=string&distance_mode=straight_line&origin_radius=2&exclude_origin_population=true&window_h=0.06666666666666667&step_h=0.016666666666666666&window_mode=diff_intersection
everything,6,Munich,calibration,0,3.2350000000178625,2.015025,0,0,20878045184,0,1,0,59634,/reachable?network=everything&index=861f8d7a7ffffff&departure_h=8&budget_h=3.0&max_walk_h=0.0&metric=time&encoding=split&distance_mode=itinerary
everything,6,Munich,calibration,0,1.721000000031836,1.410532,0,0,20878045184,0,1,0,962,/reachable?network=everything&index=861f8d7a7ffffff&departure_h=17&budget_h=0.0&max_walk_h=0.1&metric=time&encoding=string&distance_mode=straight_line
everything,6,Munich,calibration,1,257.5640000000021,93.29619699999999,0,0,20882673664,3.563232055975296,3,0,630506,/reachable?network=everything&index=861f8d7a7ffffff&departure_h=8&budget_h=6.0&max_walk_h=0.1&metric=time&encoding=split&distance_mode=itinerary&window_h=0.26666666666666666&step_h=0.016666666666666666&window_mode=diff_intersection
everything,6,Munich,calibration,1,27.608999999984007,7.011201,0,0,20884320256,7.472471560082473,2,0,5026,/reachable?network=everything&index=861f8d7a7ffffff&departure_h=17&budget_h=0.25&max_walk_h=0.5&metric=time&encoding=string&distance_mode=straight_line&window_h=0.03333333333333333&step_h=0.016666666666666666&window_mode=reachable_union
everything,6,Munich,calibration,2,4.9619999999777065,1.71326,0,0,20884320256,0,1,1,794,/reachable?network=everything&index=861f8d7a7ffffff&departure_h=8&budget_h=0.0&max_walk_h=0.5&metric=accessible_population&encoding=split&distance_mode=itinerary&origin_radius=0&exclude_origin_population=false
everything,6,Munich,calibration,2,27.92299999998704,6.910303,0,0,20884320256,6.089023891601503,1,1,1130,/reachable?network=everything&index=861f8d7a7ffffff&departure_h=17&budget_h=0.5&max_walk_h=1.0&metric=accessible_population&encoding=string&distance_mode=straight_line&origin_radius=2&exclude_origin_population=true
everything,6,Munich,calibration,3,2.4829999999838037,1.055501,0,0,20884320256,16.595910175179373,1,1,890,/reachable?network=everything&index=861f8d7a7ffffff&departure_h=8&budget_h=0.25&max_walk_h=1.0&metric=accessible_population&encoding=split&distance_mode=itinerary&origin_radius=1&exclude_origin_population=false&window_h=0.06666666666666667&step_h=0.016666666666666666&window_mode=diff_intersection
everything,6,Munich,calibration,3,29.436999999973068,9.345536,0,0,20884320256,3.270331424105186,3,3,3074,/reachable?network=everything&index=861f8d7a7ffffff&departure_h=17&budget_h=1.0&max_walk_h=0.0&metric=accessible_population&encoding=string&distance_mode=straight_line&origin_radius=5&exclude_origin_population=true&window_h=0.26666666666666666&step_h=0.016666666666666666&window_mode=reachable_union
everything,6,London,test,0,22.628999999994903,21.138678000000002,0,0,20885712896,2.24096321597628,1,0,424026,/reachable?network=everything&index=86195da4fffffff&departure_h=8&budget_h=6.0&max_walk_h=0.1&metric=time&encoding=split&distance_mode=itinerary
everything,6,London,test,0,1.7230000000267864,1.1508239999999998,0,0,20886671360,7.192237917602031,1,0,9274,/reachable?network=everything&index=86195da4fffffff&departure_h=17&budget_h=0.25&max_walk_h=0.5&metric=time_distance_quantile&encoding=string&distance_mode=straight_line
everything,6,London,test,1,7.816999999988639,4.849157,0,0,20897345536,6.636823686522063,2,0,1850,/reachable?network=everything&index=86195da4fffffff&departure_h=8&budget_h=0.0&max_walk_h=0.5&metric=time&encoding=split&distance_mode=itinerary&window_h=0.03333333333333333&step_h=0.016666666666666666&window_mode=reachable_union
everything,6,London,test,1,7.260999999971318,5.131233,0,0,20905992192,2.4826391665814307,2,0,24346,/reachable?network=everything&index=86195da4fffffff&departure_h=17&budget_h=0.5&max_walk_h=1.0&metric=time_distance_quantile&encoding=string&distance_mode=straight_line&window_h=0.06666666666666667&step_h=0.016666666666666666&window_mode=mean_intersection
everything,6,London,test,2,4.265999999972792,1.665349,0,0,20905992192,0,1,1,890,/reachable?network=everything&index=86195da4fffffff&departure_h=8&budget_h=0.25&max_walk_h=1.0&metric=accessible_population&encoding=split&distance_mode=itinerary&origin_radius=1&exclude_origin_population=false
everything,6,London,test,2,9.698000000014417,4.523286,0,0,20905992192,4.488329898904164,2,2,3074,/reachable?network=everything&index=86195da4fffffff&departure_h=17&budget_h=1.0&max_walk_h=0.0&metric=accessible_population&encoding=string&distance_mode=straight_line&origin_radius=5&exclude_origin_population=true
everything,6,London,test,3,10.350000000016735,5.586286,0,0,20905992192,0,2,2,1082,/reachable?network=everything&index=86195da4fffffff&departure_h=8&budget_h=0.5&max_walk_h=0.0&metric=accessible_population&encoding=split&distance_mode=itinerary&origin_radius=2&exclude_origin_population=false&window_h=0.26666666666666666&step_h=0.016666666666666666&window_mode=reachable_union
everything,6,London,test,3,2284.3799999999987,757.8128849999999,0,0,20975988736,2.620198256177443,3,3,9234,/reachable?network=everything&index=86195da4fffffff&departure_h=17&budget_h=3.0&max_walk_h=0.1&metric=accessible_population&encoding=string&distance_mode=straight_line&origin_radius=10&exclude_origin_population=true&window_h=1.6&step_h=0.016666666666666666&window_mode=mean_intersection
everything,7,Paris,train,0,0.48099999997930354,0.504184,0,0,21603454976,0,1,0,1114,/reachable?network=everything&index=871fb4662ffffff&departure_h=8&budget_h=0.0&max_walk_h=0.0&metric=time&encoding=split&distance_mode=itinerary
everything,7,Paris,train,0,5.2299999999831925,3.702957,0,0,21605412864,3.988704167680926,1,0,28802,/reachable?network=everything&index=871fb4662ffffff&departure_h=17&budget_h=0.5&max_walk_h=0.1&metric=time_distance_quantile&encoding=string&distance_mode=straight_line
everything,7,Paris,train,1,49.83899999996311,28.916389000000002,0,0,21695115264,3.117989598577542,2,0,12490,/reachable?network=everything&index=871fb4662ffffff&departure_h=8&budget_h=0.25&max_walk_h=0.1&metric=time&encoding=split&distance_mode=itinerary&window_h=0.06666666666666667&step_h=0.016666666666666666&window_mode=mean_intersection
everything,7,Paris,train,1,23.576999999988857,11.587279,0,0,21426216960,4.006376308467564,3,0,111082,/reachable?network=everything&index=871fb4662ffffff&departure_h=17&budget_h=1.0&max_walk_h=0.5&metric=time_distance_quantile&encoding=string&distance_mode=straight_line&window_h=0.26666666666666666&step_h=0.016666666666666666&window_mode=min_union
everything,7,Paris,train,2,30.98800000003621,8.730952,0,0,21432266752,3.3228907710193,1,1,1082,/reachable?network=everything&index=871fb4662ffffff&departure_h=8&budget_h=0.5&max_walk_h=0.5&metric=accessible_population&encoding=split&distance_mode=itinerary&origin_radius=2&exclude_origin_population=false
everything,7,Paris,train,2,515.0830000000042,177.196716,0,0,21462290432,2.6801681809423745,3,3,9554,/reachable?network=everything&index=871fb4662ffffff&departure_h=17&budget_h=3.0&max_walk_h=1.0&metric=accessible_population&encoding=string&distance_mode=straight_line&origin_radius=10&exclude_origin_population=true
everything,7,Paris,train,3,870.8819999999946,284.743502,0,0,21715943424,2.2445393679583203,3,3,2234,/reachable?network=everything&index=871fb4662ffffff&departure_h=8&budget_h=1.0&max_walk_h=1.0&metric=accessible_population&encoding=split&distance_mode=itinerary&origin_radius=5&exclude_origin_population=false&window_h=1.6&step_h=0.016666666666666666&window_mode=mean_intersection
everything,7,Paris,train,3,108771.83300000001,37046.663156999995,0,0,21715943424,2.5227148421955072,3,3,25698,/reachable?network=everything&index=871fb4662ffffff&departure_h=17&budget_h=6.0&max_walk_h=0.0&metric=accessible_population&encoding=string&distance_mode=straight_line&origin_radius=18&exclude_origin_population=true&window_h=13.02&step_h=0.06&window_mode=min_union
everything,7,Berlin,train,0,17.6569999999856,9.605652,0,0,21731115008,5.44918763090803,1,0,5426,/reachable?network=everything&index=871f1d489ffffff&departure_h=8&budget_h=0.25&max_walk_h=0.1&metric=time&encoding=split&distance_mode=itinerary
everything,7,Berlin,train,0,18.75700000005054,7.603764,0,0,21737181184,2.7937479434135994,1,0,35002,/reachable?network=everything&index=871f1d489ffffff&departure_h=17&budget_h=1.0&max_walk_h=0.5&metric=time_distance_quantile&encoding=string&distance_mode=straight_line
everything,7,Berlin,train,1,83.32199999995282,48.716988,0,0,21907795968,2.6002839084139246,3,0,20442,/reachable?network=everything&index=871f1d489ffffff&departure_h=8&budget_h=0.5&max_walk_h=0.5&metric=time&encoding=split&distance_mode=itinerary&window_h=0.26666666666666666&step_h=0.016666666666666666&window_mode=min_union
everything,7,Berlin,train,1,200.429999999983,91.903222,6.288686,0,21979422720,2.389143659820129,3,0,454778,/reachable?network=everything&index=871f1d489ffffff&departure_h=17&budget_h=3.0&max_walk_h=1.0&metric=time_distance_quantile&encoding=string&distance_mode=straight_line&window_h=1.6&step_h=0.016666666666666666&window_mode=max_intersection
everything,7,Berlin,train,2,17.79799999997067,10.54012,0,0,21979422720,2.1064276343421358,2,2,2234,/reachable?network=everything&index=871f1d489ffffff&departure_h=8&budget_h=1.0&max_walk_h=1.0&metric=accessible_population&encoding=split&distance_mode=itinerary&origin_radius=5&exclude_origin_population=false
everything,7,Berlin,train,2,810.4169999999158,269.205006,0,0,21988290560,2.2643821115480236,3,3,20466,/reachable?network=everything&index=871f1d489ffffff&departure_h=17&budget_h=6.0&max_walk_h=0.0&metric=accessible_population&encoding=string&distance_mode=straight_line&origin_radius=18&exclude_origin_population=true
everything,7,Berlin,train,3,16375.463999999965,5603.170290999999,0,0,21988290560,2.313785826018518,3,3,6042,/reachable?network=everything&index=871f1d489ffffff&departure_h=8&budget_h=3.0&max_walk_h=0.0&metric=accessible_population&encoding=split&distance_mode=itinerary&origin_radius=10&exclude_origin_population=false&window_h=13.02&step_h=0.06&window_mode=min_union
everything,7,Berlin,train,3,20.599000000061096,4.589797,0,0,21988290560,6.405729936749934,1,1,610,/reachable?network=everything&index=871f1d489ffffff&departure_h=17&budget_h=0.0&max_walk_h=0.1&metric=accessible_population&encoding=string&distance_mode=straight_line&origin_radius=0&exclude_origin_population=true&window_h=0.26666666666666666&step_h=0.016666666666666666&window_mode=max_intersection
everything,7,Vienna,train,0,3.3020000000760774,2.386741,0,0,21988290560,0,1,0,6874,/reachable?network=everything&index=871e15b71ffffff&departure_h=8&budget_h=0.5&max_walk_h=0.5&metric=time&encoding=split&distance_mode=itinerary
everything,7,Vienna,train,0,23.61099999995986,22.139848999999998,0,0,21988290560,2.9986202638973976,1,0,483050,/reachable?network=everything&index=871e15b71ffffff&departure_h=17&budget_h=3.0&max_walk_h=1.0&metric=time_distance_quantile&encoding=string&distance_mode=straight_line
everything,7,Vienna,train,1,305.43999999997595,116.396226,0,0,22047637504,2.27292592858824,3,0,16522,/reachable?network=everything&index=871e15b71ffffff&departure_h=8&budget_h=1.0&max_walk_h=1.0&metric=time&encoding=split&distance_mode=itinerary&window_h=1.6&step_h=0.016666666666666666&window_mode=max_intersection
everything,7,Vienna,train,1,468.4349999999995,321.437814,6.768028,0,22592155648,1.9959226082294288,3,0,2608882,/reachable?network=everything&index=871e15b71ffffff&departure_h=17&budget_h=6.0&max_walk_h=0.0&metric=time_distance_quantile&encoding=string&distance_mode=straight_line&window_h=13.02&step_h=0.06&window_mode=diff_union
everything,7,Vienna,train,2,172.55899999997837,33.911967000000004,0,0,22596411392,1.398945686992499,3,3,6050,/reachable?network=everything&index=871e15b71ffffff&departure_h=8&budget_h=3.0&max_walk_h=0.0&metric=accessible_population&encoding=split&distance_mode=itinerary&origin_radius=10&exclude_origin_population=false
everything,7,Vienna,train,2,28.246999999964828,6.602205,0,0,22596411392,3.2948083324588224,1,1,610,/reachable?network=everything&index=871e15b71ffffff&departure_h=17&budget_h=0.0&max_walk_h=0.1&metric=accessible_population&encoding=string&distance_mode=straight_line&origin_radius=0&exclude_origin_population=true
everything,7,Vienna,train,3,5786.137000000053,1940.827511,0,0,22596476928,2.320589013969928,3,3,17178,/reachable?network=everything&index=871e15b71ffffff&departure_h=8&budget_h=6.0&max_walk_h=0.1&metric=accessible_population&encoding=split&distance_mode=itinerary&origin_radius=18&exclude_origin_population=false&window_h=0.26666666666666666&step_h=0.016666666666666666&window_mode=max_intersection
everything,7,Vienna,train,3,4.496000000017375,0.9995229999999999,0,0,22596476928,0,1,1,810,/reachable?network=everything&index=871e15b71ffffff&departure_h=17&budget_h=0.25&max_walk_h=0.5&metric=accessible_population&encoding=string&distance_mode=straight_line&origin_radius=1&exclude_origin_population=true&window_h=0.03333333333333333&step_h=0.016666666666666666&window_mode=diff_union
everything,7,rural,train,0,5.185999999980595,3.745268,0,0,22599487488,0,1,0,1818,/reachable?network=everything&index=871fb000bffffff&departure_h=8&budget_h=1.0&max_walk_h=1.0&metric=time&encoding=split&distance_mode=itinerary
everything,7,rural,train,0,2.2989999999936117,0.720623,0,0,22599487488,0,1,0,1306,/reachable?network=everything&index=871fb000bffffff&departure_h=17&budget_h=6.0&max_walk_h=0.0&metric=time_distance_quantile&encoding=string&distance_mode=straight_line
everything,7,rural,train,1,6.149000000050364,4.79123,0,0,22609715200,4.978053658014605,0,0,1810,/reachable?network=everything&index=871fb000bffffff&departure_h=8&budget_h=3.0&max_walk_h=0.0&metric=time&encoding=split&distance_mode=itinerary&window_h=13.02&step_h=0.06&window_mode=diff_union
everything,7,rural,train,1,19.181000000003223,10.796517999999999,0,0,22632783872,1.928306889059017,3,0,2018,/reachable?network=everything&index=871fb000bffffff&departure_h=17&budget_h=0.0&max_walk_h=0.1&metric=time_distance_quantile&encoding=string&distance_mode=straight_line&window_h=0.26666666666666666&step_h=0.016666666666666666&window_mode=diff_intersection
everything,7,rural,train,2,823.6249999999927,309.602527,0,0,22700867584,2.055458029887414,3,3,16642,/reachable?network=everything&index=871fb000bffffff&departure_h=8&budget_h=6.0&max_walk_h=0.1&metric=accessible_population&encoding=split&distance_mode=itinerary&origin_radius=18&exclude_origin_population=false
everything,7,rural,train,2,10.197000000061962,3.375534,0,0,22700867584,5.866627333002042,1,1,610,/reachable?network=everything&index=871fb000bffffff&departure_h=17&budget_h=0.25&max_walk_h=0.5&metric=accessible_population&encoding=string&distance_mode=straight_line&origin_radius=1&exclude_origin_population=true
everything,7,rural,train,3,7.505999999921187,1.658613,0,0,22700867584,13.56193399425815,0,0,794,/reachable?network=everything&index=871fb000bffffff&departure_h=8&budget_h=0.0&max_walk_h=0.5&metric=accessible_population&encoding=split&distance_mode=itinerary&origin_radius=0&exclude_origin_population=false&window_h=0.03333333333333333&step_h=0.016666666666666666&window_mode=diff_union
everything,7,rural,train,3,12.187000000039916,3.016564,0,0,22700867584,5.905062855586609,1,1,1130,/reachable?network=everything&index=871fb000bffffff&departure_h=17&budget_h=0.5&max_walk_h=1.0&metric=accessible_population&encoding=string&distance_mode=straight_line&origin_radius=2&exclude_origin_population=true&window_h=0.06666666666666667&step_h=0.016666666666666666&window_mode=diff_intersection
everything,7,Munich,calibration,0,6.4589999999498104,5.614869,0,0,22708453376,4.192617855908992,1,0,169946,/reachable?network=everything&index=871f8d7a4ffffff&departure_h=8&budget_h=3.0&max_walk_h=0.0&metric=time&encoding=split&distance_mode=itinerary
everything,7,Munich,calibration,0,3.6059999999906722,2.761219,0,0,22714519552,2.3156439273098415,1,0,962,/reachable?network=everything&index=871f8d7a4ffffff&departure_h=17&budget_h=0.0&max_walk_h=0.1&metric=time&encoding=string&distance_mode=straight_line
everything,7,Munich,calibration,1,1162.7180000000408,483.172115,46.569818999999995,0,22461440000,2.1675133305148147,3,0,2312370,/reachable?network=everything&index=871f8d7a4ffffff&departure_h=8&budget_h=6.0&max_walk_h=0.1&metric=time&encoding=split&distance_mode=itinerary&window_h=0.26666666666666666&step_h=0.016666666666666666&window_mode=diff_intersection
everything,7,Munich,calibration,1,6.1329999999770735,3.738321,0,0,22461448192,3.709419287067477,2,0,7906,/reachable?network=everything&index=871f8d7a4ffffff&departure_h=17&budget_h=0.25&max_walk_h=0.5&metric=time&encoding=string&distance_mode=straight_line&window_h=0.03333333333333333&step_h=0.016666666666666666&window_mode=reachable_union
everything,7,Munich,calibration,2,3.7379999999984648,1.208178,0,0,22461452288,0,1,1,794,/reachable?network=everything&index=871f8d7a4ffffff&departure_h=8&budget_h=0.0&max_walk_h=0.5&metric=accessible_population&encoding=split&distance_mode=itinerary&origin_radius=0&exclude_origin_population=false
everything,7,Munich,calibration,2,47.511999999983345,10.12305,0,0,22461452288,4.19715402806819,1,1,1130,/reachable?network=everything&index=871f8d7a4ffffff&departure_h=17&budget_h=0.5&max_walk_h=1.0&metric=accessible_population&encoding=string&distance_mode=straight_line&origin_radius=2&exclude_origin_population=true
everything,7,Munich,calibration,3,29.423999999949046,7.157418,0,0,22461456384,4.271931589845711,1,1,890,/reachable?network=everything&index=871f8d7a4ffffff&departure_h=8&budget_h=0.25&max_walk_h=1.0&metric=accessible_population&encoding=split&distance_mode=itinerary&origin_radius=1&exclude_origin_population=false&window_h=0.06666666666666667&step_h=0.016666666666666666&window_mode=diff_intersection
everything,7,Munich,calibration,3,38.64599999997154,12.467030000000001,0,0,22461485056,2.514953446427982,3,3,2914,/reachable?network=everything&index=871f8d7a4ffffff&departure_h=17&budget_h=1.0&max_walk_h=0.0&metric=accessible_population&encoding=string&distance_mode=straight_line&origin_radius=5&exclude_origin_population=true&window_h=0.26666666666666666&step_h=0.016666666666666666&window_mode=reachable_union
everything,7,London,test,0,63.205999999922824,62.041989,0,0,22462799872,2.0436804491261205,1,0,1234202,/reachable?network=everything&index=87195da49ffffff&departure_h=8&budget_h=6.0&max_walk_h=0.1&metric=time&encoding=split&distance_mode=itinerary
everything,7,London,test,0,4.430000000070322,2.980328,0,0,22462799872,5.224257202078473,1,0,11578,/reachable?network=everything&index=87195da49ffffff&departure_h=17&budget_h=0.25&max_walk_h=0.5&metric=time_distance_quantile&encoding=string&distance_mode=straight_line
everything,7,London,test,1,8.883999999966363,4.756002,0,0,22472589312,0.23465087048888175,2,0,1810,/reachable?network=everything&index=87195da49ffffff&departure_h=8&budget_h=0.0&max_walk_h=0.5&metric=time&encoding=split&distance_mode=itinerary&window_h=0.03333333333333333&step_h=0.016666666666666666&window_mode=reachable_union
everything,7,London,test,1,10.380000000054679,5.222009,0,0,22472830976,5.672146493274567,2,0,38290,/reachable?network=everything&index=87195da49ffffff&departure_h=17&budget_h=0.5&max_walk_h=1.0&metric=time_distance_quantile&encoding=string&distance_mode=straight_line&window_h=0.06666666666666667&step_h=0.016666666666666666&window_mode=mean_intersection
everything,7,London,test,2,4.9119999999902575,1.909759,0,0,22472835072,0,1,1,890,/reachable?network=everything&index=87195da49ffffff&departure_h=8&budget_h=0.25&max_walk_h=1.0&metric=accessible_population&encoding=split&distance_mode=itinerary&origin_radius=1&exclude_origin_population=false
everything,7,London,test,2,20.968000000038955,10.391273,0,0,22472851456,4.718574910422777,2,2,3074,/reachable?network=everything&index=87195da49ffffff&departure_h=17&budget_h=1.0&max_walk_h=0.0&metric=accessible_population&encoding=string&distance_mode=straight_line&origin_radius=5&exclude_origin_population=true
everything,7,London,test,3,32.100000000014006,11.874741,0,0,22472863744,3.1916485643921475,2,2,1082,/reachable?network=everything&index=87195da49ffffff&departure_h=8&budget_h=0.5&max_walk_h=0.0&metric=accessible_population&encoding=split&distance_mode=itinerary&origin_radius=2&exclude_origin_population=false&window_h=0.26666666666666666&step_h=0.016666666666666666&window_mode=reachable_union
everything,7,London,test,3,7255.0260000000435,2462.0355,0,0,22494355456,2.564940269883322,3,3,9450,/reachable?network=everything&index=87195da49ffffff&departure_h=17&budget_h=3.0&max_walk_h=0.1&metric=accessible_population&encoding=string&distance_mode=straight_line&origin_radius=10&exclude_origin_population=true&window_h=1.6&step_h=0.016666666666666666&window_mode=mean_intersection
everything,8,Paris,train,0,2.0719999999982974,1.519083,0,0,28337967104,0,1,0,1114,/reachable?network=everything&index=881fb46625fffff&departure_h=8&budget_h=0.0&max_walk_h=0.0&metric=time&encoding=split&distance_mode=itinerary
everything,8,Paris,train,0,7.8349999998863495,7.303087,0,0,28338401280,4.404301911967714,1,0,61194,/reachable?network=everything&index=881fb46625fffff&departure_h=17&budget_h=0.5&max_walk_h=0.1&metric=time_distance_quantile&encoding=string&distance_mode=straight_line
everything,8,Paris,train,1,96.3409999999385,84.44838,0,0,28102389760,2.766885523139311,2,0,14802,/reachable?network=everything&index=881fb46625fffff&departure_h=8&budget_h=0.25&max_walk_h=0.1&metric=time&encoding=split&distance_mode=itinerary&window_h=0.06666666666666667&step_h=0.016666666666666666&window_mode=mean_intersection
everything,8,Paris,train,1,187.27899999998954,134.909257,0,0,28569542656,3.207496725830824,3,0,450298,/reachable?network=everything&index=881fb46625fffff&departure_h=17&budget_h=1.0&max_walk_h=0.5&metric=time_distance_quantile&encoding=string&distance_mode=straight_line&window_h=0.26666666666666666&step_h=0.016666666666666666&window_mode=min_union
everything,8,Paris,train,2,11.017999999921813,9.682286,0,0,28462743552,4.026115325104455,1,1,1082,/reachable?network=everything&index=881fb46625fffff&departure_h=8&budget_h=0.5&max_walk_h=0.5&metric=accessible_population&encoding=split&distance_mode=itinerary&origin_radius=2&exclude_origin_population=false
everything,8,Paris,train,2,4218.654000000015,1513.191211,0,0,28842622976,2.8954344751743912,3,3,9554,/reachable?network=everything&index=881fb46625fffff&departure_h=17&budget_h=3.0&max_walk_h=1.0&metric=accessible_population&encoding=string&distance_mode=straight_line&origin_radius=10&exclude_origin_population=true
everything,8,Paris,train,3,3923.6500000001797,1361.325312,0,0,28534857728,2.862174063382274,3,3,2234,/reachable?network=everything&index=881fb46625fffff&departure_h=8&budget_h=1.0&max_walk_h=1.0&metric=accessible_population&encoding=split&distance_mode=itinerary&origin_radius=5&exclude_origin_population=false&window_h=1.6&step_h=0.016666666666666666&window_mode=mean_intersection
everything,8,Paris,train,3,286214.68200000003,97677.810032,0,0,28534857728,2.5264214863042604,3,3,26866,/reachable?network=everything&index=881fb46625fffff&departure_h=17&budget_h=6.0&max_walk_h=0.0&metric=accessible_population&encoding=string&distance_mode=straight_line&origin_radius=18&exclude_origin_population=true&window_h=13.02&step_h=0.06&window_mode=min_union
everything,8,Berlin,train,0,7.524000000103115,5.848954,0,0,28534857728,5.552445754286859,1,0,5146,/reachable?network=everything&index=881f1d4895fffff&departure_h=8&budget_h=0.25&max_walk_h=0.1&metric=time&encoding=split&distance_mode=itinerary
everything,8,Berlin,train,0,44.830000000274595,16.956699,0,0,28534857728,0.8946316765783695,1,0,145266,/reachable?network=everything&index=881f1d4895fffff&departure_h=17&budget_h=1.0&max_walk_h=0.5&metric=time_distance_quantile&encoding=string&distance_mode=straight_line
everything,8,Berlin,train,1,230.29100000030667,157.598394,7.615337,0,28856635392,1.7748213856101005,3,0,49450,/reachable?network=everything&index=881f1d4895fffff&departure_h=8&budget_h=0.5&max_walk_h=0.5&metric=time&encoding=split&distance_mode=itinerary&window_h=0.26666666666666666&step_h=0.016666666666666666&window_mode=min_union
everything,8,Berlin,train,1,773.9010000000235,383.46304399999997,0,0,29320183808,1.580592991610993,3,0,2284762,/reachable?network=everything&index=881f1d4895fffff&departure_h=17&budget_h=3.0&max_walk_h=1.0&metric=time_distance_quantile&encoding=string&distance_mode=straight_line&window_h=1.6&step_h=0.016666666666666666&window_mode=max_intersection
everything,8,Berlin,train,2,120.0050000002193,70.133791,0,0,29320183808,1.9961134000170322,2,2,2234,/reachable?network=everything&index=881f1d4895fffff&departure_h=8&budget_h=1.0&max_walk_h=1.0&metric=accessible_population&encoding=split&distance_mode=itinerary&origin_radius=5&exclude_origin_population=false
everything,8,Berlin,train,2,1029.4300000000476,379.466962,0,0,29213409280,1.7407839577456365,3,3,22866,/reachable?network=everything&index=881f1d4895fffff&departure_h=17&budget_h=6.0&max_walk_h=0.0&metric=accessible_population&encoding=string&distance_mode=straight_line&origin_radius=18&exclude_origin_population=true
everything,8,Berlin,train,3,33177.35800000037,11574.993196,0,0,29213409280,2.6982859921629836,3,3,6074,/reachable?network=everything&index=881f1d4895fffff&departure_h=8&budget_h=3.0&max_walk_h=0.0&metric=accessible_population&encoding=split&distance_mode=itinerary&origin_radius=10&exclude_origin_population=false&window_h=13.02&step_h=0.06&window_mode=min_union
everything,8,Berlin,train,3,4.421000000093045,2.652577,0,0,29213409280,0,1,1,610,/reachable?network=everything&index=881f1d4895fffff&departure_h=17&budget_h=0.0&max_walk_h=0.1&metric=accessible_population&encoding=string&distance_mode=straight_line&origin_radius=0&exclude_origin_population=true&window_h=0.26666666666666666&step_h=0.016666666666666666&window_mode=max_intersection
everything,8,Vienna,train,0,18.28600000044389,10.62055,0,0,29213409280,3.9276685346272524,1,0,17754,/reachable?network=everything&index=881e15b713fffff&departure_h=8&budget_h=0.5&max_walk_h=0.5&metric=time&encoding=split&distance_mode=itinerary
everything,8,Vienna,train,0,108.7800000000243,92.498957,0,0,29213409280,2.9321411687724974,1,0,2847826,/reachable?network=everything&index=881e15b713fffff&departure_h=17&budget_h=3.0&max_walk_h=1.0&metric=time_distance_quantile&encoding=string&distance_mode=straight_line
everything,8,Vienna,train,1,814.8300000002564,297.973989,10.757441,0,29338320896,3.10486832456517,3,0,55946,/reachable?network=everything&index=881e15b713fffff&departure_h=8&budget_h=1.0&max_walk_h=1.0&metric=time&encoding=split&distance_mode=itinerary&window_h=1.6&step_h=0.016666666666666666&window_mode=max_intersection
everything,8,Vienna,train,1,1046.1319999999432,693.075256,0,0,30720573440,3.352980761845269,3,0,5414786,/reachable?network=everything&index=881e15b713fffff&departure_h=17&budget_h=6.0&max_walk_h=0.0&metric=time_distance_quantile&encoding=string&distance_mode=straight_line&window_h=13.02&step_h=0.06&window_mode=diff_union
everything,8,Vienna,train,2,74.81999999981781,26.024095,0,0,30902099968,2.1203427011937777,3,3,6042,/reachable?network=everything&index=881e15b713fffff&departure_h=8&budget_h=3.0&max_walk_h=0.0&metric=accessible_population&encoding=split&distance_mode=itinerary&origin_radius=10&exclude_origin_population=false
everything,8,Vienna,train,2,2.88700000010067,1.1115020000000002,0,0,30902099968,0,1,1,610,/reachable?network=everything&index=881e15b713fffff&departure_h=17&budget_h=0.0&max_walk_h=0.1&metric=accessible_population&encoding=string&distance_mode=straight_line&origin_radius=0&exclude_origin_population=true
everything,8,Vienna,train,3,11728.208999999879,3969.1738569999998,0,0,30902099968,2.2855615115089396,3,3,16442,/reachable?network=everything&index=881e15b713fffff&departure_h=8&budget_h=6.0&max_walk_h=0.1&metric=accessible_population&encoding=split&distance_mode=itinerary&origin_radius=18&exclude_origin_population=false&window_h=0.26666666666666666&step_h=0.016666666666666666&window_mode=max_intersection
everything,8,Vienna,train,3,4.496000000017375,1.906944,0,0,30902099968,0,1,1,810,/reachable?network=everything&index=881e15b713fffff&departure_h=17&budget_h=0.25&max_walk_h=0.5&metric=accessible_population&encoding=string&distance_mode=straight_line&origin_radius=1&exclude_origin_population=true&window_h=0.03333333333333333&step_h=0.016666666666666666&window_mode=diff_union
everything,8,rural,train,0,6.420000000161963,5.392581,0,0,30902099968,0.6638750552196181,1,0,5298,/reachable?network=everything&index=881fb000bdfffff&departure_h=8&budget_h=1.0&max_walk_h=1.0&metric=time&encoding=split&distance_mode=itinerary
everything,8,rural,train,0,2.0979999999326537,0.867821,0,0,30902099968,0,1,0,1306,/reachable?network=everything&index=881fb000bdfffff&departure_h=17&budget_h=6.0&max_walk_h=0.0&metric=time_distance_quantile&encoding=string&distance_mode=straight_line
everything,8,rural,train,1,6.4680000000407745,4.979652000000001,0,0,30902099968,2.717458974760822,0,0,1810,/reachable?network=everything&index=881fb000bdfffff&departure_h=8&budget_h=3.0&max_walk_h=0.0&metric=time&encoding=split&distance_mode=itinerary&window_h=13.02&step_h=0.06&window_mode=diff_union
everything,8,rural,train,1,155.428000000029,140.697384,0,0,31295758336,1.4539858102094196,3,0,2018,/reachable?network=everything&index=881fb000bdfffff&departure_h=17&budget_h=0.0&max_walk_h=0.1&metric=time_distance_quantile&encoding=string&distance_mode=straight_line&window_h=0.26666666666666666&step_h=0.016666666666666666&window_mode=diff_intersection
everything,8,rural,train,2,467.7240000000893,200.22274000000002,0,0,30064787456,1.309921140731988,3,3,11714,/reachable?network=everything&index=881fb000bdfffff&departure_h=8&budget_h=6.0&max_walk_h=0.1&metric=accessible_population&encoding=split&distance_mode=itinerary&origin_radius=18&exclude_origin_population=false
everything,8,rural,train,2,2.1480000000337895,1.2354289999999999,0,0,30064787456,0,0,0,810,/reachable?network=everything&index=881fb000bdfffff&departure_h=17&budget_h=0.25&max_walk_h=0.5&metric=accessible_population&encoding=string&distance_mode=straight_line&origin_radius=1&exclude_origin_population=true
everything,8,rural,train,3,1.9029999998565472,0.848582,0,0,30064787456,44.894895292848965,0,0,794,/reachable?network=everything&index=881fb000bdfffff&departure_h=8&budget_h=0.0&max_walk_h=0.5&metric=accessible_population&encoding=split&distance_mode=itinerary&origin_radius=0&exclude_origin_population=false&window_h=0.03333333333333333&step_h=0.016666666666666666&window_mode=diff_union
everything,8,rural,train,3,7.163000000218744,4.84353,0,0,30064787456,0.5857298311550627,1,1,1130,/reachable?network=everything&index=881fb000bdfffff&departure_h=17&budget_h=0.5&max_walk_h=1.0&metric=accessible_population&encoding=string&distance_mode=straight_line&origin_radius=2&exclude_origin_population=true&window_h=0.06666666666666667&step_h=0.016666666666666666&window_mode=diff_intersection
everything,8,Munich,calibration,0,7.853000000068278,7.245528999999999,0,0,30064787456,1.6764821476193352,1,0,350618,/reachable?network=everything&index=881f8d7a49fffff&departure_h=8&budget_h=3.0&max_walk_h=0.0&metric=time&encoding=split&distance_mode=itinerary
everything,8,Munich,calibration,0,4.245999999966443,3.328109,0,0,30064787456,0,1,0,962,/reachable?network=everything&index=881f8d7a49fffff&departure_h=17&budget_h=0.0&max_walk_h=0.1&metric=time&encoding=string&distance_mode=straight_line
everything,8,Munich,calibration,1,2703.1180000003587,1016.868684,42.983756,0,30065569792,1.7179032331701494,3,0,5333794,/reachable?network=everything&index=881f8d7a49fffff&departure_h=8&budget_h=6.0&max_walk_h=0.1&metric=time&encoding=split&distance_mode=itinerary&window_h=0.26666666666666666&step_h=0.016666666666666666&window_mode=diff_intersection
everything,8,Munich,calibration,1,72.19899999972768,68.33236199999999,0,0,30338035712,1.5775980337849254,2,0,13530,/reachable?network=everything&index=881f8d7a49fffff&departure_h=17&budget_h=0.25&max_walk_h=0.5&metric=time&encoding=string&distance_mode=straight_line&window_h=0.03333333333333333&step_h=0.016666666666666666&window_mode=reachable_union
everything,8,Munich,calibration,2,2.0869999998467392,1.189644,0,0,30338039808,15.057445772667885,1,1,794,/reachable?network=everything&index=881f8d7a49fffff&departure_h=8&budget_h=0.0&max_walk_h=0.5&metric=accessible_population&encoding=split&distance_mode=itinerary&origin_radius=0&exclude_origin_population=false
everything,8,Munich,calibration,2,7.796999999754917,4.1026229999999995,0,0,30338056192,0.5369735434034054,1,1,1130,/reachable?network=everything&index=881f8d7a49fffff&departure_h=17&budget_h=0.5&max_walk_h=1.0&metric=accessible_population&encoding=string&distance_mode=straight_line&origin_radius=2&exclude_origin_population=true
everything,8,Munich,calibration,3,5.282000000079279,1.913184,0,0,30338060288,2.4660461352561733,1,1,890,/reachable?network=everything&index=881f8d7a49fffff&departure_h=8&budget_h=0.25&max_walk_h=1.0&metric=accessible_population&encoding=split&distance_mode=itinerary&origin_radius=1&exclude_origin_population=false&window_h=0.06666666666666667&step_h=0.016666666666666666&window_mode=diff_intersection
everything,8,Munich,calibration,3,91.51500000007218,23.8893,0,0,30338072576,1.6109722813560783,3,3,3050,/reachable?network=everything&index=881f8d7a49fffff&departure_h=17&budget_h=1.0&max_walk_h=0.0&metric=accessible_population&encoding=string&distance_mode=straight_line&origin_radius=5&exclude_origin_population=true&window_h=0.26666666666666666&step_h=0.016666666666666666&window_mode=reachable_union
everything,8,London,test,0,161.7999999998574,161.53879400000002,0,0,30338072576,1.2269498549664635,1,0,2749938,/reachable?network=everything&index=88195da49bfffff&departure_h=8&budget_h=6.0&max_walk_h=0.1&metric=time&encoding=split&distance_mode=itinerary
everything,8,London,test,0,6.1140000002524175,4.655104000000001,0,0,30338080768,0.8347826405297945,1,0,14586,/reachable?network=everything&index=88195da49bfffff&departure_h=17&budget_h=0.25&max_walk_h=0.5&metric=time_distance_quantile&encoding=string&distance_mode=straight_line
everything,8,London,test,1,24.91699999973207,18.537830000000003,0,0,30100983808,1.8925084573624464,2,0,1810,/reachable?network=everything&index=88195da49bfffff&departure_h=8&budget_h=0.0&max_walk_h=0.5&metric=time&encoding=split&distance_mode=itinerary&window_h=0.03333333333333333&step_h=0.016666666666666666&window_mode=reachable_union
everything,8,London,test,1,22.854999999708525,16.362751,0,0,30100983808,1.6589508582039147,2,0,76386,/reachable?network=everything&index=88195da49bfffff&departure_h=17&budget_h=0.5&max_walk_h=1.0&metric=time_distance_quantile&encoding=string&distance_mode=straight_line&window_h=0.06666666666666667&step_h=0.016666666666666666&window_mode=mean_intersection
everything,8,London,test,2,42.37599999987651,9.103000999999999,0,0,30100983808,3.03460365052317,1,1,890,/reachable?network=everything&index=88195da49bfffff&departure_h=8&budget_h=0.25&max_walk_h=1.0&metric=accessible_population&encoding=split&distance_mode=itinerary&origin_radius=1&exclude_origin_population=false
everything,8,London,test,2,58.74100000028193,26.447456000000003,0,0,30100983808,3.07246942379912,2,2,3074,/reachable?network=everything&index=88195da49bfffff&departure_h=17&budget_h=1.0&max_walk_h=0.0&metric=accessible_population&encoding=string&distance_mode=straight_line&origin_radius=5&exclude_origin_population=true
everything,8,London,test,3,29.20399999993606,18.229587,0,0,30100983808,0.04366528040397286,2,2,1082,/reachable?network=everything&index=88195da49bfffff&departure_h=8&budget_h=0.5&max_walk_h=0.0&metric=accessible_population&encoding=split&distance_mode=itinerary&origin_radius=2&exclude_origin_population=false&window_h=0.26666666666666666&step_h=0.016666666666666666&window_mode=reachable_union
everything,8,London,test,3,19269.320999999763,6566.791416,0,0,30063624192,2.11072320130603,3,3,9474,/reachable?network=everything&index=88195da49bfffff&departure_h=17&budget_h=3.0&max_walk_h=0.1&metric=accessible_population&encoding=string&distance_mode=straight_line&origin_radius=10&exclude_origin_population=true&window_h=1.6&step_h=0.016666666666666666&window_mode=mean_intersection
rail_and_friends,5,Paris,train,0,1.4440000000064401,0.440192,0,0,6757879808,0,1,0,1138,/reachable?network=rail_and_friends&index=851fb467fffffff&departure_h=8&budget_h=0.0&max_walk_h=0.0&metric=time&encoding=split&distance_mode=itinerary
rail_and_friends,5,Paris,train,0,1.0589999999979227,0.45587999999999995,0,0,5906579456,0,1,0,3314,/reachable?network=rail_and_friends&index=851fb467fffffff&departure_h=17&budget_h=0.5&max_walk_h=0.1&metric=time_distance_quantile&encoding=string&distance_mode=straight_line
rail_and_friends,5,Paris,train,1,1.9609999999943284,0.678165,0,0,5907402752,0,2,0,2818,/reachable?network=rail_and_friends&index=851fb467fffffff&departure_h=8&budget_h=0.25&max_walk_h=0.1&metric=time&encoding=split&distance_mode=itinerary&window_h=0.06666666666666667&step_h=0.016666666666666666&window_mode=mean_intersection
rail_and_friends,5,Paris,train,1,3.5850000000010596,1.183787,0,0,5910360064,13.866514853284748,3,0,8906,/reachable?network=rail_and_friends&index=851fb467fffffff&departure_h=17&budget_h=1.0&max_walk_h=0.5&metric=time_distance_quantile&encoding=string&distance_mode=straight_line&window_h=0.26666666666666666&step_h=0.016666666666666666&window_mode=min_union
rail_and_friends,5,Paris,train,2,42.8139999999928,7.575819999999999,0,0,5934964736,0,1,1,1082,/reachable?network=rail_and_friends&index=851fb467fffffff&departure_h=8&budget_h=0.5&max_walk_h=0.5&metric=accessible_population&encoding=split&distance_mode=itinerary&origin_radius=2&exclude_origin_population=false
rail_and_friends,5,Paris,train,2,42.20699999999056,10.474024,0,0,5935726592,2.6535169353442405,3,3,5506,/reachable?network=rail_and_friends&index=851fb467fffffff&departure_h=17&budget_h=3.0&max_walk_h=1.0&metric=accessible_population&encoding=string&distance_mode=straight_line&origin_radius=10&exclude_origin_population=true
rail_and_friends,5,Paris,train,3,13.511000000008266,4.4213309999999995,0,0,5935726592,0,3,3,2234,/reachable?network=rail_and_friends&index=851fb467fffffff&departure_h=8&budget_h=1.0&max_walk_h=1.0&metric=accessible_population&encoding=split&distance_mode=itinerary&origin_radius=5&exclude_origin_population=false&window_h=1.6&step_h=0.016666666666666666&window_mode=mean_intersection
rail_and_friends,5,Paris,train,3,1492.1729999999939,492.676654,0,0,5935726592,2.207993805353951,3,3,14146,/reachable?network=rail_and_friends&index=851fb467fffffff&departure_h=17&budget_h=6.0&max_walk_h=0.0&metric=accessible_population&encoding=string&distance_mode=straight_line&origin_radius=18&exclude_origin_population=true&window_h=13.02&step_h=0.06&window_mode=min_union
rail_and_friends,5,Berlin,train,0,0.5929999999949587,0.32718800000000003,0,0,5935726592,0,1,0,1562,/reachable?network=rail_and_friends&index=851f1d4bfffffff&departure_h=8&budget_h=0.25&max_walk_h=0.1&metric=time&encoding=split&distance_mode=itinerary
rail_and_friends,5,Berlin,train,0,21.70700000000636,4.876009,0,0,5935726592,5.802491350315344,1,0,4674,/reachable?network=rail_and_friends&index=851f1d4bfffffff&departure_h=17&budget_h=1.0&max_walk_h=0.5&metric=time_distance_quantile&encoding=string&distance_mode=straight_line
rail_and_friends,5,Berlin,train,1,1.439000000004853,0.858598,0,0,5935742976,0,3,0,3826,/reachable?network=rail_and_friends&index=851f1d4bfffffff&departure_h=8&budget_h=0.5&max_walk_h=0.5&metric=time&encoding=split&distance_mode=itinerary&window_h=0.26666666666666666&step_h=0.016666666666666666&window_mode=min_union
rail_and_friends,5,Berlin,train,1,8.820999999997525,3.253756,0,0,5935767552,3.4357216763116,3,0,29242,/reachable?network=rail_and_friends&index=851f1d4bfffffff&departure_h=17&budget_h=3.0&max_walk_h=1.0&metric=time_distance_quantile&encoding=string&distance_mode=straight_line&window_h=1.6&step_h=0.016666666666666666&window_mode=max_intersection
rail_and_friends,5,Berlin,train,2,9.041999999993777,2.66614,0,0,5935767552,0,2,2,2234,/reachable?network=rail_and_friends&index=851f1d4bfffffff&departure_h=8&budget_h=1.0&max_walk_h=1.0&metric=accessible_population&encoding=split&distance_mode=itinerary&origin_radius=5&exclude_origin_population=false
rail_and_friends,5,Berlin,train,2,138.5619999999932,37.888249,0,0,5935808512,2.14942633545556,3,3,20922,/reachable?network=rail_and_friends&index=851f1d4bfffffff&departure_h=17&budget_h=6.0&max_walk_h=0.0&metric=accessible_population&encoding=string&distance_mode=straight_line&origin_radius=18&exclude_origin_population=true
rail_and_friends,5,Berlin,train,3,664.5500000000055,179.992039,0,0,5935808512,2.1970416150231724,3,3,6074,/reachable?network=rail_and_friends&index=851f1d4bfffffff&departure_h=8&budget_h=3.0&max_walk_h=0.0&metric=accessible_population&encoding=split&distance_mode=itinerary&origin_radius=10&exclude_origin_population=false&window_h=13.02&step_h=0.06&window_mode=min_union
rail_and_friends,5,Berlin,train,3,3.4239999999954307,0.49846099999999993,0,0,5935808512,0,1,1,610,/reachable?network=rail_and_friends&index=851f1d4bfffffff&departure_h=17&budget_h=0.0&max_walk_h=0.1&metric=accessible_population&encoding=string&distance_mode=straight_line&origin_radius=0&exclude_origin_population=true&window_h=0.26666666666666666&step_h=0.016666666666666666&window_mode=max_intersection
rail_and_friends,5,Vienna,train,0,0.4119999999971924,0.29835799999999996,0,0,5935808512,0,1,0,1778,/reachable?network=rail_and_friends&index=851e15b7fffffff&departure_h=8&budget_h=0.5&max_walk_h=0.5&metric=time&encoding=split&distance_mode=itinerary
rail_and_friends,5,Vienna,train,0,1.1360000000024684,0.724377,0,0,5935808512,0,1,0,19602,/reachable?network=rail_and_friends&index=851e15b7fffffff&departure_h=17&budget_h=3.0&max_walk_h=1.0&metric=time_distance_quantile&encoding=string&distance_mode=straight_line
rail_and_friends,5,Vienna,train,1,12.851000000011936,3.470111,0,0,5935824896,2.060164651394297,3,0,3194,/reachable?network=rail_and_friends&index=851e15b7fffffff&departure_h=8&budget_h=1.0&max_walk_h=1.0&metric=time&encoding=split&distance_mode=itinerary&window_h=1.6&step_h=0.016666666666666666&window_mode=max_intersection
rail_and_friends,5,Vienna,train,1,22.56500000000017,14.902676999999999,0,0,5955551232,1.840944418681688,3,0,114146,/reachable?network=rail_and_friends&index=851e15b7fffffff&departure_h=17&budget_h=6.0&max_walk_h=0.0&metric=time_distance_quantile&encoding=string&distance_mode=straight_line&window_h=13.02&step_h=0.06&window_mode=diff_union
rail_and_friends,5,Vienna,train,2,8.905999999996084,2.688508,0,0,5955571712,0.4069170619862386,3,3,6074,/reachable?network=rail_and_friends&index=851e15b7fffffff&departure_h=8&budget_h=3.0&max_walk_h=0.0&metric=accessible_population&encoding=split&distance_mode=itinerary&origin_radius=10&exclude_origin_population=false
rail_and_friends,5,Vienna,train,2,14.743000000009943,3.5126649999999997,0,0,5955571712,7.190267229366581,1,1,610,/reachable?network=rail_and_friends&index=851e15b7fffffff&departure_h=17&budget_h=0.0&max_walk_h=0.1&metric=accessible_population&encoding=string&distance_mode=straight_line&origin_radius=0&exclude_origin_population=true
rail_and_friends,5,Vienna,train,3,329.07299999999395,87.735082,0,0,5955571712,2.290155721606845,3,3,17210,/reachable?network=rail_and_friends&index=851e15b7fffffff&departure_h=8&budget_h=6.0&max_walk_h=0.1&metric=accessible_population&encoding=split&distance_mode=itinerary&origin_radius=18&exclude_origin_population=false&window_h=0.26666666666666666&step_h=0.016666666666666666&window_mode=max_intersection
rail_and_friends,5,Vienna,train,3,34.57000000000221,6.531772,0,0,5955571712,2.362299242313406,1,1,786,/reachable?network=rail_and_friends&index=851e15b7fffffff&departure_h=17&budget_h=0.25&max_walk_h=0.5&metric=accessible_population&encoding=string&distance_mode=straight_line&origin_radius=1&exclude_origin_population=true&window_h=0.03333333333333333&step_h=0.016666666666666666&window_mode=diff_union
rail_and_friends,5,rural,train,0,1.7959999999987986,0.34389400000000003,0,0,5955571712,0,1,0,2074,/reachable?network=rail_and_friends&index=851fb003fffffff&departure_h=8&budget_h=1.0&max_walk_h=1.0&metric=time&encoding=split&distance_mode=itinerary
rail_and_friends,5,rural,train,0,4.583999999994148,3.183789,0,0,5955571712,1.7011177591602578,1,0,95178,/reachable?network=rail_and_friends&index=851fb003fffffff&departure_h=17&budget_h=6.0&max_walk_h=0.0&metric=time_distance_quantile&encoding=string&distance_mode=straight_line
rail_and_friends,5,rural,train,1,9.370000000004097,9.004754,0,0,5973344256,1.1804875534214876,1,0,38658,/reachable?network=rail_and_friends&index=851fb003fffffff&departure_h=8&budget_h=3.0&max_walk_h=0.0&metric=time&encoding=split&distance_mode=itinerary&window_h=13.02&step_h=0.06&window_mode=diff_union
rail_and_friends,5,rural,train,1,2.0039999999994507,0.557784,0,0,5973356544,0,3,0,2018,/reachable?network=rail_and_friends&index=851fb003fffffff&departure_h=17&budget_h=0.0&max_walk_h=0.1&metric=time_distance_quantile&encoding=string&distance_mode=straight_line&window_h=0.26666666666666666&step_h=0.016666666666666666&window_mode=diff_intersection
rail_and_friends,5,rural,train,2,142.16400000000817,39.987092000000004,0,0,5973389312,1.4463667413830867,3,3,16730,/reachable?network=rail_and_friends&index=851fb003fffffff&departure_h=8&budget_h=6.0&max_walk_h=0.1&metric=accessible_population&encoding=split&distance_mode=itinerary&origin_radius=18&exclude_origin_population=false
rail_and_friends,5,rural,train,2,1.9139999999993051,0.618957,0,0,5973389312,0,1,1,642,/reachable?network=rail_and_friends&index=851fb003fffffff&departure_h=17&budget_h=0.25&max_walk_h=0.5&metric=accessible_population&encoding=string&distance_mode=straight_line&origin_radius=1&exclude_origin_population=true
rail_and_friends,5,rural,train,3,3.2439999999951397,0.9176839999999999,0,0,5973389312,29.156005801500886,1,1,794,/reachable?network=rail_and_friends&index=851fb003fffffff&departure_h=8&budget_h=0.0&max_walk_h=0.5&metric=accessible_population&encoding=split&distance_mode=itinerary&origin_radius=0&exclude_origin_population=false&window_h=0.03333333333333333&step_h=0.016666666666666666&window_mode=diff_union
rail_and_friends,5,rural,train,3,2.3659999999949832,0.745993,0,0,5973389312,0,1,1,890,/reachable?network=rail_and_friends&index=851fb003fffffff&departure_h=17&budget_h=0.5&max_walk_h=1.0&metric=accessible_population&encoding=string&distance_mode=straight_line&origin_radius=2&exclude_origin_population=true&window_h=0.06666666666666667&step_h=0.016666666666666666&window_mode=diff_intersection
rail_and_friends,5,Munich,calibration,0,53.4460000000081,10.166522,0,0,5973389312,3.595526557753014,1,0,11930,/reachable?network=rail_and_friends&index=851f8d47fffffff&departure_h=8&budget_h=3.0&max_walk_h=0.0&metric=time&encoding=split&distance_mode=itinerary
rail_and_friends,5,Munich,calibration,0,0.7489999999990005,0.27096200000000004,0,0,5973442560,0,1,0,962,/reachable?network=rail_and_friends&index=851f8d47fffffff&departure_h=17&budget_h=0.0&max_walk_h=0.1&metric=time&encoding=string&distance_mode=straight_line
rail_and_friends,5,Munich,calibration,1,19.254000000003657,7.251248,0,0,5973479424,1.4819518002881737,3,0,88274,/reachable?network=rail_and_friends&index=851f8d47fffffff&departure_h=8&budget_h=6.0&max_walk_h=0.1&metric=time&encoding=split&distance_mode=itinerary&window_h=0.26666666666666666&step_h=0.016666666666666666&window_mode=diff_intersection
rail_and_friends,5,Munich,calibration,1,23.905999999996652,4.302621,0,0,5986467840,3.740510734563014,2,0,2482,/reachable?network=rail_and_friends&index=851f8d47fffffff&departure_h=17&budget_h=0.25&max_walk_h=0.5&metric=time&encoding=string&distance_mode=straight_line&window_h=0.03333333333333333&step_h=0.016666666666666666&window_mode=reachable_union
rail_and_friends,5,Munich,calibration,2,2.7970000000010486,0.715398,0,0,5986516992,0,1,1,794,/reachable?network=rail_and_friends&index=851f8d47fffffff&departure_h=8&budget_h=0.0&max_walk_h=0.5&metric=accessible_population&encoding=split&distance_mode=itinerary&origin_radius=0&exclude_origin_population=false
rail_and_friends,5,Munich,calibration,2,2.7029999999967913,0.723751,0,0,5986562048,0,1,1,1106,/reachable?network=rail_and_friends&index=851f8d47fffffff&departure_h=17&budget_h=0.5&max_walk_h=1.0&metric=accessible_population&encoding=string&distance_mode=straight_line&origin_radius=2&exclude_origin_population=true
rail_and_friends,5,Munich,calibration,3,2.0899999999954844,0.370419,0,0,5986607104,0,1,1,890,/reachable?network=rail_and_friends&index=851f8d47fffffff&departure_h=8&budget_h=0.25&max_walk_h=1.0&metric=accessible_population&encoding=split&distance_mode=itinerary&origin_radius=1&exclude_origin_population=false&window_h=0.06666666666666667&step_h=0.016666666666666666&window_mode=diff_intersection
rail_and_friends,5,Munich,calibration,3,26.650000000003615,8.223719000000001,0,0,5986693120,1.6233531087843156,3,3,2754,/reachable?network=rail_and_friends&index=851f8d47fffffff&departure_h=17&budget_h=1.0&max_walk_h=0.0&metric=accessible_population&encoding=string&distance_mode=straight_line&origin_radius=5&exclude_origin_population=true&window_h=0.26666666666666666&step_h=0.016666666666666666&window_mode=reachable_union
rail_and_friends,5,London,test,0,2.77499999999975,2.5928980000000004,0,0,5987471360,6.643146016012469,1,0,51954,/reachable?network=rail_and_friends&index=85194ad3fffffff&departure_h=8&budget_h=6.0&max_walk_h=0.1&metric=time&encoding=split&distance_mode=itinerary
rail_and_friends,5,London,test,0,1.3609999999886213,0.41516699999999995,0,0,5987737600,0,1,0,2722,/reachable?network=rail_and_friends&index=85194ad3fffffff&departure_h=17&budget_h=0.25&max_walk_h=0.5&metric=time_distance_quantile&encoding=string&distance_mode=straight_line
rail_and_friends,5,London,test,1,2.9020000000059554,0.974075,0,0,5991469056,0,2,0,1810,/reachable?network=rail_and_friends&index=85194ad3fffffff&departure_h=8&budget_h=0.0&max_walk_h=0.5&metric=time&encoding=split&distance_mode=itinerary&window_h=0.03333333333333333&step_h=0.016666666666666666&window_mode=reachable_union
rail_and_friends,5,London,test,1,2.1920000000079654,0.72153,0,0,5992628224,0,2,0,6418,/reachable?network=rail_and_friends&index=85194ad3fffffff&departure_h=17&budget_h=0.5&max_walk_h=1.0&metric=time_distance_quantile&encoding=string&distance_mode=straight_line&window_h=0.06666666666666667&step_h=0.016666666666666666&window_mode=mean_intersection
rail_and_friends,5,London,test,2,3.5059999999873526,0.86683,0,0,5992677376,0,1,1,890,/reachable?network=rail_and_friends&index=85194ad3fffffff&departure_h=8&budget_h=0.25&max_walk_h=1.0&metric=accessible_population&encoding=split&distance_mode=itinerary&origin_radius=1&exclude_origin_population=false
rail_and_friends,5,London,test,2,3.802999999990675,2.319045,0,0,5992980480,0,2,2,2834,/reachable?network=rail_and_friends&index=85194ad3fffffff&departure_h=17&budget_h=1.0&max_walk_h=0.0&metric=accessible_population&encoding=string&distance_mode=straight_line&origin_radius=5&exclude_origin_population=true
rail_and_friends,5,London,test,3,46.69699999999466,8.110443,0,0,5993025536,4.106187550360831,2,2,1082,/reachable?network=rail_and_friends&index=85194ad3fffffff&departure_h=8&budget_h=0.5&max_walk_h=0.0&metric=accessible_population&encoding=split&distance_mode=itinerary&origin_radius=2&exclude_origin_population=false&window_h=0.26666666666666666&step_h=0.016666666666666666&window_mode=reachable_union
rail_and_friends,5,London,test,3,225.76200000000313,69.568243,0,0,6002888704,2.9357935622264355,3,3,5370,/reachable?network=rail_and_friends&index=85194ad3fffffff&departure_h=17&budget_h=3.0&max_walk_h=0.1&metric=accessible_population&encoding=string&distance_mode=straight_line&origin_radius=10&exclude_origin_population=true&window_h=1.6&step_h=0.016666666666666666&window_mode=mean_intersection
rail_and_friends,6,Paris,train,0,23.540999999994483,4.963647,0,0,5836849152,5.330556352329577,1,0,1178,/reachable?network=rail_and_friends&index=861fb4667ffffff&departure_h=8&budget_h=0.0&max_walk_h=0.0&metric=time&encoding=split&distance_mode=itinerary
rail_and_friends,6,Paris,train,0,1.7590000000069494,0.62514,0,0,5836849152,0,1,0,6210,/reachable?network=rail_and_friends&index=861fb4667ffffff&departure_h=17&budget_h=0.5&max_walk_h=0.1&metric=time_distance_quantile&encoding=string&distance_mode=straight_line
rail_and_friends,6,Paris,train,1,3.213000000002353,1.080886,0,0,5836967936,15.530777546035472,2,0,3938,/reachable?network=rail_and_friends&index=861fb4667ffffff&departure_h=8&budget_h=0.25&max_walk_h=0.1&metric=time&encoding=split&distance_mode=itinerary&window_h=0.06666666666666667&step_h=0.016666666666666666&window_mode=mean_intersection
rail_and_friends,6,Paris,train,1,4.474999999999341,1.376595,0,0,5837082624,11.277826825338687,3,0,17866,/reachable?network=rail_and_friends&index=861fb4667ffffff&departure_h=17&budget_h=1.0&max_walk_h=0.5&metric=time_distance_quantile&encoding=string&distance_mode=straight_line&window_h=0.26666666666666666&step_h=0.016666666666666666&window_mode=min_union
rail_and_friends,6,Paris,train,2,2.798999999995999,0.767401,0,0,5837312000,22.414617675283786,1,1,1082,/reachable?network=rail_and_friends&index=861fb4667ffffff&departure_h=8&budget_h=0.5&max_walk_h=0.5&metric=accessible_population&encoding=split&distance_mode=itinerary&origin_radius=2&exclude_origin_population=false
rail_and_friends,6,Paris,train,2,18.1440000000066,10.720028,0,0,5840523264,4.837300782456476,3,3,5154,/reachable?network=rail_and_friends&index=861fb4667ffffff&departure_h=17&budget_h=3.0&max_walk_h=1.0&metric=accessible_population&encoding=string&distance_mode=straight_line&origin_radius=10&exclude_origin_population=true
rail_and_friends,6,Paris,train,3,79.18399999999792,19.585768,0,0,5862428672,2.5945370070881757,3,3,2234,/reachable?network=rail_and_friends&index=861fb4667ffffff&departure_h=8&budget_h=1.0&max_walk_h=1.0&metric=accessible_population&encoding=split&distance_mode=itinerary&origin_radius=5&exclude_origin_population=false&window_h=1.6&step_h=0.016666666666666666&window_mode=mean_intersection
rail_and_friends,6,Paris,train,3,2353.9229999999948,802.482949,0,0,5864910848,2.7241413696435157,3,3,7858,/reachable?network=rail_and_friends&index=861fb4667ffffff&departure_h=17&budget_h=6.0&max_walk_h=0.0&metric=accessible_population&encoding=string&distance_mode=straight_line&origin_radius=18&exclude_origin_population=true&window_h=13.02&step_h=0.06&window_mode=min_union
rail_and_friends,6,Berlin,train,0,2.397000000001981,0.991601,0,0,5866090496,0,1,0,2226,/reachable?network=rail_and_friends&index=861f1d48fffffff&departure_h=8&budget_h=0.25&max_walk_h=0.1&metric=time&encoding=split&distance_mode=itinerary
rail_and_friends,6,Berlin,train,0,2.1150000000034197,0.965226,0,0,5866090496,0,1,0,8098,/reachable?network=rail_and_friends&index=861f1d48fffffff&departure_h=17&budget_h=1.0&max_walk_h=0.5&metric=time_distance_quantile&encoding=string&distance_mode=straight_line
rail_and_friends,6,Berlin,train,1,4.440000000002442,2.193299,0,0,5873704960,2.5349940930583488,3,0,5954,/reachable?network=rail_and_friends&index=861f1d48fffffff&departure_h=8&budget_h=0.5&max_walk_h=0.5&metric=time&encoding=split&distance_mode=itinerary&window_h=0.26666666666666666&step_h=0.016666666666666666&window_mode=min_union
rail_and_friends,6,Berlin,train,1,17.1190000000081,7.232669,0,0,5873971200,1.7809469820797244,3,0,60122,/reachable?network=rail_and_friends&index=861f1d48fffffff&departure_h=17&budget_h=3.0&max_walk_h=1.0&metric=time_distance_quantile&encoding=string&distance_mode=straight_line&window_h=1.6&step_h=0.016666666666666666&window_mode=max_intersection
rail_and_friends,6,Berlin,train,2,23.035000000007244,5.131410000000001,0,0,5873971200,3.306108854534262,2,2,2234,/reachable?network=rail_and_friends&index=861f1d48fffffff&departure_h=8&budget_h=1.0&max_walk_h=1.0&metric=accessible_population&encoding=split&distance_mode=itinerary&origin_radius=5&exclude_origin_population=false
rail_and_friends,6,Berlin,train,2,67.39699999999971,24.857244,0,0,5874565120,3.7253928841098096,3,3,9530,/reachable?network=rail_and_friends&index=861f1d48fffffff&departure_h=17&budget_h=6.0&max_walk_h=0.0&metric=accessible_population&encoding=string&distance_mode=straight_line&origin_radius=18&exclude_origin_population=true
rail_and_friends,6,Berlin,train,3,782.683999999989,257.425925,0,0,5874565120,3.2914944371709374,3,3,6074,/reachable?network=rail_and_friends&index=861f1d48fffffff&departure_h=8&budget_h=3.0&max_walk_h=0.0&metric=accessible_population&encoding=split&distance_mode=itinerary&origin_radius=10&exclude_origin_population=false&window_h=13.02&step_h=0.06&window_mode=min_union
rail_and_friends,6,Berlin,train,3,37.14699999999027,7.677317,0,0,5874565120,1.6741525475299788,1,1,610,/reachable?network=rail_and_friends&index=861f1d48fffffff&departure_h=17&budget_h=0.0&max_walk_h=0.1&metric=accessible_population&encoding=string&distance_mode=straight_line&origin_radius=0&exclude_origin_population=true&window_h=0.26666666666666666&step_h=0.016666666666666666&window_mode=max_intersection
rail_and_friends,6,Vienna,train,0,2.088000000000534,0.5857129999999999,0,0,5874565120,0,1,0,2418,/reachable?network=rail_and_friends&index=861e15b47ffffff&departure_h=8&budget_h=0.5&max_walk_h=0.5&metric=time&encoding=split&distance_mode=itinerary
rail_and_friends,6,Vienna,train,0,3.152999999997519,1.9976500000000001,0,0,5874565120,0,1,0,37178,/reachable?network=rail_and_friends&index=861e15b47ffffff&departure_h=17&budget_h=3.0&max_walk_h=1.0&metric=time_distance_quantile&encoding=string&distance_mode=straight_line
rail_and_friends,6,Vienna,train,1,15.299999999996317,9.184774999999998,0,0,5874565120,2.689233001054091,3,0,4834,/reachable?network=rail_and_friends&index=861e15b47ffffff&departure_h=8&budget_h=1.0&max_walk_h=1.0&metric=time&encoding=split&distance_mode=itinerary&window_h=1.6&step_h=0.016666666666666666&window_mode=max_intersection
rail_and_friends,6,Vienna,train,1,35.91399999999112,28.632619000000002,0,0,5884289024,3.635224571332229,3,0,269194,/reachable?network=rail_and_friends&index=861e15b47ffffff&departure_h=17&budget_h=6.0&max_walk_h=0.0&metric=time_distance_quantile&encoding=string&distance_mode=straight_line&window_h=13.02&step_h=0.06&window_mode=diff_union
rail_and_friends,6,Vienna,train,2,36.45000000000209,8.719489000000001,0,0,5884289024,3.847702550595624,3,3,6074,/reachable?network=rail_and_friends&index=861e15b47ffffff&departure_h=8&budget_h=3.0&max_walk_h=0.0&metric=accessible_population&encoding=split&distance_mode=itinerary&origin_radius=10&exclude_origin_population=false
rail_and_friends,6,Vienna,train,2,7.446999999999093,4.199261,0,0,5884289024,2.9893355089448734,1,1,610,/reachable?network=rail_and_friends&index=861e15b47ffffff&departure_h=17&budget_h=0.0&max_walk_h=0.1&metric=accessible_population&encoding=string&distance_mode=straight_line&origin_radius=0&exclude_origin_population=true
rail_and_friends,6,Vienna,train,3,255.53400000001147,78.119289,0,0,5884289024,2.4893467726443648,3,3,17186,/reachable?network=rail_and_friends&index=861e15b47ffffff&departure_h=8&budget_h=6.0&max_walk_h=0.1&metric=accessible_population&encoding=split&distance_mode=itinerary&origin_radius=18&exclude_origin_population=false&window_h=0.26666666666666666&step_h=0.016666666666666666&window_mode=max_intersection
rail_and_friends,6,Vienna,train,3,7.022999999989565,3.449932,0,0,5884289024,0.8629155616179276,1,1,810,/reachable?network=rail_and_friends&index=861e15b47ffffff&departure_h=17&budget_h=0.25&max_walk_h=0.5&metric=accessible_population&encoding=string&distance_mode=straight_line&origin_radius=1&exclude_origin_population=true&window_h=0.03333333333333333&step_h=0.016666666666666666&window_mode=diff_union
rail_and_friends,6,rural,train,0,16.401000000001886,3.5487029999999997,0,0,5884289024,1.0141733525247296,1,0,1114,/reachable?network=rail_and_friends&index=861fb000fffffff&departure_h=8&budget_h=1.0&max_walk_h=1.0&metric=time&encoding=split&distance_mode=itinerary
rail_and_friends,6,rural,train,0,16.17000000000246,3.197398,0,0,5884289024,4.325392093176144,1,0,1306,/reachable?network=rail_and_friends&index=861fb000fffffff&departure_h=17&budget_h=6.0&max_walk_h=0.0&metric=time_distance_quantile&encoding=string&distance_mode=straight_line
rail_and_friends,6,rural,train,1,1.0389999999915744,0.390385,0,0,5884289024,22.954263123126278,0,0,1810,/reachable?network=rail_and_friends&index=861fb000fffffff&departure_h=8&budget_h=3.0&max_walk_h=0.0&metric=time&encoding=split&distance_mode=itinerary&window_h=13.02&step_h=0.06&window_mode=diff_union
rail_and_friends,6,rural,train,1,3.986999999995078,1.7469810000000001,0,0,5887434752,0,3,0,2018,/reachable?network=rail_and_friends&index=861fb000fffffff&departure_h=17&budget_h=0.0&max_walk_h=0.1&metric=time_distance_quantile&encoding=string&distance_mode=straight_line&window_h=0.26666666666666666&step_h=0.016666666666666666&window_mode=diff_intersection
rail_and_friends,6,rural,train,2,140.74700000000462,57.820805,0,0,5892653056,3.964887723007721,3,3,17210,/reachable?network=rail_and_friends&index=861fb000fffffff&departure_h=8&budget_h=6.0&max_walk_h=0.1&metric=accessible_population&encoding=split&distance_mode=itinerary&origin_radius=18&exclude_origin_population=false
rail_and_friends,6,rural,train,2,1.995999999991227,0.761556,0,0,5893251072,0,1,1,610,/reachable?network=rail_and_friends&index=861fb000fffffff&departure_h=17&budget_h=0.25&max_walk_h=0.5&metric=accessible_population&encoding=string&distance_mode=straight_line&origin_radius=1&exclude_origin_population=true
rail_and_friends,6,rural,train,3,22.27800000000002,4.715253,0,0,5893853184,5.879217943674732,0,0,794,/reachable?network=rail_and_friends&index=861fb000fffffff&departure_h=8&budget_h=0.0&max_walk_h=0.5&metric=accessible_population&encoding=split&distance_mode=itinerary&origin_radius=0&exclude_origin_population=false&window_h=0.03333333333333333&step_h=0.016666666666666666&window_mode=diff_union
rail_and_friends,6,rural,train,3,26.20399999999279,6.6313960000000005,0,0,5894455296,3.5883846800496753,1,1,674,/reachable?network=rail_and_friends&index=861fb000fffffff&departure_h=17&budget_h=0.5&max_walk_h=1.0&metric=accessible_population&encoding=string&distance_mode=straight_line&origin_radius=2&exclude_origin_population=true&window_h=0.06666666666666667&step_h=0.016666666666666666&window_mode=diff_intersection
rail_and_friends,6,Munich,calibration,0,34.54800000000091,6.591677,0,0,5895340032,2.344168266522346,1,0,23218,/reachable?network=rail_and_friends&index=861f8d7a7ffffff&departure_h=8&budget_h=3.0&max_walk_h=0.0&metric=time&encoding=split&distance_mode=itinerary
rail_and_friends,6,Munich,calibration,0,42.67699999999763,9.342296999999999,0,0,5895933952,3.995056041839408,1,0,962,/reachable?network=rail_and_friends&index=861f8d7a7ffffff&departure_h=17&budget_h=0.0&max_walk_h=0.1&metric=time&encoding=string&distance_mode=straight_line
rail_and_friends,6,Munich,calibration,1,90.18500000000529,29.950194999999997,0,0,5909696512,3.6665871442048568,3,0,221554,/reachable?network=rail_and_friends&index=861f8d7a7ffffff&departure_h=8&budget_h=6.0&max_walk_h=0.1&metric=time&encoding=split&distance_mode=itinerary&window_h=0.26666666666666666&step_h=0.016666666666666666&window_mode=diff_intersection
rail_and_friends,6,Munich,calibration,1,4.097999999999047,1.449887,0,0,5912383488,10.96775129277482,2,0,3418,/reachable?network=rail_and_friends&index=861f8d7a7ffffff&departure_h=17&budget_h=0.25&max_walk_h=0.5&metric=time&encoding=string&distance_mode=straight_line&window_h=0.03333333333333333&step_h=0.016666666666666666&window_mode=reachable_union
rail_and_friends,6,Munich,calibration,2,38.612000000000535,9.575028,0,0,5912383488,2.233727155249971,1,1,794,/reachable?network=rail_and_friends&index=861f8d7a7ffffff&departure_h=8&budget_h=0.0&max_walk_h=0.5&metric=accessible_population&encoding=split&distance_mode=itinerary&origin_radius=0&exclude_origin_population=false
rail_and_friends,6,Munich,calibration,2,2.405999999993469,0.915412,0,0,5912985600,0,1,1,1074,/reachable?network=rail_and_friends&index=861f8d7a7ffffff&departure_h=17&budget_h=0.5&max_walk_h=1.0&metric=accessible_population&encoding=string&distance_mode=straight_line&origin_radius=2&exclude_origin_population=true
rail_and_friends,6,Munich,calibration,3,58.89999999999418,14.212111,0,0,5912985600,3.595524962450734,1,1,890,/reachable?network=rail_and_friends&index=861f8d7a7ffffff&departure_h=8&budget_h=0.25&max_walk_h=1.0&metric=accessible_population&encoding=split&distance_mode=itinerary&origin_radius=1&exclude_origin_population=false&window_h=0.06666666666666667&step_h=0.016666666666666666&window_mode=diff_intersection
rail_and_friends,6,Munich,calibration,3,8.710000000007767,2.926025,0,0,5913587712,3.8584769503400294,3,3,2210,/reachable?network=rail_and_friends&index=861f8d7a7ffffff&departure_h=17&budget_h=1.0&max_walk_h=0.0&metric=accessible_population&encoding=string&distance_mode=straight_line&origin_radius=5&exclude_origin_population=true&window_h=0.26666666666666666&step_h=0.016666666666666666&window_mode=reachable_union
rail_and_friends,6,London,test,0,7.935000000003356,6.564906,0,0,5915885568,3.361053460314028,1,0,117554,/reachable?network=rail_and_friends&index=86195da4fffffff&departure_h=8&budget_h=6.0&max_walk_h=0.1&metric=time&encoding=split&distance_mode=itinerary
rail_and_friends,6,London,test,0,0.7840000000101099,0.680017,0,0,5916475392,0,1,0,4498,/reachable?network=rail_and_friends&index=86195da4fffffff&departure_h=17&budget_h=0.25&max_walk_h=0.5&metric=time_distance_quantile&encoding=string&distance_mode=straight_line
rail_and_friends,6,London,test,1,4.849000000007209,1.862304,0,0,5924982784,2.76592866111334,2,0,1810,/reachable?network=rail_and_friends&index=86195da4fffffff&departure_h=8&budget_h=0.0&max_walk_h=0.5&metric=time&encoding=split&distance_mode=itinerary&window_h=0.03333333333333333&step_h=0.016666666666666666&window_mode=reachable_union
rail_and_friends,6,London,test,1,3.2339999999919655,1.554667,0,0,5927669760,0,2,0,10490,/reachable?network=rail_and_friends&index=86195da4fffffff&departure_h=17&budget_h=0.5&max_walk_h=1.0&metric=time_distance_quantile&encoding=string&distance_mode=straight_line&window_h=0.06666666666666667&step_h=0.016666666666666666&window_mode=mean_intersection
rail_and_friends,6,London,test,2,5.213999999995167,2.653978,0,0,5927669760,5.571259364546594,1,1,890,/reachable?network=rail_and_friends&index=86195da4fffffff&departure_h=8&budget_h=0.25&max_walk_h=1.0&metric=accessible_population&encoding=split&distance_mode=itinerary&origin_radius=1&exclude_origin_population=false
rail_and_friends,6,London,test,2,21.372999999996978,6.959196,0,0,5928267776,4.113549905271982,2,2,2754,/reachable?network=rail_and_friends&index=86195da4fffffff&departure_h=17&budget_h=1.0&max_walk_h=0.0&metric=accessible_population&encoding=string&distance_mode=straight_line&origin_radius=5&exclude_origin_population=true
rail_and_friends,6,London,test,3,28.548000000000684,6.964691999999999,0,0,5928267776,3.0801074974407263,2,2,1082,/reachable?network=rail_and_friends&index=86195da4fffffff&departure_h=8&budget_h=0.5&max_walk_h=0.0&metric=accessible_population&encoding=split&distance_mode=itinerary&origin_radius=2&exclude_origin_population=false&window_h=0.26666666666666666&step_h=0.016666666666666666&window_mode=reachable_union
rail_and_friends,6,London,test,3,491.74999999999613,161.822631,0,0,5950185472,3.5733568073380075,3,3,6210,/reachable?network=rail_and_friends&index=86195da4fffffff&departure_h=17&budget_h=3.0&max_walk_h=0.1&metric=accessible_population&encoding=string&distance_mode=straight_line&origin_radius=10&exclude_origin_population=true&window_h=1.6&step_h=0.016666666666666666&window_mode=mean_intersection
rail_and_friends,7,Paris,train,0,0.5859999999984211,0.250626,0,0,6359076864,0,1,0,1114,/reachable?network=rail_and_friends&index=871fb4662ffffff&departure_h=8&budget_h=0.0&max_walk_h=0.0&metric=time&encoding=split&distance_mode=itinerary
rail_and_friends,7,Paris,train,0,5.410000000011905,1.900016,0,0,6359076864,7.678882713942696,1,0,13106,/reachable?network=rail_and_friends&index=871fb4662ffffff&departure_h=17&budget_h=0.5&max_walk_h=0.1&metric=time_distance_quantile&encoding=string&distance_mode=straight_line
rail_and_friends,7,Paris,train,1,60.58299999997985,19.242051999999997,16.463413,0,6226632704,1.0090919534826803,2,0,6330,/reachable?network=rail_and_friends&index=871fb4662ffffff&departure_h=8&budget_h=0.25&max_walk_h=0.1&metric=time&encoding=split&distance_mode=itinerary&window_h=0.06666666666666667&step_h=0.016666666666666666&window_mode=mean_intersection
rail_and_friends,7,Paris,train,1,41.650000000004184,9.767945000000001,0,0,6226632704,1.878593711970652,3,0,58538,/reachable?network=rail_and_friends&index=871fb4662ffffff&departure_h=17&budget_h=1.0&max_walk_h=0.5&metric=time_distance_quantile&encoding=string&distance_mode=straight_line&window_h=0.26666666666666666&step_h=0.016666666666666666&window_mode=min_union
rail_and_friends,7,Paris,train,2,4.878999999988309,1.477261,0,0,6230171648,0,1,1,1082,/reachable?network=rail_and_friends&index=871fb4662ffffff&departure_h=8&budget_h=0.5&max_walk_h=0.5&metric=accessible_population&encoding=split&distance_mode=itinerary&origin_radius=2&exclude_origin_population=false
rail_and_friends,7,Paris,train,2,176.45899999999415,66.81643,0,0,6263013376,3.3455992805916788,3,3,9554,/reachable?network=rail_and_friends&index=871fb4662ffffff&departure_h=17&budget_h=3.0&max_walk_h=1.0&metric=accessible_population&encoding=string&distance_mode=straight_line&origin_radius=10&exclude_origin_population=true
rail_and_friends,7,Paris,train,3,370.49500000000535,119.681344,0,0,6321684480,3.839403740667132,3,3,2234,/reachable?network=rail_and_friends&index=871fb4662ffffff&departure_h=8&budget_h=1.0&max_walk_h=1.0&metric=accessible_population&encoding=split&distance_mode=itinerary&origin_radius=5&exclude_origin_population=false&window_h=1.6&step_h=0.016666666666666666&window_mode=mean_intersection
rail_and_friends,7,Paris,train,3,6593.48,2249.772043,0,0,6350032896,3.6254873134273367,3,3,9498,/reachable?network=rail_and_friends&index=871fb4662ffffff&departure_h=17&budget_h=6.0&max_walk_h=0.0&metric=accessible_population&encoding=string&distance_mode=straight_line&origin_radius=18&exclude_origin_population=true&window_h=13.02&step_h=0.06&window_mode=min_union
rail_and_friends,7,Berlin,train,0,1.471000000009326,1.346959,0,0,6352334848,0,1,0,3610,/reachable?network=rail_and_friends&index=871f1d489ffffff&departure_h=8&budget_h=0.25&max_walk_h=0.1&metric=time&encoding=split&distance_mode=itinerary
rail_and_friends,7,Berlin,train,0,3.015000000004875,2.0025619999999997,0,0,6353485824,0,1,0,24378,/reachable?network=rail_and_friends&index=871f1d489ffffff&departure_h=17&budget_h=1.0&max_walk_h=0.5&metric=time_distance_quantile&encoding=string&distance_mode=straight_line
rail_and_friends,7,Berlin,train,1,26.49300000001631,16.041902,4.66812,0,6396248064,4.582187329975956,3,0,11442,/reachable?network=rail_and_friends&index=871f1d489ffffff&departure_h=8&budget_h=0.5&max_walk_h=0.5&metric=time&encoding=split&distance_mode=itinerary&window_h=0.26666666666666666&step_h=0.016666666666666666&window_mode=min_union
rail_and_friends,7,Berlin,train,1,74.0859999999941,31.470709,0,0,6398013440,3.3654786720824537,3,0,303810,/reachable?network=rail_and_friends&index=871f1d489ffffff&departure_h=17&budget_h=3.0&max_walk_h=1.0&metric=time_distance_quantile&encoding=string&distance_mode=straight_line&window_h=1.6&step_h=0.016666666666666666&window_mode=max_intersection
rail_and_friends,7,Berlin,train,2,34.82999999999947,9.976583000000002,0,0,6398013440,3.525255073040786,2,2,2234,/reachable?network=rail_and_friends&index=871f1d489ffffff&departure_h=8&budget_h=1.0&max_walk_h=1.0&metric=accessible_population&encoding=split&distance_mode=itinerary&origin_radius=5&exclude_origin_population=false
rail_and_friends,7,Berlin,train,2,112.48199999999997,33.486437,0,0,6400348160,3.5094208434708527,3,3,8258,/reachable?network=rail_and_friends&index=871f1d489ffffff&departure_h=17&budget_h=6.0&max_walk_h=0.0&metric=accessible_population&encoding=string&distance_mode=straight_line&origin_radius=18&exclude_origin_population=true
rail_and_friends,7,Berlin,train,3,1747.6729999999918,626.852777,0,0,6400348160,3.2421121427495057,3,3,6042,/reachable?network=rail_and_friends&index=871f1d489ffffff&departure_h=8&budget_h=3.0&max_walk_h=0.0&metric=accessible_population&encoding=split&distance_mode=itinerary&origin_radius=10&exclude_origin_population=false&window_h=13.02&step_h=0.06&window_mode=min_union
rail_and_friends,7,Berlin,train,3,20.24299999999357,3.432626,0,0,6400348160,2.842430264161055,1,1,610,/reachable?network=rail_and_friends&index=871f1d489ffffff&departure_h=17&budget_h=0.0&max_walk_h=0.1&metric=accessible_population&encoding=string&distance_mode=straight_line&origin_radius=0&exclude_origin_population=true&window_h=0.26666666666666666&step_h=0.016666666666666666&window_mode=max_intersection
rail_and_friends,7,Vienna,train,0,3.061999999999898,1.5647280000000001,0,0,6402076672,0,1,0,4122,/reachable?network=rail_and_friends&index=871e15b71ffffff&departure_h=8&budget_h=0.5&max_walk_h=0.5&metric=time&encoding=split&distance_mode=itinerary
rail_and_friends,7,Vienna,train,0,13.859000000024935,10.39117,0,0,6402076672,3.478049155825686,1,0,271650,/reachable?network=rail_and_friends&index=871e15b71ffffff&departure_h=17&budget_h=3.0&max_walk_h=1.0&metric=time_distance_quantile&encoding=string&distance_mode=straight_line
rail_and_friends,7,Vienna,train,1,45.630000000016935,21.172547,0,0,6423568384,2.5679480064578284,3,0,10922,/reachable?network=rail_and_friends&index=871e15b71ffffff&departure_h=8&budget_h=1.0&max_walk_h=1.0&metric=time&encoding=split&distance_mode=itinerary&window_h=1.6&step_h=0.016666666666666666&window_mode=max_intersection
rail_and_friends,7,Vienna,train,1,330.5970000000116,116.632398,47.569516,0,6510731264,3.0815022764438837,3,0,458026,/reachable?network=rail_and_friends&index=871e15b71ffffff&departure_h=17&budget_h=6.0&max_walk_h=0.0&metric=time_distance_quantile&encoding=string&distance_mode=straight_line&window_h=13.02&step_h=0.06&window_mode=diff_union
rail_and_friends,7,Vienna,train,2,7.151999999990721,3.215562,0,0,6510735360,3.9955690540676034,2,2,6050,/reachable?network=rail_and_friends&index=871e15b71ffffff&departure_h=8&budget_h=3.0&max_walk_h=0.0&metric=accessible_population&encoding=split&distance_mode=itinerary&origin_radius=10&exclude_origin_population=false
rail_and_friends,7,Vienna,train,2,2.600999999998521,0.774826,0,0,6510735360,0,1,1,610,/reachable?network=rail_and_friends&index=871e15b71ffffff&departure_h=17&budget_h=0.0&max_walk_h=0.1&metric=accessible_population&encoding=string&distance_mode=straight_line&origin_radius=0&exclude_origin_population=true
rail_and_friends,7,Vienna,train,3,233.82700000001932,83.363586,0,0,6510739456,2.593134608597746,3,3,17178,/reachable?network=rail_and_friends&index=871e15b71ffffff&departure_h=8&budget_h=6.0&max_walk_h=0.1&metric=accessible_population&encoding=split&distance_mode=itinerary&origin_radius=18&exclude_origin_population=false&window_h=0.26666666666666666&step_h=0.016666666666666666&window_mode=max_intersection
rail_and_friends,7,Vienna,train,3,2.8230000000064592,0.9836230000000001,0,0,6510739456,0,1,1,810,/reachable?network=rail_and_friends&index=871e15b71ffffff&departure_h=17&budget_h=0.25&max_walk_h=0.5&metric=accessible_population&encoding=string&distance_mode=straight_line&origin_radius=1&exclude_origin_population=true&window_h=0.03333333333333333&step_h=0.016666666666666666&window_mode=diff_union
rail_and_friends,7,rural,train,0,1.0309999999833508,0.680108,0,0,6510739456,0,1,0,1690,/reachable?network=rail_and_friends&index=871fb000bffffff&departure_h=8&budget_h=1.0&max_walk_h=1.0&metric=time&encoding=split&distance_mode=itinerary
rail_and_friends,7,rural,train,0,28.2150000000172,6.086274,0,0,6510739456,0.29328285172370405,1,0,1306,/reachable?network=rail_and_friends&index=871fb000bffffff&departure_h=17&budget_h=6.0&max_walk_h=0.0&metric=time_distance_quantile&encoding=string&distance_mode=straight_line
rail_and_friends,7,rural,train,1,1.100999999977148,0.5730919999999999,0,0,6510739456,0,0,0,1810,/reachable?network=rail_and_friends&index=871fb000bffffff&departure_h=8&budget_h=3.0&max_walk_h=0.0&metric=time&encoding=split&distance_mode=itinerary&window_h=13.02&step_h=0.06&window_mode=diff_union
rail_and_friends,7,rural,train,1,35.10700000001066,11.516162999999999,0,0,6517751808,4.766604995414564,3,0,2018,/reachable?network=rail_and_friends&index=871fb000bffffff&departure_h=17&budget_h=0.0&max_walk_h=0.1&metric=time_distance_quantile&encoding=string&distance_mode=straight_line&window_h=0.26666666666666666&step_h=0.016666666666666666&window_mode=diff_intersection
rail_and_friends,7,rural,train,2,32.322000000021944,29.796594,0,0,6521278464,3.2781599094251965,1,1,16642,/reachable?network=rail_and_friends&index=871fb000bffffff&departure_h=8&budget_h=6.0&max_walk_h=0.1&metric=accessible_population&encoding=split&distance_mode=itinerary&origin_radius=18&exclude_origin_population=false
rail_and_friends,7,rural,train,2,3.0999999999892225,1.750239,0,0,6524805120,0,0,0,610,/reachable?network=rail_and_friends&index=871fb000bffffff&departure_h=17&budget_h=0.25&max_walk_h=0.5&metric=accessible_population&encoding=string&distance_mode=straight_line&origin_radius=1&exclude_origin_population=true
rail_and_friends,7,rural,train,3,5.244000000004689,2.772694,0,0,6528344064,8.928500594705001,0,0,794,/reachable?network=rail_and_friends&index=871fb000bffffff&departure_h=8&budget_h=0.0&max_walk_h=0.5&metric=accessible_population&encoding=split&distance_mode=itinerary&origin_radius=0&exclude_origin_population=false&window_h=0.03333333333333333&step_h=0.016666666666666666&window_mode=diff_union
rail_and_friends,7,rural,train,3,10.296999999980017,7.372622,0,0,6535426048,5.385194039052337,1,1,1130,/reachable?network=rail_and_friends&index=871fb000bffffff&departure_h=17&budget_h=0.5&max_walk_h=1.0&metric=accessible_population&encoding=string&distance_mode=straight_line&origin_radius=2&exclude_origin_population=true&window_h=0.06666666666666667&step_h=0.016666666666666666&window_mode=diff_intersection
rail_and_friends,7,Munich,calibration,0,25.65199999997958,4.801226,0,0,6535426048,5.071204691000988,1,0,37618,/reachable?network=rail_and_friends&index=871f8d7a4ffffff&departure_h=8&budget_h=3.0&max_walk_h=0.0&metric=time&encoding=split&distance_mode=itinerary
rail_and_friends,7,Munich,calibration,0,1.6660000000001673,0.496913,0,0,6535426048,0,1,0,962,/reachable?network=rail_and_friends&index=871f8d7a4ffffff&departure_h=17&budget_h=0.0&max_walk_h=0.1&metric=time&encoding=string&distance_mode=straight_line
rail_and_friends,7,Munich,calibration,1,460.062999999991,112.90336500000001,64.767613,0,6582521856,3.0108668598723796,3,0,407586,/reachable?network=rail_and_friends&index=871f8d7a4ffffff&departure_h=8&budget_h=6.0&max_walk_h=0.1&metric=time&encoding=split&distance_mode=itinerary&window_h=0.26666666666666666&step_h=0.016666666666666666&window_mode=diff_intersection
rail_and_friends,7,Munich,calibration,1,4.677999999984195,1.714121,0,0,6583361536,3.1047983248143103,2,0,5426,/reachable?network=rail_and_friends&index=871f8d7a4ffffff&departure_h=17&budget_h=0.25&max_walk_h=0.5&metric=time&encoding=string&distance_mode=straight_line&window_h=0.03333333333333333&step_h=0.016666666666666666&window_mode=reachable_union
rail_and_friends,7,Munich,calibration,2,18.394000000000688,3.9824939999999995,0,0,6583361536,2.914254240669036,1,1,794,/reachable?network=rail_and_friends&index=871f8d7a4ffffff&departure_h=8&budget_h=0.0&max_walk_h=0.5&metric=accessible_population&encoding=split&distance_mode=itinerary&origin_radius=0&exclude_origin_population=false
rail_and_friends,7,Munich,calibration,2,2.7989999999817883,1.004695,0,0,6583361536,0,1,1,1130,/reachable?network=rail_and_friends&index=871f8d7a4ffffff&departure_h=17&budget_h=0.5&max_walk_h=1.0&metric=accessible_population&encoding=string&distance_mode=straight_line&origin_radius=2&exclude_origin_population=true
rail_and_friends,7,Munich,calibration,3,17.76399999999967,4.866513,0,0,6583361536,4.569185377138258,1,1,890,/reachable?network=rail_and_friends&index=871f8d7a4ffffff&departure_h=8&budget_h=0.25&max_walk_h=1.0&metric=accessible_population&encoding=split&distance_mode=itinerary&origin_radius=1&exclude_origin_population=false&window_h=0.06666666666666667&step_h=0.016666666666666666&window_mode=diff_intersection
rail_and_friends,7,Munich,calibration,3,26.313000000016018,6.728160000000001,0,0,6583361536,3.5205761773976043,3,3,2298,/reachable?network=rail_and_friends&index=871f8d7a4ffffff&departure_h=17&budget_h=1.0&max_walk_h=0.0&metric=accessible_population&encoding=string&distance_mode=straight_line&origin_radius=5&exclude_origin_population=true&window_h=0.26666666666666666&step_h=0.016666666666666666&window_mode=reachable_union
rail_and_friends,7,London,test,0,7.476999999994405,6.289142,0,0,6583365632,1.991209614702935,1,0,172786,/reachable?network=rail_and_friends&index=87195da49ffffff&departure_h=8&budget_h=6.0&max_walk_h=0.1&metric=time&encoding=split&distance_mode=itinerary
rail_and_friends,7,London,test,0,1.854000000008682,0.740343,0,0,6583365632,0,1,0,6386,/reachable?network=rail_and_friends&index=87195da49ffffff&departure_h=17&budget_h=0.25&max_walk_h=0.5&metric=time_distance_quantile&encoding=string&distance_mode=straight_line
rail_and_friends,7,London,test,1,4.635000000007494,2.611431,0,0,6585888768,2.0544291651993607,2,0,1810,/reachable?network=rail_and_friends&index=87195da49ffffff&departure_h=8&budget_h=0.0&max_walk_h=0.5&metric=time&encoding=split&distance_mode=itinerary&window_h=0.03333333333333333&step_h=0.016666666666666666&window_mode=reachable_union
rail_and_friends,7,London,test,1,7.882000000023481,2.908485,0,0,6585888768,0.7282141765523097,2,0,21114,/reachable?network=rail_and_friends&index=87195da49ffffff&departure_h=17&budget_h=0.5&max_walk_h=1.0&metric=time_distance_quantile&encoding=string&distance_mode=straight_line&window_h=0.06666666666666667&step_h=0.016666666666666666&window_mode=mean_intersection
rail_and_friends,7,London,test,2,3.0119999999840275,1.042535,0,0,6585888768,0,1,1,890,/reachable?network=rail_and_friends&index=87195da49ffffff&departure_h=8&budget_h=0.25&max_walk_h=1.0&metric=accessible_population&encoding=split&distance_mode=itinerary&origin_radius=1&exclude_origin_population=false
rail_and_friends,7,London,test,2,15.20800000000122,5.51005,0,0,6585888768,0,2,2,2890,/reachable?network=rail_and_friends&index=87195da49ffffff&departure_h=17&budget_h=1.0&max_walk_h=0.0&metric=accessible_population&encoding=string&distance_mode=straight_line&origin_radius=5&exclude_origin_population=true
rail_and_friends,7,London,test,3,11.944999999997208,5.6948099999999995,0,0,6585888768,3.17043062506782,2,2,1082,/reachable?network=rail_and_friends&index=87195da49ffffff&departure_h=8&budget_h=0.5&max_walk_h=0.0&metric=accessible_population&encoding=split&distance_mode=itinerary&origin_radius=2&exclude_origin_population=false&window_h=0.26666666666666666&step_h=0.016666666666666666&window_mode=reachable_union
rail_and_friends,7,London,test,3,944.7139999999763,303.728787,0,0,6585888768,2.914725366728342,3,3,7074,/reachable?network=rail_and_friends&index=87195da49ffffff&departure_h=17&budget_h=3.0&max_walk_h=0.1&metric=accessible_population&encoding=string&distance_mode=straight_line&origin_radius=10&exclude_origin_population=true&window_h=1.6&step_h=0.016666666666666666&window_mode=mean_intersection
rail_and_friends,8,Paris,train,0,0.6410000000300897,0.334357,0,0,8392212480,0,1,0,1114,/reachable?network=rail_and_friends&index=881fb46625fffff&departure_h=8&budget_h=0.0&max_walk_h=0.0&metric=time&encoding=split&distance_mode=itinerary
rail_and_friends,8,Paris,train,0,4.446000000029926,2.719701,0,0,8393867264,5.719011030475969,1,0,24026,/reachable?network=rail_and_friends&index=881fb46625fffff&departure_h=17&budget_h=0.5&max_walk_h=0.1&metric=time_distance_quantile&encoding=string&distance_mode=straight_line
rail_and_friends,8,Paris,train,1,255.38000000000238,66.92450099999999,54.83731,0,8391770112,2.0115204130928395,2,0,10434,/reachable?network=rail_and_friends&index=881fb46625fffff&departure_h=8&budget_h=0.25&max_walk_h=0.1&metric=time&encoding=split&distance_mode=itinerary&window_h=0.06666666666666667&step_h=0.016666666666666666&window_mode=mean_intersection
rail_and_friends,8,Paris,train,1,104.08899999998766,66.20225500000001,0,0,8548511744,3.7145411415413863,3,0,302314,/reachable?network=rail_and_friends&index=881fb46625fffff&departure_h=17&budget_h=1.0&max_walk_h=0.5&metric=time_distance_quantile&encoding=string&distance_mode=straight_line&window_h=0.26666666666666666&step_h=0.016666666666666666&window_mode=min_union
rail_and_friends,8,Paris,train,2,75.75900000000502,18.281836,0,0,8595890176,2.9669339622709074,1,1,1082,/reachable?network=rail_and_friends&index=881fb46625fffff&departure_h=8&budget_h=0.5&max_walk_h=0.5&metric=accessible_population&encoding=split&distance_mode=itinerary&origin_radius=2&exclude_origin_population=false
rail_and_friends,8,Paris,train,2,627.4559999999951,232.047496,0,0,8152342528,3.2430602047446624,3,3,9554,/reachable?network=rail_and_friends&index=881fb46625fffff&departure_h=17&budget_h=3.0&max_walk_h=1.0&metric=accessible_population&encoding=string&distance_mode=straight_line&origin_radius=10&exclude_origin_population=true
rail_and_friends,8,Paris,train,3,985.7879999999568,346.22641999999996,0,0,8184750080,3.102628621050706,3,3,2234,/reachable?network=rail_and_friends&index=881fb46625fffff&departure_h=8&budget_h=1.0&max_walk_h=1.0&metric=accessible_population&encoding=split&distance_mode=itinerary&origin_radius=5&exclude_origin_population=false&window_h=1.6&step_h=0.016666666666666666&window_mode=mean_intersection
rail_and_friends,8,Paris,train,3,9940.848000000016,3327.621583,0,0,8185974784,2.5451067042646343,3,3,11122,/reachable?network=rail_and_friends&index=881fb46625fffff&departure_h=17&budget_h=6.0&max_walk_h=0.0&metric=accessible_population&encoding=string&distance_mode=straight_line&origin_radius=18&exclude_origin_population=true&window_h=13.02&step_h=0.06&window_mode=min_union
rail_and_friends,8,Berlin,train,0,2.8609999999957836,1.6138560000000002,0,0,8186331136,4.423566916328,1,0,3994,/reachable?network=rail_and_friends&index=881f1d4895fffff&departure_h=8&budget_h=0.25&max_walk_h=0.1&metric=time&encoding=split&distance_mode=itinerary
rail_and_friends,8,Berlin,train,0,8.572000000015123,4.575858,0,0,8186617856,2.497455126144939,1,0,112170,/reachable?network=rail_and_friends&index=881f1d4895fffff&departure_h=17&budget_h=1.0&max_walk_h=0.5&metric=time_distance_quantile&encoding=string&distance_mode=straight_line
rail_and_friends,8,Berlin,train,1,62.126000000034765,48.313154,3.533909,0,8297218048,1.8188421343732522,3,0,31754,/reachable?network=rail_and_friends&index=881f1d4895fffff&departure_h=8&budget_h=0.5&max_walk_h=0.5&metric=time&encoding=split&distance_mode=itinerary&window_h=0.26666666666666666&step_h=0.016666666666666666&window_mode=min_union
rail_and_friends,8,Berlin,train,1,324.69800000001214,174.669771,0,0,8496623616,2.778397185027896,3,0,1704018,/reachable?network=rail_and_friends&index=881f1d4895fffff&departure_h=17&budget_h=3.0&max_walk_h=1.0&metric=time_distance_quantile&encoding=string&distance_mode=straight_line&window_h=1.6&step_h=0.016666666666666666&window_mode=max_intersection
rail_and_friends,8,Berlin,train,2,82.84099999997352,35.979758000000004,0,0,8496623616,3.5341816416776406,2,2,2234,/reachable?network=rail_and_friends&index=881f1d4895fffff&departure_h=8&budget_h=1.0&max_walk_h=1.0&metric=accessible_population&encoding=split&distance_mode=itinerary&origin_radius=5&exclude_origin_population=false
rail_and_friends,8,Berlin,train,2,74.98700000002145,27.230508,0,0,8602968064,1.285800474321817,3,3,9858,/reachable?network=rail_and_friends&index=881f1d4895fffff&departure_h=17&budget_h=6.0&max_walk_h=0.0&metric=accessible_population&encoding=string&distance_mode=straight_line&origin_radius=18&exclude_origin_population=true
rail_and_friends,8,Berlin,train,3,3204.3770000000222,1113.095168,0,0,8602972160,2.6463352681689525,3,3,6074,/reachable?network=rail_and_friends&index=881f1d4895fffff&departure_h=8&budget_h=3.0&max_walk_h=0.0&metric=accessible_population&encoding=split&distance_mode=itinerary&origin_radius=10&exclude_origin_population=false&window_h=13.02&step_h=0.06&window_mode=min_union
rail_and_friends,8,Berlin,train,3,3.8059999999973115,0.7553310000000001,0,0,8602972160,0,1,1,610,/reachable?network=rail_and_friends&index=881f1d4895fffff&departure_h=17&budget_h=0.0&max_walk_h=0.1&metric=accessible_population&encoding=string&distance_mode=straight_line&origin_radius=0&exclude_origin_population=true&window_h=0.26666666666666666&step_h=0.016666666666666666&window_mode=max_intersection
rail_and_friends,8,Vienna,train,0,2.4980000000027758,1.420469,0,0,8602984448,0,1,0,12274,/reachable?network=rail_and_friends&index=881e15b713fffff&departure_h=8&budget_h=0.5&max_walk_h=0.5&metric=time&encoding=split&distance_mode=itinerary
rail_and_friends,8,Vienna,train,0,54.718999999977314,53.151421,0,0,8608088064,3.297766963073798,1,0,1662690,/reachable?network=rail_and_friends&index=881e15b713fffff&departure_h=17&budget_h=3.0&max_walk_h=1.0&metric=time_distance_quantile&encoding=string&distance_mode=straight_line
rail_and_friends,8,Vienna,train,1,153.14100000000508,60.136387,5.636858,0,8633733120,3.1072535183035517,3,0,43738,/reachable?network=rail_and_friends&index=881e15b713fffff&departure_h=8&budget_h=1.0&max_walk_h=1.0&metric=time&encoding=split&distance_mode=itinerary&window_h=1.6&step_h=0.016666666666666666&window_mode=max_intersection
rail_and_friends,8,Vienna,train,1,113.90400000004774,67.959323,0,0,8787890176,2.4440502449957004,3,0,582026,/reachable?network=rail_and_friends&index=881e15b713fffff&departure_h=17&budget_h=6.0&max_walk_h=0.0&metric=time_distance_quantile&encoding=string&distance_mode=straight_line&window_h=13.02&step_h=0.06&window_mode=diff_union
rail_and_friends,8,Vienna,train,2,51.35400000000345,12.677713,0,0,8889118720,2.2595557922530434,3,3,6042,/reachable?network=rail_and_friends&index=881e15b713fffff&departure_h=8&budget_h=3.0&max_walk_h=0.0&metric=accessible_population&encoding=split&distance_mode=itinerary&origin_radius=10&exclude_origin_population=false
rail_and_friends,8,Vienna,train,2,31.74300000000585,7.387741,0,0,8889118720,2.4712561047497847,1,1,610,/reachable?network=rail_and_friends&index=881e15b713fffff&departure_h=17&budget_h=0.0&max_walk_h=0.1&metric=accessible_population&encoding=string&distance_mode=straight_line&origin_radius=0&exclude_origin_population=true
rail_and_friends,8,Vienna,train,3,650.3529999999955,215.278482,0,0,9006075904,3.4357683732532034,3,3,16442,/reachable?network=rail_and_friends&index=881e15b713fffff&departure_h=8&budget_h=6.0&max_walk_h=0.1&metric=accessible_population&encoding=split&distance_mode=itinerary&origin_radius=18&exclude_origin_population=false&window_h=0.26666666666666666&step_h=0.016666666666666666&window_mode=max_intersection
rail_and_friends,8,Vienna,train,3,4.522000000008575,0.947928,0,0,9006075904,0,1,1,810,/reachable?network=rail_and_friends&index=881e15b713fffff&departure_h=17&budget_h=0.25&max_walk_h=0.5&metric=accessible_population&encoding=string&distance_mode=straight_line&origin_radius=1&exclude_origin_population=true&window_h=0.03333333333333333&step_h=0.016666666666666666&window_mode=diff_union
rail_and_friends,8,rural,train,0,44.35799999998835,7.355503000000001,0,0,9006080000,0.7670447618032074,1,0,4826,/reachable?network=rail_and_friends&index=881fb000bdfffff&departure_h=8&budget_h=1.0&max_walk_h=1.0&metric=time&encoding=split&distance_mode=itinerary
rail_and_friends,8,rural,train,0,1.4519999999720312,0.237543,0,0,9006084096,0,1,0,1306,/reachable?network=rail_and_friends&index=881fb000bdfffff&departure_h=17&budget_h=6.0&max_walk_h=0.0&metric=time_distance_quantile&encoding=string&distance_mode=straight_line
rail_and_friends,8,rural,train,1,2.52100000000155,0.772117,0,0,9006100480,0,0,0,1810,/reachable?network=rail_and_friends&index=881fb000bdfffff&departure_h=8&budget_h=3.0&max_walk_h=0.0&metric=time&encoding=split&distance_mode=itinerary&window_h=13.02&step_h=0.06&window_mode=diff_union
rail_and_friends,8,rural,train,1,16.368999999997413,12.690814999999999,0,0,8959369216,3.4379982732300443,3,0,2018,/reachable?network=rail_and_friends&index=881fb000bdfffff&departure_h=17&budget_h=0.0&max_walk_h=0.1&metric=time_distance_quantile&encoding=string&distance_mode=straight_line&window_h=0.26666666666666666&step_h=0.016666666666666666&window_mode=diff_intersection
rail_and_friends,8,rural,train,2,77.72699999998167,66.58582100000001,4.214622,0,8955973632,3.187960993035908,1,1,11714,/reachable?network=rail_and_friends&index=881fb000bdfffff&departure_h=8&budget_h=6.0&max_walk_h=0.1&metric=accessible_population&encoding=split&distance_mode=itinerary&origin_radius=18&exclude_origin_population=false
rail_and_friends,8,rural,train,2,3.8979999999924075,2.837062,0,0,8955973632,0,0,0,810,/reachable?network=rail_and_friends&index=881fb000bdfffff&departure_h=17&budget_h=0.25&max_walk_h=0.5&metric=accessible_population&encoding=string&distance_mode=straight_line&origin_radius=1&exclude_origin_population=true
rail_and_friends,8,rural,train,3,3.85399999998981,2.633304,0,0,8955973632,2.333950052604415,0,0,794,/reachable?network=rail_and_friends&index=881fb000bdfffff&departure_h=8&budget_h=0.0&max_walk_h=0.5&metric=accessible_population&encoding=split&distance_mode=itinerary&origin_radius=0&exclude_origin_population=false&window_h=0.03333333333333333&step_h=0.016666666666666666&window_mode=diff_union
rail_and_friends,8,rural,train,3,5.609999999990123,5.5265640000000005,0,0,8955973632,4.413230317267457,0,0,1130,/reachable?network=rail_and_friends&index=881fb000bdfffff&departure_h=17&budget_h=0.5&max_walk_h=1.0&metric=accessible_population&encoding=string&distance_mode=straight_line&origin_radius=2&exclude_origin_population=true&window_h=0.06666666666666667&step_h=0.016666666666666666&window_mode=diff_intersection
rail_and_friends,8,Munich,calibration,0,1.4840000000049258,0.953086,0,0,8955973632,8.935185292101972,1,0,50650,/reachable?network=rail_and_friends&index=881f8d7a49fffff&departure_h=8&budget_h=3.0&max_walk_h=0.0&metric=time&encoding=split&distance_mode=itinerary
rail_and_friends,8,Munich,calibration,0,1.541000000031545,0.672871,0,0,8955973632,0,1,0,962,/reachable?network=rail_and_friends&index=881f8d7a49fffff&departure_h=17&budget_h=0.0&max_walk_h=0.1&metric=time&encoding=string&distance_mode=straight_line
rail_and_friends,8,Munich,calibration,1,191.45800000001145,76.58858000000001,3.5361580000000004,0,8961605632,3.2451574365800906,3,0,598138,/reachable?network=rail_and_friends&index=881f8d7a49fffff&departure_h=8&budget_h=6.0&max_walk_h=0.1&metric=time&encoding=split&distance_mode=itinerary&window_h=0.26666666666666666&step_h=0.016666666666666666&window_mode=diff_intersection
rail_and_friends,8,Munich,calibration,1,41.54399999998759,22.641336000000003,0,0,9008590848,3.4651665378288836,2,0,9714,/reachable?network=rail_and_friends&index=881f8d7a49fffff&departure_h=17&budget_h=0.25&max_walk_h=0.5&metric=time&encoding=string&distance_mode=straight_line&window_h=0.03333333333333333&step_h=0.016666666666666666&window_mode=reachable_union
rail_and_friends,8,Munich,calibration,2,1.9530000000145264,0.69085,0,0,9008590848,0,1,1,794,/reachable?network=rail_and_friends&index=881f8d7a49fffff&departure_h=8&budget_h=0.0&max_walk_h=0.5&metric=accessible_population&encoding=split&distance_mode=itinerary&origin_radius=0&exclude_origin_population=false
rail_and_friends,8,Munich,calibration,2,5.182999999988169,3.067723,0,0,9008590848,4.829966727321301,1,1,1130,/reachable?network=rail_and_friends&index=881f8d7a49fffff&departure_h=17&budget_h=0.5&max_walk_h=1.0&metric=accessible_population&encoding=string&distance_mode=straight_line&origin_radius=2&exclude_origin_population=true
rail_and_friends,8,Munich,calibration,3,4.155999999966298,1.4329379999999998,0,0,9008590848,0,1,1,890,/reachable?network=rail_and_friends&index=881f8d7a49fffff&departure_h=8&budget_h=0.25&max_walk_h=1.0&metric=accessible_population&encoding=split&distance_mode=itinerary&origin_radius=1&exclude_origin_population=false&window_h=0.06666666666666667&step_h=0.016666666666666666&window_mode=diff_intersection
rail_and_friends,8,Munich,calibration,3,42.63400000002093,10.028482,0,0,9008590848,3.725987649425394,3,3,2586,/reachable?network=rail_and_friends&index=881f8d7a49fffff&departure_h=17&budget_h=1.0&max_walk_h=0.0&metric=accessible_population&encoding=string&distance_mode=straight_line&origin_radius=5&exclude_origin_population=true&window_h=0.26666666666666666&step_h=0.016666666666666666&window_mode=reachable_union
rail_and_friends,8,London,test,0,13.944000000037704,12.970545,0,0,9009446912,2.779836934109432,1,0,205722,/reachable?network=rail_and_friends&index=88195da49bfffff&departure_h=8&budget_h=6.0&max_walk_h=0.1&metric=time&encoding=split&distance_mode=itinerary
rail_and_friends,8,London,test,0,2.4920000000179243,1.16359,0,0,9009446912,0,1,0,8154,/reachable?network=rail_and_friends&index=88195da49bfffff&departure_h=17&budget_h=0.25&max_walk_h=0.5&metric=time_distance_quantile&encoding=string&distance_mode=straight_line
rail_and_friends,8,London,test,1,9.36500000000251,6.719992,0,0,9021132800,4.558785194573207,2,0,1810,/reachable?network=rail_and_friends&index=88195da49bfffff&departure_h=8&budget_h=0.0&max_walk_h=0.5&metric=time&encoding=split&distance_mode=itinerary&window_h=0.03333333333333333&step_h=0.016666666666666666&window_mode=reachable_union
rail_and_friends,8,London,test,1,13.910000000009859,8.599528000000001,0,0,9021165568,5.359596459600905,2,0,45514,/reachable?network=rail_and_friends&index=88195da49bfffff&departure_h=17&budget_h=0.5&max_walk_h=1.0&metric=time_distance_quantile&encoding=string&distance_mode=straight_line&window_h=0.06666666666666667&step_h=0.016666666666666666&window_mode=mean_intersection
rail_and_friends,8,London,test,2,3.248999999982516,0.659135,0,0,9021165568,0,1,1,890,/reachable?network=rail_and_friends&index=88195da49bfffff&departure_h=8&budget_h=0.25&max_walk_h=1.0&metric=accessible_population&encoding=split&distance_mode=itinerary&origin_radius=1&exclude_origin_population=false
rail_and_friends,8,London,test,2,48.33700000000363,15.589725,0,0,9021165568,3.9553616309743664,1,1,2266,/reachable?network=rail_and_friends&index=88195da49bfffff&departure_h=17&budget_h=1.0&max_walk_h=0.0&metric=accessible_population&encoding=string&distance_mode=straight_line&origin_radius=5&exclude_origin_population=true
rail_and_friends,8,London,test,3,17.18999999997095,9.550248000000002,0,0,9021165568,4.482606111999227,2,2,1082,/reachable?network=rail_and_friends&index=88195da49bfffff&departure_h=8&budget_h=0.5&max_walk_h=0.0&metric=accessible_population&encoding=split&distance_mode=itinerary&origin_radius=2&exclude_origin_population=false&window_h=0.26666666666666666&step_h=0.016666666666666666&window_mode=reachable_union
rail_and_friends,8,London,test,3,980.9809999999857,323.622244,0,0,9021169664,3.2105920383477744,3,3,5346,/reachable?network=rail_and_friends&index=88195da49bfffff&departure_h=17&budget_h=3.0&max_walk_h=0.1&metric=accessible_population&encoding=string&distance_mode=straight_line&origin_radius=10&exclude_origin_population=true&window_h=1.6&step_h=0.016666666666666666&window_mode=mean_intersection
