city,radius,samples,step_ms,hours,mode,origin_h3,fine,boarding,signed_error
Paris,6,4,60000,3,mean_intersection,881fb46401fffff,2.7114393e7,1.7905082e7,-9.209311e6
Paris,6,4,60000,3,mean_intersection,881fb46405fffff,2.6096507e7,1.8442015e7,-7.654492e6
Paris,6,4,60000,3,mean_intersection,881fb46409fffff,2.710643e7,1.8205311e7,-8.901119e6
Paris,6,4,60000,3,mean_intersection,881fb4640bfffff,2.710643e7,1.7905773e7,-9.200657e6
Paris,6,4,60000,3,mean_intersection,881fb4640dfffff,2.7174724e7,1.7911141e7,-9.263583e6
Paris,6,4,60000,3,mean_intersection,881fb46429fffff,2.7112961e7,1.7799665e7,-9.313296e6
Paris,6,4,60000,3,mean_intersection,881fb4642dfffff,2.7068857e7,1.889045e7,-8.178407e6
Paris,6,4,60000,3,mean_intersection,881fb46441fffff,2.7455844e7,2.3553938e7,-3.901906e6
Paris,6,4,60000,3,mean_intersection,881fb46443fffff,2.7312702e7,1.8279117e7,-9.033585e6
Paris,6,4,60000,3,mean_intersection,881fb46445fffff,2.7252149e7,2.1430041e7,-5.822108e6
Paris,6,4,60000,3,mean_intersection,881fb46447fffff,2.7252447e7,2.11137e7,-6.138747e6
Paris,6,4,60000,3,mean_intersection,881fb46449fffff,2.7352827e7,2.360523e7,-3.747597e6
Paris,6,4,60000,3,mean_intersection,881fb4644bfffff,2.7445872e7,2.2687062e7,-4.75881e6
Paris,6,4,60000,3,mean_intersection,881fb4644dfffff,2.7278218e7,2.4424235e7,-2.853983e6
Paris,6,4,60000,3,mean_intersection,881fb46451fffff,2.7401615e7,1.8104817e7,-9.296798e6
Paris,6,4,60000,3,mean_intersection,881fb46453fffff,2.7337384e7,1.8119615e7,-9.217769e6
Paris,6,4,60000,3,mean_intersection,881fb46455fffff,2.7401615e7,1.8086294e7,-9.315321e6
Paris,6,4,60000,3,mean_intersection,881fb46457fffff,2.720909e7,1.8222408e7,-8.986682e6
Paris,6,4,60000,3,mean_intersection,881fb46459fffff,2.7401615e7,1.9895505e7,-7.50611e6
Paris,6,4,60000,3,mean_intersection,881fb4645bfffff,2.7342716e7,1.8104004e7,-9.238712e6
Paris,6,4,60000,3,mean_intersection,881fb4645dfffff,2.7401615e7,2.0264961e7,-7.136654e6
Paris,6,4,60000,3,mean_intersection,881fb46461fffff,2.7115825e7,1.8472805e7,-8.64302e6
Paris,6,4,60000,3,mean_intersection,881fb46463fffff,2.7115825e7,1.7930361e7,-9.185464e6
Paris,6,4,60000,3,mean_intersection,881fb46465fffff,2.709937e7,2.3875012e7,-3.224358e6
Paris,6,4,60000,3,mean_intersection,881fb46467fffff,2.7070545e7,1.8923766e7,-8.146779e6
Paris,6,4,60000,3,mean_intersection,881fb46469fffff,2.7216023e7,1.930514e7,-7.910883e6
Paris,6,4,60000,3,mean_intersection,881fb4646bfffff,2.7216881e7,1.8038159e7,-9.178722e6
Paris,6,4,60000,3,mean_intersection,881fb4646dfffff,2.7111529e7,1.9364089e7,-7.74744e6
Paris,6,4,60000,3,mean_intersection,881fb46559fffff,2.7095097e7,2.3726707e7,-3.36839e6
Paris,6,4,60000,3,mean_intersection,881fb4655bfffff,2.7072883e7,1.9512832e7,-7.560051e6
Paris,6,4,60000,3,mean_intersection,881fb46601fffff,2.8164285e7,2.7018531e7,-1.145754e6
Paris,6,4,60000,3,mean_intersection,881fb46603fffff,2.7245733e7,2.6476283e7,-769450.0
Paris,6,4,60000,3,mean_intersection,881fb46605fffff,2.8179644e7,2.7338972e7,-840672.0
Paris,6,4,60000,3,mean_intersection,881fb46607fffff,2.725769e7,2.647956e7,-778130.0
Paris,6,4,60000,3,mean_intersection,881fb46609fffff,2.8168028e7,2.7148276e7,-1.019752e6
Paris,6,4,60000,3,mean_intersection,881fb4660bfffff,2.7869307e7,2.5623065e7,-2.246242e6
Paris,6,4,60000,3,mean_intersection,881fb4660dfffff,2.8287623e7,2.8003277e7,-284346.0
Paris,6,4,60000,3,mean_intersection,881fb46611fffff,2.6591854e7,2.2037751e7,-4.554103e6
Paris,6,4,60000,3,mean_intersection,881fb46615fffff,2.6963955e7,2.2430079e7,-4.533876e6
Paris,6,4,60000,3,mean_intersection,881fb46617fffff,2.689577e7,2.042484e7,-6.47093e6
Paris,6,4,60000,3,mean_intersection,881fb46619fffff,2.6889263e7,2.253714e7,-4.352123e6
Paris,6,4,60000,3,mean_intersection,881fb4661dfffff,2.7004158e7,2.5632031e7,-1.372127e6
Paris,6,4,60000,3,mean_intersection,881fb46621fffff,2.725845e7,2.3896584e7,-3.361866e6
Paris,6,4,60000,3,mean_intersection,881fb46623fffff,2.7335494e7,2.3212666e7,-4.122828e6
Paris,6,4,60000,3,mean_intersection,881fb46625fffff,2.7302677e7,2.3525041e7,-3.777636e6
Paris,6,4,60000,3,mean_intersection,881fb46627fffff,2.7269107e7,2.3640634e7,-3.628473e6
Paris,6,4,60000,3,mean_intersection,881fb46629fffff,2.8193613e7,2.6794424e7,-1.399189e6
Paris,6,4,60000,3,mean_intersection,881fb4662bfffff,2.815122e7,2.6492268e7,-1.658952e6
Paris,6,4,60000,3,mean_intersection,881fb4662dfffff,2.8193613e7,2.4060335e7,-4.133278e6
Paris,6,4,60000,3,mean_intersection,881fb46631fffff,2.7401629e7,2.2220524e7,-5.181105e6
Paris,6,4,60000,3,mean_intersection,881fb46633fffff,2.6899e7,2.03112e7,-6.5878e6
Paris,6,4,60000,3,mean_intersection,881fb46635fffff,2.7294277e7,2.2375461e7,-4.918816e6
Paris,6,4,60000,3,mean_intersection,881fb46637fffff,2.7401615e7,2.0274554e7,-7.127061e6
Paris,6,4,60000,3,mean_intersection,881fb46639fffff,2.7215153e7,2.3130197e7,-4.084956e6
Paris,6,4,60000,3,mean_intersection,881fb4663bfffff,2.7026183e7,2.2218697e7,-4.807486e6
Paris,6,4,60000,3,mean_intersection,881fb4663dfffff,2.7299535e7,2.3113106e7,-4.186429e6
Paris,6,4,60000,3,mean_intersection,881fb46641fffff,2.6916221e7,2.576132e7,-1.154901e6
Paris,6,4,60000,3,mean_intersection,881fb46643fffff,2.8085125e7,2.5282073e7,-2.803052e6
Paris,6,4,60000,3,mean_intersection,881fb46645fffff,2.8143113e7,2.6173301e7,-1.969812e6
Paris,6,4,60000,3,mean_intersection,881fb46647fffff,2.8095702e7,2.6175977e7,-1.919725e6
Paris,6,4,60000,3,mean_intersection,881fb4664dfffff,2.7236798e7,2.4274538e7,-2.96226e6
Paris,6,4,60000,3,mean_intersection,881fb46655fffff,2.6995941e7,2.5293026e7,-1.702915e6
Paris,6,4,60000,3,mean_intersection,881fb46657fffff,2.6995941e7,2.3187473e7,-3.808468e6
Paris,6,4,60000,3,mean_intersection,881fb46661fffff,2.8151217e7,2.6223888e7,-1.927329e6
Paris,6,4,60000,3,mean_intersection,881fb46663fffff,2.817378e7,2.6813082e7,-1.360698e6
Paris,6,4,60000,3,mean_intersection,881fb46665fffff,2.8151219e7,2.4011214e7,-4.140005e6
Paris,6,4,60000,3,mean_intersection,881fb46667fffff,2.7302674e7,2.72226e7,-80074.0
Paris,6,4,60000,3,mean_intersection,881fb46669fffff,2.8151217e7,2.6438016e7,-1.713201e6
Paris,6,4,60000,3,mean_intersection,881fb4666bfffff,2.8168028e7,2.6176127e7,-1.991901e6
Paris,6,4,60000,3,mean_intersection,881fb4666dfffff,2.7302674e7,2.4040153e7,-3.262521e6
Paris,6,4,60000,3,mean_intersection,881fb466e5fffff,2.7342716e7,1.8011807e7,-9.330909e6
Paris,6,4,60000,3,mean_intersection,881fb466edfffff,2.7342716e7,2.0103193e7,-7.239523e6
Paris,6,4,60000,3,mean_intersection,881fb46701fffff,2.7251125e7,2.4889969e7,-2.361156e6
Paris,6,4,60000,3,mean_intersection,881fb46703fffff,2.7229876e7,2.487321e7,-2.356666e6
Paris,6,4,60000,3,mean_intersection,881fb46705fffff,2.7163036e7,2.4262758e7,-2.900278e6
Paris,6,4,60000,3,mean_intersection,881fb46707fffff,2.7163293e7,2.4260472e7,-2.902821e6
Paris,6,4,60000,3,mean_intersection,881fb46709fffff,2.7215198e7,2.4968357e7,-2.246841e6
Paris,6,4,60000,3,mean_intersection,881fb4670bfffff,2.7273858e7,2.4391485e7,-2.882373e6
Paris,6,4,60000,3,mean_intersection,881fb4670dfffff,2.7217658e7,2.487321e7,-2.344448e6
Paris,6,4,60000,3,mean_intersection,881fb46711fffff,2.7173791e7,2.4071029e7,-3.102762e6
Paris,6,4,60000,3,mean_intersection,881fb46713fffff,2.7260461e7,2.3836667e7,-3.423794e6
Paris,6,4,60000,3,mean_intersection,881fb46715fffff,2.7174945e7,2.4181158e7,-2.993787e6
Paris,6,4,60000,3,mean_intersection,881fb46717fffff,2.7174019e7,1.9252613e7,-7.921406e6
Paris,6,4,60000,3,mean_intersection,881fb46719fffff,2.7228122e7,2.5090725e7,-2.137397e6
Paris,6,4,60000,3,mean_intersection,881fb4671bfffff,2.7258568e7,2.2000809e7,-5.257759e6
Paris,6,4,60000,3,mean_intersection,881fb4671dfffff,2.7183417e7,2.4298328e7,-2.885089e6
Paris,6,4,60000,3,mean_intersection,881fb46721fffff,2.7035006e7,2.4056822e7,-2.978184e6
Paris,6,4,60000,3,mean_intersection,881fb46723fffff,2.7103686e7,2.4086008e7,-3.017678e6
Paris,6,4,60000,3,mean_intersection,881fb46729fffff,2.7040833e7,2.406529e7,-2.975543e6
Paris,6,4,60000,3,mean_intersection,881fb4672bfffff,2.7031313e7,2.4162144e7,-2.869169e6
Paris,6,4,60000,3,mean_intersection,881fb46731fffff,2.7124917e7,2.4000553e7,-3.124364e6
Paris,6,4,60000,3,mean_intersection,881fb46733fffff,2.7114389e7,1.968728e7,-7.427109e6
Paris,6,4,60000,3,mean_intersection,881fb46735fffff,2.7163076e7,2.4842391e7,-2.320685e6
Paris,6,4,60000,3,mean_intersection,881fb46737fffff,2.7095579e7,2.3617794e7,-3.477785e6
Paris,6,4,60000,3,mean_intersection,881fb46739fffff,2.7175668e7,2.4301123e7,-2.874545e6
Paris,6,4,60000,3,mean_intersection,881fb4673bfffff,2.7174195e7,2.3864094e7,-3.310101e6
Paris,6,4,60000,3,mean_intersection,881fb4673dfffff,2.7163455e7,2.4739318e7,-2.424137e6
Paris,6,4,60000,3,mean_intersection,881fb46741fffff,2.717193e7,2.3437327e7,-3.734603e6
Paris,6,4,60000,3,mean_intersection,881fb46743fffff,2.7172635e7,2.4187835e7,-2.9848e6
Paris,6,4,60000,3,mean_intersection,881fb46745fffff,2.712447e7,2.3471037e7,-3.653433e6
Paris,6,4,60000,3,mean_intersection,881fb46747fffff,2.7172179e7,2.4184862e7,-2.987317e6
Paris,6,4,60000,3,mean_intersection,881fb46749fffff,2.7124573e7,2.3533394e7,-3.591179e6
Paris,6,4,60000,3,mean_intersection,881fb4674bfffff,2.7171602e7,2.1513761e7,-5.657841e6
Paris,6,4,60000,3,mean_intersection,881fb4674dfffff,2.7171479e7,2.3532077e7,-3.639402e6
Paris,6,4,60000,3,mean_intersection,881fb46751fffff,2.7227089e7,2.2509794e7,-4.717295e6
Paris,6,4,60000,3,mean_intersection,881fb46753fffff,2.726762e7,2.3503568e7,-3.764052e6
Paris,6,4,60000,3,mean_intersection,881fb46755fffff,2.7183417e7,2.4061264e7,-3.122153e6
Paris,6,4,60000,3,mean_intersection,881fb46757fffff,2.7228122e7,2.4298325e7,-2.929797e6
Paris,6,4,60000,3,mean_intersection,881fb46759fffff,2.7267174e7,2.3687032e7,-3.580142e6
Paris,6,4,60000,3,mean_intersection,881fb4675bfffff,2.7302677e7,2.3589054e7,-3.713623e6
Paris,6,4,60000,3,mean_intersection,881fb4675dfffff,2.7183089e7,2.3296227e7,-3.886862e6
Paris,6,4,60000,3,mean_intersection,881fb46763fffff,2.7115893e7,2.4192435e7,-2.923458e6
Paris,6,4,60000,3,mean_intersection,881fb4676bfffff,2.7171469e7,2.4260472e7,-2.910997e6
Paris,6,4,60000,3,mean_intersection,881fb47591fffff,2.6916856e7,2.224894e7,-4.667916e6
Paris,6,4,60000,3,mean_intersection,881fb47593fffff,2.7168994e7,2.570463e7,-1.464364e6
Paris,6,4,60000,3,mean_intersection,881fb47595fffff,2.7171139e7,2.0965344e7,-6.205795e6
Paris,6,4,60000,3,mean_intersection,881fb47597fffff,2.7255684e7,2.3294269e7,-3.961415e6
Paris,6,4,60000,3,mean_intersection,881fb4759bfffff,2.6960015e7,2.5704054e7,-1.255961e6
Paris,6,4,60000,3,mean_intersection,881fb475a3fffff,2.721135e7,2.3436364e7,-3.774986e6
Paris,6,4,60000,3,mean_intersection,881fb475a7fffff,2.7166428e7,2.3355771e7,-3.810657e6
Paris,6,4,60000,3,mean_intersection,881fb475b1fffff,2.7171479e7,2.2661376e7,-4.510103e6
Paris,6,4,60000,3,mean_intersection,881fb475b3fffff,2.7302676e7,2.3533148e7,-3.769528e6
Paris,6,4,60000,3,mean_intersection,881fb475b5fffff,2.7127142e7,2.1007172e7,-6.11997e6
Paris,6,4,60000,3,mean_intersection,881fb475b7fffff,2.7171484e7,2.3424767e7,-3.746717e6
Paris,6,4,60000,3,mean_intersection,881fb475b9fffff,2.7127139e7,2.2645034e7,-4.482105e6
Paris,6,4,60000,3,mean_intersection,881fb475bbfffff,2.7215481e7,2.3312531e7,-3.90295e6
Paris,6,4,60000,3,mean_intersection,881fb475bdfffff,2.7127142e7,2.3205309e7,-3.921833e6
Paris,6,4,60000,3,reachable_union,881fb46401fffff,2.77241085e7,1.840575725e7,-9.31835125e6
Paris,6,4,60000,3,reachable_union,881fb46405fffff,2.689817e7,1.8761986e7,-8.136184e6
Paris,6,4,60000,3,reachable_union,881fb46409fffff,2.7673781e7,1.851417375e7,-9.15960725e6
Paris,6,4,60000,3,reachable_union,881fb4640bfffff,2.7673781e7,1.850918575e7,-9.16459525e6
Paris,6,4,60000,3,reachable_union,881fb4640dfffff,2.774051525e7,1.850663225e7,-9.233883e6
Paris,6,4,60000,3,reachable_union,881fb46429fffff,2.770844975e7,1.8394473e7,-9.31397675e6
Paris,6,4,60000,3,reachable_union,881fb4642dfffff,2.763634625e7,1.92094115e7,-8.42693475e6
Paris,6,4,60000,3,reachable_union,881fb46441fffff,2.8194372e7,2.42909745e7,-3.9033975e6
Paris,6,4,60000,3,reachable_union,881fb46443fffff,2.81392435e7,2.0048636e7,-8.0906075e6
Paris,6,4,60000,3,reachable_union,881fb46445fffff,2.78562375e7,2.411988175e7,-3.73635575e6
Paris,6,4,60000,3,reachable_union,881fb46447fffff,2.7851855e7,2.1700808e7,-6.151047e6
Paris,6,4,60000,3,reachable_union,881fb46449fffff,2.8386703e7,2.490879025e7,-3.47791275e6
Paris,6,4,60000,3,reachable_union,881fb4644bfffff,2.818646225e7,2.359411175e7,-4.5923505e6
Paris,6,4,60000,3,reachable_union,881fb4644dfffff,2.7904619e7,2.5054125e7,-2.850494e6
Paris,6,4,60000,3,reachable_union,881fb46451fffff,2.794137075e7,1.993093125e7,-8.0104395e6
Paris,6,4,60000,3,reachable_union,881fb46453fffff,2.78927885e7,1.841716e7,-9.4756285e6
Paris,6,4,60000,3,reachable_union,881fb46455fffff,2.794159875e7,1.85412785e7,-9.40032025e6
Paris,6,4,60000,3,reachable_union,881fb46457fffff,2.787824925e7,1.87083345e7,-9.16991475e6
Paris,6,4,60000,3,reachable_union,881fb46459fffff,2.794148475e7,2.059439e7,-7.34709475e6
Paris,6,4,60000,3,reachable_union,881fb4645bfffff,2.7925468e7,1.853486025e7,-9.39060775e6
Paris,6,4,60000,3,reachable_union,881fb4645dfffff,2.794159875e7,2.09525975e7,-6.98900125e6
Paris,6,4,60000,3,reachable_union,881fb46461fffff,2.772487525e7,1.954002025e7,-8.184855e6
Paris,6,4,60000,3,reachable_union,881fb46463fffff,2.77248405e7,1.85190385e7,-9.205802e6
Paris,6,4,60000,3,reachable_union,881fb46465fffff,2.7702064e7,2.447249525e7,-3.22956875e6
Paris,6,4,60000,3,reachable_union,881fb46467fffff,2.76655375e7,1.950672675e7,-8.15881075e6
Paris,6,4,60000,3,reachable_union,881fb46469fffff,2.78001275e7,2.08037935e7,-6.996334e6
Paris,6,4,60000,3,reachable_union,881fb4646bfffff,2.780051625e7,1.9190315e7,-8.61020125e6
Paris,6,4,60000,3,reachable_union,881fb4646dfffff,2.7708792e7,2.005695e7,-7.651842e6
Paris,6,4,60000,3,reachable_union,881fb46559fffff,2.766820075e7,2.419862025e7,-3.4695805e6
Paris,6,4,60000,3,reachable_union,881fb4655bfffff,2.768187675e7,1.9903782e7,-7.77809475e6
Paris,6,4,60000,3,reachable_union,881fb46601fffff,3.02523095e7,2.955172275e7,-700586.75
Paris,6,4,60000,3,reachable_union,881fb46603fffff,2.82184965e7,2.759801225e7,-620484.25
Paris,6,4,60000,3,reachable_union,881fb46605fffff,3.1895591e7,3.12629555e7,-632635.5
Paris,6,4,60000,3,reachable_union,881fb46607fffff,2.8229304e7,2.746969775e7,-759606.25
Paris,6,4,60000,3,reachable_union,881fb46609fffff,3.027424425e7,2.82688105e7,-2.00543375e6
Paris,6,4,60000,3,reachable_union,881fb4660bfffff,2.855463175e7,2.692229625e7,-1.6323355e6
Paris,6,4,60000,3,reachable_union,881fb4660dfffff,3.360796e7,3.309974625e7,-508213.75
Paris,6,4,60000,3,reachable_union,881fb46611fffff,2.73505625e7,2.37228245e7,-3.627738e6
Paris,6,4,60000,3,reachable_union,881fb46615fffff,2.7899679e7,2.64461275e7,-1.4535515e6
Paris,6,4,60000,3,reachable_union,881fb46617fffff,2.766973075e7,2.22455705e7,-5.42416025e6
Paris,6,4,60000,3,reachable_union,881fb46619fffff,2.75005125e7,2.331866425e7,-4.18184825e6
Paris,6,4,60000,3,reachable_union,881fb4661dfffff,2.813983275e7,2.688714925e7,-1.2526835e6
Paris,6,4,60000,3,reachable_union,881fb46621fffff,2.823182375e7,2.553049175e7,-2.701332e6
Paris,6,4,60000,3,reachable_union,881fb46623fffff,2.8529288e7,2.473401525e7,-3.79527275e6
Paris,6,4,60000,3,reachable_union,881fb46625fffff,2.847446825e7,2.486159175e7,-3.6128765e6
Paris,6,4,60000,3,reachable_union,881fb46627fffff,2.80480135e7,2.49256165e7,-3.122397e6
Paris,6,4,60000,3,reachable_union,881fb46629fffff,2.8773186e7,2.780199875e7,-971187.25
Paris,6,4,60000,3,reachable_union,881fb4662bfffff,2.871560975e7,2.7906871e7,-808738.75
Paris,6,4,60000,3,reachable_union,881fb4662dfffff,2.8773186e7,2.54369785e7,-3.3362075e6
Paris,6,4,60000,3,reachable_union,881fb46631fffff,2.794623375e7,2.292343575e7,-5.022798e6
Paris,6,4,60000,3,reachable_union,881fb46633fffff,2.7692091e7,2.23774105e7,-5.3146805e6
Paris,6,4,60000,3,reachable_union,881fb46635fffff,2.80943095e7,2.332856475e7,-4.76574475e6
Paris,6,4,60000,3,reachable_union,881fb46637fffff,2.794137075e7,2.1093791e7,-6.84757975e6
Paris,6,4,60000,3,reachable_union,881fb46639fffff,2.77963875e7,2.660470525e7,-1.19168225e6
Paris,6,4,60000,3,reachable_union,881fb4663bfffff,2.78300175e7,2.2917898e7,-4.9121195e6
Paris,6,4,60000,3,reachable_union,881fb4663dfffff,2.82887105e7,2.4973249e7,-3.3154615e6
Paris,6,4,60000,3,reachable_union,881fb46641fffff,2.7619216e7,2.6622943e7,-996273.0
Paris,6,4,60000,3,reachable_union,881fb46643fffff,2.8682046e7,2.653286125e7,-2.14918475e6
Paris,6,4,60000,3,reachable_union,881fb46645fffff,2.87283865e7,2.7333475e7,-1.3949115e6
Paris,6,4,60000,3,reachable_union,881fb46647fffff,2.87533855e7,2.823668e7,-516705.5
Paris,6,4,60000,3,reachable_union,881fb4664dfffff,2.844293925e7,2.592475225e7,-2.518187e6
Paris,6,4,60000,3,reachable_union,881fb46655fffff,2.822943875e7,2.65478045e7,-1.68163425e6
Paris,6,4,60000,3,reachable_union,881fb46657fffff,2.822943875e7,2.541585125e7,-2.8135875e6
Paris,6,4,60000,3,reachable_union,881fb46661fffff,2.87156075e7,2.745293325e7,-1.26267425e6
Paris,6,4,60000,3,reachable_union,881fb46663fffff,3.0259384e7,2.8000667e7,-2.258717e6
Paris,6,4,60000,3,reachable_union,881fb46665fffff,2.871560975e7,2.509685575e7,-3.618754e6
Paris,6,4,60000,3,reachable_union,881fb46667fffff,2.84744675e7,2.824387775e7,-230589.75
Paris,6,4,60000,3,reachable_union,881fb46669fffff,2.871560675e7,2.733864275e7,-1.376964e6
Paris,6,4,60000,3,reachable_union,881fb4666bfffff,3.027424575e7,2.788587e7,-2.38837575e6
Paris,6,4,60000,3,reachable_union,881fb4666dfffff,2.847446675e7,2.548754275e7,-2.986924e6
Paris,6,4,60000,3,reachable_union,881fb466e5fffff,2.7925468e7,1.988521225e7,-8.04025575e6
Paris,6,4,60000,3,reachable_union,881fb466edfffff,2.7925468e7,2.218715275e7,-5.73831525e6
Paris,6,4,60000,3,reachable_union,881fb46701fffff,2.7986992e7,2.580898175e7,-2.17801025e6
Paris,6,4,60000,3,reachable_union,881fb46703fffff,2.788425075e7,2.5734285e7,-2.14996575e6
Paris,6,4,60000,3,reachable_union,881fb46705fffff,2.775468225e7,2.50867665e7,-2.66791575e6
Paris,6,4,60000,3,reachable_union,881fb46707fffff,2.77549725e7,2.5074822e7,-2.6801505e6
Paris,6,4,60000,3,reachable_union,881fb46709fffff,2.778073125e7,2.561932375e7,-2.1614075e6
Paris,6,4,60000,3,reachable_union,881fb4670bfffff,2.8126087e7,2.5314213e7,-2.811874e6
Paris,6,4,60000,3,reachable_union,881fb4670dfffff,2.788068325e7,2.57354325e7,-2.14525075e6
Paris,6,4,60000,3,reachable_union,881fb46711fffff,2.774650675e7,2.494394925e7,-2.8025575e6
Paris,6,4,60000,3,reachable_union,881fb46713fffff,2.804181125e7,2.44782845e7,-3.56352675e6
Paris,6,4,60000,3,reachable_union,881fb46715fffff,2.7763163e7,2.50576655e7,-2.7054975e6
Paris,6,4,60000,3,reachable_union,881fb46717fffff,2.7751021e7,2.0146565e7,-7.604456e6
Paris,6,4,60000,3,reachable_union,881fb46719fffff,2.80149605e7,2.588837475e7,-2.12658575e6
Paris,6,4,60000,3,reachable_union,881fb4671bfffff,2.82398805e7,2.37812125e7,-4.458668e6
Paris,6,4,60000,3,reachable_union,881fb4671dfffff,2.77649185e7,2.524387525e7,-2.52104325e6
Paris,6,4,60000,3,reachable_union,881fb46721fffff,2.767591725e7,2.4871177e7,-2.80474025e6
Paris,6,4,60000,3,reachable_union,881fb46723fffff,2.77384135e7,2.5365022e7,-2.3733915e6
Paris,6,4,60000,3,reachable_union,881fb46729fffff,2.76957265e7,2.49045805e7,-2.791146e6
Paris,6,4,60000,3,reachable_union,881fb4672bfffff,2.7629408e7,2.487704925e7,-2.75235875e6
Paris,6,4,60000,3,reachable_union,881fb46731fffff,2.7712525e7,2.5357136e7,-2.355389e6
Paris,6,4,60000,3,reachable_union,881fb46733fffff,2.773074325e7,2.135832225e7,-6.372421e6
Paris,6,4,60000,3,reachable_union,881fb46735fffff,2.77546095e7,2.555637775e7,-2.19823175e6
Paris,6,4,60000,3,reachable_union,881fb46737fffff,2.7675678e7,2.4542405e7,-3.133273e6
Paris,6,4,60000,3,reachable_union,881fb46739fffff,2.777123225e7,2.549105675e7,-2.2801755e6
Paris,6,4,60000,3,reachable_union,881fb4673bfffff,2.775022925e7,2.481113525e7,-2.939094e6
Paris,6,4,60000,3,reachable_union,881fb4673dfffff,2.776752e7,2.5657907e7,-2.109613e6
Paris,6,4,60000,3,reachable_union,881fb46741fffff,2.7759088e7,2.47011585e7,-3.0579295e6
Paris,6,4,60000,3,reachable_union,881fb46743fffff,2.7769961e7,2.509735175e7,-2.67260925e6
Paris,6,4,60000,3,reachable_union,881fb46745fffff,2.775714225e7,2.501941375e7,-2.7377285e6
Paris,6,4,60000,3,reachable_union,881fb46747fffff,2.7769847e7,2.5202097e7,-2.56775e6
Paris,6,4,60000,3,reachable_union,881fb46749fffff,2.77246665e7,2.441613375e7,-3.30853275e6
Paris,6,4,60000,3,reachable_union,881fb4674bfffff,2.7751028e7,2.36683175e7,-4.0827105e6
Paris,6,4,60000,3,reachable_union,881fb4674dfffff,2.773722525e7,2.430120575e7,-3.4360195e6
Paris,6,4,60000,3,reachable_union,881fb46751fffff,2.799892075e7,2.428263075e7,-3.71629e6
Paris,6,4,60000,3,reachable_union,881fb46753fffff,2.82501215e7,2.46291045e7,-3.621017e6
Paris,6,4,60000,3,reachable_union,881fb46755fffff,2.77649185e7,2.4827054e7,-2.9378645e6
Paris,6,4,60000,3,reachable_union,881fb46757fffff,2.80149605e7,2.54167595e7,-2.598201e6
Paris,6,4,60000,3,reachable_union,881fb46759fffff,2.823400475e7,2.49624225e7,-3.27158225e6
Paris,6,4,60000,3,reachable_union,881fb4675bfffff,2.847446825e7,2.5567437e7,-2.90703125e6
Paris,6,4,60000,3,reachable_union,881fb4675dfffff,2.77568585e7,2.45747335e7,-3.182125e6
Paris,6,4,60000,3,reachable_union,881fb46763fffff,2.77389905e7,2.550045675e7,-2.23853375e6
Paris,6,4,60000,3,reachable_union,881fb4676bfffff,2.7755873e7,2.5074822e7,-2.681051e6
Paris,6,4,60000,3,reachable_union,881fb47591fffff,2.762644775e7,2.28629585e7,-4.76348925e6
Paris,6,4,60000,3,reachable_union,881fb47593fffff,2.7946895e7,2.675470275e7,-1.19219225e6
Paris,6,4,60000,3,reachable_union,881fb47595fffff,2.797043775e7,2.270366e7,-5.26677775e6
Paris,6,4,60000,3,reachable_union,881fb47597fffff,2.823106525e7,2.443545e7,-3.79561525e6
Paris,6,4,60000,3,reachable_union,881fb4759bfffff,2.7865165e7,2.663486775e7,-1.23029725e6
Paris,6,4,60000,3,reachable_union,881fb475a3fffff,2.821645375e7,2.4717212e7,-3.49924175e6
Paris,6,4,60000,3,reachable_union,881fb475a7fffff,2.794605975e7,2.437408675e7,-3.571973e6
Paris,6,4,60000,3,reachable_union,881fb475b1fffff,2.774009825e7,2.345112325e7,-4.288975e6
Paris,6,4,60000,3,reachable_union,881fb475b3fffff,2.84744685e7,2.474258675e7,-3.73188175e6
Paris,6,4,60000,3,reachable_union,881fb475b5fffff,2.772837775e7,2.310576975e7,-4.622608e6
Paris,6,4,60000,3,reachable_union,881fb475b7fffff,2.774297125e7,2.4089012e7,-3.65395925e6
Paris,6,4,60000,3,reachable_union,881fb475b9fffff,2.7725504e7,2.317281325e7,-4.55269075e6
Paris,6,4,60000,3,reachable_union,881fb475bbfffff,2.798792525e7,2.432621525e7,-3.66171e6
Paris,6,4,60000,3,reachable_union,881fb475bdfffff,2.772550475e7,2.3666212e7,-4.05929275e6
Paris,18,96,900000,3,mean_intersection,881fb09141fffff,1.06105e7,1.0273242e7,-337258.0
Paris,18,96,900000,3,mean_intersection,881fb09143fffff,1.028485e7,1.0113152e7,-171698.0
Paris,18,96,900000,3,mean_intersection,881fb09145fffff,1.063486e7,1.0376176e7,-258684.0
Paris,18,96,900000,3,mean_intersection,881fb09147fffff,1.0404756e7,1.0194174e7,-210582.0
Paris,18,96,900000,3,mean_intersection,881fb09149fffff,1.046554e7,1.035546e7,-110080.0
Paris,18,96,900000,3,mean_intersection,881fb0914bfffff,1.0457031e7,1.0161899e7,-295132.0
Paris,18,96,900000,3,mean_intersection,881fb0914dfffff,1.0675231e7,1.0518627e7,-156604.0
Paris,18,96,900000,3,mean_intersection,881fb0915dfffff,1.0129348e7,1.0075152e7,-54196.0
Paris,18,96,900000,3,mean_intersection,881fb09161fffff,1.0017033e7,1.0122462e7,105429.0
Paris,18,96,900000,3,mean_intersection,881fb09165fffff,9.985661e6,1.0176806e7,191145.0
Paris,18,96,900000,3,mean_intersection,881fb09169fffff,1.0304825e7,1.0152941e7,-151884.0
Paris,18,96,900000,3,mean_intersection,881fb0916bfffff,1.028618e7,1.0172889e7,-113291.0
Paris,18,96,900000,3,mean_intersection,881fb0916dfffff,1.0251768e7,1.019961e7,-52158.0
Paris,18,96,900000,3,mean_intersection,881fb09301fffff,1.0484745e7,1.01868e7,-297945.0
Paris,18,96,900000,3,mean_intersection,881fb09303fffff,1.0516773e7,1.0349865e7,-166908.0
Paris,18,96,900000,3,mean_intersection,881fb09305fffff,1.0546061e7,1.0194586e7,-351475.0
Paris,18,96,900000,3,mean_intersection,881fb09307fffff,1.0011921e7,1.0087534e7,75613.0
Paris,18,96,900000,3,mean_intersection,881fb09309fffff,1.065042e7,1.0349877e7,-300543.0
Paris,18,96,900000,3,mean_intersection,881fb0930bfffff,1.0402147e7,1.0293875e7,-108272.0
Paris,18,96,900000,3,mean_intersection,881fb0930dfffff,1.0751948e7,1.0492189e7,-259759.0
Paris,18,96,900000,3,mean_intersection,881fb09321fffff,1.0434073e7,1.0200802e7,-233271.0
Paris,18,96,900000,3,mean_intersection,881fb09323fffff,1.025712e7,1.0200672e7,-56448.0
Paris,18,96,900000,3,mean_intersection,881fb09325fffff,1.0647677e7,1.0540535e7,-107142.0
Paris,18,96,900000,3,mean_intersection,881fb09327fffff,1.0487501e7,1.0390181e7,-97320.0
Paris,18,96,900000,3,mean_intersection,881fb09329fffff,1.0524281e7,1.0194355e7,-329926.0
Paris,18,96,900000,3,mean_intersection,881fb0932bfffff,1.0186321e7,1.0177411e7,-8910.0
Paris,18,96,900000,3,mean_intersection,881fb0932dfffff,1.0511821e7,1.0215518e7,-296303.0
Paris,18,96,900000,3,mean_intersection,881fb09331fffff,1.0128889e7,1.0159576e7,30687.0
Paris,18,96,900000,3,mean_intersection,881fb09335fffff,1.053597e7,1.0331294e7,-204676.0
Paris,18,96,900000,3,mean_intersection,881fb09337fffff,1.0123111e7,1.030397e7,180859.0
Paris,18,96,900000,3,mean_intersection,881fb09339fffff,9.997677e6,1.0147917e7,150240.0
Paris,18,96,900000,3,mean_intersection,881fb0933dfffff,1.0144254e7,1.015873e7,14476.0
Paris,18,96,900000,3,mean_intersection,881fb09341fffff,1.0264049e7,1.0324702e7,60653.0
Paris,18,96,900000,3,mean_intersection,881fb09343fffff,1.0258413e7,1.0268752e7,10339.0
Paris,18,96,900000,3,mean_intersection,881fb09345fffff,1.0491864e7,1.0415938e7,-75926.0
Paris,18,96,900000,3,mean_intersection,881fb09347fffff,1.0538064e7,1.0348744e7,-189320.0
Paris,18,96,900000,3,mean_intersection,881fb09349fffff,1.049808e7,1.0316748e7,-181332.0
Paris,18,96,900000,3,mean_intersection,881fb0934bfffff,1.0103616e7,1.0267777e7,164161.0
Paris,18,96,900000,3,mean_intersection,881fb0934dfffff,1.0515937e7,1.0412978e7,-102959.0
Paris,18,96,900000,3,mean_intersection,881fb09355fffff,1.0265884e7,1.0325886e7,60002.0
Paris,18,96,900000,3,mean_intersection,881fb0935dfffff,1.023419e7,1.0343462e7,109272.0
Paris,18,96,900000,3,mean_intersection,881fb09361fffff,1.0857294e7,1.0577984e7,-279310.0
Paris,18,96,900000,3,mean_intersection,881fb09363fffff,1.0613339e7,1.0317253e7,-296086.0
Paris,18,96,900000,3,mean_intersection,881fb09365fffff,1.0685082e7,1.0594151e7,-90931.0
Paris,18,96,900000,3,mean_intersection,881fb09367fffff,1.0687844e7,1.0487263e7,-200581.0
Paris,18,96,900000,3,mean_intersection,881fb09369fffff,1.0738988e7,1.0572332e7,-166656.0
Paris,18,96,900000,3,mean_intersection,881fb0936bfffff,1.0659058e7,1.0431871e7,-227187.0
Paris,18,96,900000,3,mean_intersection,881fb0936dfffff,1.0863741e7,1.0590245e7,-273496.0
Paris,18,96,900000,3,mean_intersection,881fb09a41fffff,1.0291294e7,1.043209e7,140796.0
Paris,18,96,900000,3,mean_intersection,881fb09a43fffff,1.0325643e7,1.0251846e7,-73797.0
Paris,18,96,900000,3,mean_intersection,881fb09a45fffff,1.0548714e7,1.0402515e7,-146199.0
Paris,18,96,900000,3,mean_intersection,881fb09a47fffff,1.0468843e7,1.0377442e7,-91401.0
Paris,18,96,900000,3,mean_intersection,881fb09a49fffff,1.0542657e7,1.0446234e7,-96423.0
Paris,18,96,900000,3,mean_intersection,881fb09a4bfffff,1.0244056e7,1.03009e7,56844.0
Paris,18,96,900000,3,mean_intersection,881fb09a4dfffff,1.0612038e7,1.0397709e7,-214329.0
Paris,18,96,900000,3,mean_intersection,881fb09a59fffff,1.0021691e7,1.0041603e7,19912.0
Paris,18,96,900000,3,mean_intersection,881fb09a5dfffff,1.0146447e7,1.0128803e7,-17644.0
Paris,18,96,900000,3,mean_intersection,881fb09a61fffff,1.0013656e7,1.0131307e7,117651.0
Paris,18,96,900000,3,mean_intersection,881fb09a65fffff,9.88234e6,1.0149961e7,267621.0
Paris,18,96,900000,3,mean_intersection,881fb09a69fffff,1.0339755e7,1.0309383e7,-30372.0
Paris,18,96,900000,3,mean_intersection,881fb09a6bfffff,1.0160642e7,1.026722e7,106578.0
Paris,18,96,900000,3,mean_intersection,881fb09a6dfffff,1.022607e7,1.0172793e7,-53277.0
Paris,18,96,900000,3,mean_intersection,881fb09b41fffff,1.0133631e7,1.0257967e7,124336.0
Paris,18,96,900000,3,mean_intersection,881fb09b43fffff,1.0119434e7,1.0117853e7,-1581.0
Paris,18,96,900000,3,mean_intersection,881fb09b45fffff,1.0201519e7,1.0282434e7,80915.0
Paris,18,96,900000,3,mean_intersection,881fb09b47fffff,9.860016e6,1.001405e7,154034.0
Paris,18,96,900000,3,mean_intersection,881fb09b49fffff,1.0325184e7,1.0313743e7,-11441.0
Paris,18,96,900000,3,mean_intersection,881fb09b4bfffff,1.0058348e7,1.0297923e7,239575.0
Paris,18,96,900000,3,mean_intersection,881fb09b4dfffff,1.0173394e7,1.0301265e7,127871.0
Paris,18,96,900000,3,mean_intersection,881fb09b59fffff,9.916072e6,1.0141028e7,224956.0
Paris,18,96,900000,3,mean_intersection,881fb09b5dfffff,9.736124e6,1.0254908e7,518784.0
Paris,18,96,900000,3,mean_intersection,881fb09b61fffff,9.682233e6,1.0000605e7,318372.0
Paris,18,96,900000,3,mean_intersection,881fb09b69fffff,9.938794e6,1.0063656e7,124862.0
Paris,18,96,900000,3,mean_intersection,881fb09b6bfffff,9.860037e6,1.0018838e7,158801.0
Paris,18,96,900000,3,mean_intersection,881fb09b6dfffff,9.917281e6,1.0066e7,148719.0
Paris,18,96,900000,3,mean_intersection,881fb42801fffff,9.720929e6,9.905329e6,184400.0
Paris,18,96,900000,3,mean_intersection,881fb42803fffff,9.849762e6,1.0097961e7,248199.0
Paris,18,96,900000,3,mean_intersection,881fb42805fffff,1.0072966e7,1.002151e7,-51456.0
Paris,18,96,900000,3,mean_intersection,881fb42807fffff,1.0030177e7,1.0015669e7,-14508.0
Paris,18,96,900000,3,mean_intersection,881fb4280dfffff,1.0185584e7,1.0228802e7,43218.0
Paris,18,96,900000,3,mean_intersection,881fb42821fffff,1.08964e7,1.0406337e7,-490063.0
Paris,18,96,900000,3,mean_intersection,881fb42823fffff,1.0595086e7,9.979291e6,-615795.0
Paris,18,96,900000,3,mean_intersection,881fb42825fffff,1.0953217e7,1.0568579e7,-384638.0
Paris,18,96,900000,3,mean_intersection,881fb42827fffff,1.0907051e7,1.0448389e7,-458662.0
Paris,18,96,900000,3,mean_intersection,881fb42829fffff,1.070524e7,1.0423552e7,-281688.0
Paris,18,96,900000,3,mean_intersection,881fb4282bfffff,1.0500625e7,1.0020631e7,-479994.0
Paris,18,96,900000,3,mean_intersection,881fb4282dfffff,1.0851297e7,1.0387381e7,-463916.0
Paris,18,96,900000,3,mean_intersection,881fb42831fffff,1.0633602e7,1.0185987e7,-447615.0
Paris,18,96,900000,3,mean_intersection,881fb42835fffff,1.0598792e7,9.982165e6,-616627.0
Paris,18,96,900000,3,mean_intersection,881fb42837fffff,1.0898369e7,1.0250877e7,-647492.0
Paris,18,96,900000,3,mean_intersection,881fb42839fffff,9.997374e6,1.0313292e7,315918.0
Paris,18,96,900000,3,mean_intersection,881fb4283dfffff,1.0353578e7,1.007155e7,-282028.0
Paris,18,96,900000,3,mean_intersection,881fb42861fffff,1.0404057e7,1.010856e7,-295497.0
Paris,18,96,900000,3,mean_intersection,881fb42863fffff,1.0185584e7,1.0232794e7,47210.0
Paris,18,96,900000,3,mean_intersection,881fb42865fffff,1.0563129e7,1.0204333e7,-358796.0
Paris,18,96,900000,3,mean_intersection,881fb42867fffff,1.0589008e7,1.0293028e7,-295980.0
Paris,18,96,900000,3,mean_intersection,881fb42869fffff,9.850814e6,9.907945e6,57131.0
Paris,18,96,900000,3,mean_intersection,881fb4286bfffff,1.0176441e7,1.0219237e7,42796.0
Paris,18,96,900000,3,mean_intersection,881fb4286dfffff,1.0009932e7,9.989524e6,-20408.0
Paris,18,96,900000,3,mean_intersection,881fb42901fffff,1.0910934e7,1.073327e7,-177664.0
Paris,18,96,900000,3,mean_intersection,881fb42903fffff,1.0971833e7,1.0698077e7,-273756.0
Paris,18,96,900000,3,mean_intersection,881fb42905fffff,1.0927538e7,1.0518096e7,-409442.0
Paris,18,96,900000,3,mean_intersection,881fb42907fffff,1.1059029e7,1.0746024e7,-313005.0
Paris,18,96,900000,3,mean_intersection,881fb42909fffff,1.1074036e7,1.0688934e7,-385102.0
Paris,18,96,900000,3,mean_intersection,881fb4290bfffff,1.0960215e7,1.0442184e7,-518031.0
Paris,18,96,900000,3,mean_intersection,881fb4290dfffff,1.1061045e7,1.0654801e7,-406244.0
Paris,18,96,900000,3,mean_intersection,881fb42911fffff,1.0817054e7,1.0470766e7,-346288.0
Paris,18,96,900000,3,mean_intersection,881fb42913fffff,1.0697962e7,1.0376008e7,-321954.0
Paris,18,96,900000,3,mean_intersection,881fb42915fffff,1.0932388e7,1.0653294e7,-279094.0
Paris,18,96,900000,3,mean_intersection,881fb42917fffff,1.0833428e7,1.046788e7,-365548.0
Paris,18,96,900000,3,mean_intersection,881fb42919fffff,1.0895485e7,1.0672393e7,-223092.0
Paris,18,96,900000,3,mean_intersection,881fb4291bfffff,1.0813269e7,1.0381045e7,-432224.0
Paris,18,96,900000,3,mean_intersection,881fb4291dfffff,1.1004788e7,1.0679361e7,-325427.0
Paris,18,96,900000,3,mean_intersection,881fb42921fffff,1.1155072e7,1.0642295e7,-512777.0
Paris,18,96,900000,3,mean_intersection,881fb42923fffff,1.1174283e7,1.0691731e7,-482552.0
Paris,18,96,900000,3,mean_intersection,881fb42925fffff,1.1243223e7,1.0825576e7,-417647.0
Paris,18,96,900000,3,mean_intersection,881fb42927fffff,1.1204788e7,1.072966e7,-475128.0
Paris,18,96,900000,3,mean_intersection,881fb42929fffff,1.0908986e7,1.0647488e7,-261498.0
Paris,18,96,900000,3,mean_intersection,881fb4292bfffff,1.1146019e7,1.0613615e7,-532404.0
Paris,18,96,900000,3,mean_intersection,881fb4292dfffff,1.0957821e7,1.0664346e7,-293475.0
Paris,18,96,900000,3,mean_intersection,881fb42931fffff,1.0896981e7,1.0708248e7,-188733.0
Paris,18,96,900000,3,mean_intersection,881fb42933fffff,1.0866957e7,1.0640567e7,-226390.0
Paris,18,96,900000,3,mean_intersection,881fb42935fffff,1.1149086e7,1.0669044e7,-480042.0
Paris,18,96,900000,3,mean_intersection,881fb42937fffff,1.0980837e7,1.0734474e7,-246363.0
Paris,18,96,900000,3,mean_intersection,881fb42939fffff,1.1049012e7,1.0751246e7,-297766.0
Paris,18,96,900000,3,mean_intersection,881fb4293bfffff,1.0979241e7,1.0702742e7,-276499.0
Paris,18,96,900000,3,mean_intersection,881fb4293dfffff,1.0852431e7,1.0503889e7,-348542.0
Paris,18,96,900000,3,mean_intersection,881fb42941fffff,1.0746748e7,1.0550259e7,-196489.0
Paris,18,96,900000,3,mean_intersection,881fb42943fffff,1.0925297e7,1.048033e7,-444967.0
Paris,18,96,900000,3,mean_intersection,881fb42945fffff,1.1009539e7,1.0541111e7,-468428.0
Paris,18,96,900000,3,mean_intersection,881fb42947fffff,1.0955278e7,1.046434e7,-490938.0
Paris,18,96,900000,3,mean_intersection,881fb42949fffff,1.0633513e7,1.0436721e7,-196792.0
Paris,18,96,900000,3,mean_intersection,881fb4294bfffff,1.073445e7,1.056447e7,-169980.0
Paris,18,96,900000,3,mean_intersection,881fb4294dfffff,1.0946665e7,1.0496273e7,-450392.0
Paris,18,96,900000,3,mean_intersection,881fb42951fffff,1.0949134e7,1.0377709e7,-571425.0
Paris,18,96,900000,3,mean_intersection,881fb42953fffff,1.0862743e7,1.0426695e7,-436048.0
Paris,18,96,900000,3,mean_intersection,881fb42955fffff,1.1050486e7,1.0677618e7,-372868.0
Paris,18,96,900000,3,mean_intersection,881fb42957fffff,1.0982567e7,1.0667159e7,-315408.0
Paris,18,96,900000,3,mean_intersection,881fb42959fffff,1.0686061e7,1.0301785e7,-384276.0
Paris,18,96,900000,3,mean_intersection,881fb4295bfffff,1.0696328e7,1.0558979e7,-137349.0
Paris,18,96,900000,3,mean_intersection,881fb4295dfffff,1.0964938e7,1.0441759e7,-523179.0
Paris,18,96,900000,3,mean_intersection,881fb42961fffff,1.1079423e7,1.0672151e7,-407272.0
Paris,18,96,900000,3,mean_intersection,881fb42963fffff,1.1071064e7,1.0745428e7,-325636.0
Paris,18,96,900000,3,mean_intersection,881fb42965fffff,1.107855e7,1.079845e7,-280100.0
Paris,18,96,900000,3,mean_intersection,881fb42967fffff,1.1169184e7,1.0851172e7,-318012.0
Paris,18,96,900000,3,mean_intersection,881fb42969fffff,1.1195009e7,1.0697403e7,-497606.0
Paris,18,96,900000,3,mean_intersection,881fb4296bfffff,1.1035594e7,1.0671924e7,-363670.0
Paris,18,96,900000,3,mean_intersection,881fb4296dfffff,1.1214541e7,1.0686302e7,-528239.0
Paris,18,96,900000,3,mean_intersection,881fb42981fffff,1.0382991e7,1.0417495e7,34504.0
Paris,18,96,900000,3,mean_intersection,881fb42983fffff,1.0477566e7,1.0363138e7,-114428.0
Paris,18,96,900000,3,mean_intersection,881fb42985fffff,1.0646218e7,1.0408464e7,-237754.0
Paris,18,96,900000,3,mean_intersection,881fb42987fffff,1.0518117e7,1.0234135e7,-283982.0
Paris,18,96,900000,3,mean_intersection,881fb42989fffff,1.0475945e7,1.0380209e7,-95736.0
Paris,18,96,900000,3,mean_intersection,881fb4298bfffff,1.0360044e7,1.0383624e7,23580.0
Paris,18,96,900000,3,mean_intersection,881fb4298dfffff,1.0507361e7,1.0458923e7,-48438.0
Paris,18,96,900000,3,mean_intersection,881fb429a1fffff,1.0849355e7,1.0591309e7,-258046.0
Paris,18,96,900000,3,mean_intersection,881fb429a3fffff,1.0697131e7,1.052364e7,-173491.0
Paris,18,96,900000,3,mean_intersection,881fb429a5fffff,1.0752941e7,1.052037e7,-232571.0
Paris,18,96,900000,3,mean_intersection,881fb429a7fffff,1.0536926e7,1.0338589e7,-198337.0
Paris,18,96,900000,3,mean_intersection,881fb429a9fffff,1.0665734e7,1.04847e7,-181034.0
Paris,18,96,900000,3,mean_intersection,881fb429abfffff,1.034547e7,1.0182618e7,-162852.0
Paris,18,96,900000,3,mean_intersection,881fb429adfffff,1.0858201e7,1.0647939e7,-210262.0
Paris,18,96,900000,3,mean_intersection,881fb429b1fffff,1.0558892e7,1.0528707e7,-30185.0
Paris,18,96,900000,3,mean_intersection,881fb429b5fffff,1.0554948e7,1.0476838e7,-78110.0
Paris,18,96,900000,3,mean_intersection,881fb429b7fffff,1.0231911e7,1.0392946e7,161035.0
Paris,18,96,900000,3,mean_intersection,881fb429b9fffff,1.0374097e7,1.024994e7,-124157.0
Paris,18,96,900000,3,mean_intersection,881fb429bdfffff,1.0570663e7,1.0451575e7,-119088.0
Paris,18,96,900000,3,mean_intersection,881fb429c1fffff,1.0757996e7,1.0345422e7,-412574.0
Paris,18,96,900000,3,mean_intersection,881fb429c3fffff,1.0626184e7,1.0479051e7,-147133.0
Paris,18,96,900000,3,mean_intersection,881fb429c5fffff,1.0785186e7,1.0441195e7,-343991.0
Paris,18,96,900000,3,mean_intersection,881fb429c7fffff,1.0617913e7,1.0485485e7,-132428.0
Paris,18,96,900000,3,mean_intersection,881fb429c9fffff,1.0813527e7,1.0299871e7,-513656.0
Paris,18,96,900000,3,mean_intersection,881fb429cbfffff,1.0799291e7,1.0376265e7,-423026.0
Paris,18,96,900000,3,mean_intersection,881fb429cdfffff,1.0653769e7,1.0429096e7,-224673.0
Paris,18,96,900000,3,mean_intersection,881fb429d5fffff,1.0367739e7,1.0319313e7,-48426.0
Paris,18,96,900000,3,mean_intersection,881fb429ddfffff,1.0592795e7,1.010007e7,-492725.0
Paris,18,96,900000,3,mean_intersection,881fb429e1fffff,1.0882707e7,1.0509213e7,-373494.0
Paris,18,96,900000,3,mean_intersection,881fb429e3fffff,1.0696401e7,1.0461397e7,-235004.0
Paris,18,96,900000,3,mean_intersection,881fb429e5fffff,1.0780581e7,1.0666666e7,-113915.0
Paris,18,96,900000,3,mean_intersection,881fb429e7fffff,1.0721366e7,1.0452115e7,-269251.0
Paris,18,96,900000,3,mean_intersection,881fb429e9fffff,1.0882707e7,1.0642521e7,-240186.0
Paris,18,96,900000,3,mean_intersection,881fb429ebfffff,1.0837175e7,1.0517028e7,-320147.0
Paris,18,96,900000,3,mean_intersection,881fb429edfffff,1.0887269e7,1.0632653e7,-254616.0
Paris,18,96,900000,3,mean_intersection,881fb42b01fffff,1.0805879e7,1.0481429e7,-324450.0
Paris,18,96,900000,3,mean_intersection,881fb42b03fffff,1.0647158e7,1.0421314e7,-225844.0
Paris,18,96,900000,3,mean_intersection,881fb42b05fffff,1.0946069e7,1.0453899e7,-492170.0
Paris,18,96,900000,3,mean_intersection,881fb42b07fffff,1.060505e7,1.0118303e7,-486747.0
Paris,18,96,900000,3,mean_intersection,881fb42b0dfffff,1.0824923e7,1.050113e7,-323793.0
Paris,18,96,900000,3,mean_intersection,881fb42b15fffff,9.970763e6,1.0002673e7,31910.0
Paris,18,96,900000,3,mean_intersection,881fb42b17fffff,9.704198e6,9.781922e6,77724.0
Paris,18,96,900000,3,mean_intersection,881fb42b21fffff,1.1049293e7,1.0545152e7,-504141.0
Paris,18,96,900000,3,mean_intersection,881fb42b23fffff,1.0634783e7,1.0365245e7,-269538.0
Paris,18,96,900000,3,mean_intersection,881fb42b25fffff,1.0976357e7,1.0542593e7,-433764.0
Paris,18,96,900000,3,mean_intersection,881fb42b27fffff,1.1047955e7,1.0532315e7,-515640.0
Paris,18,96,900000,3,mean_intersection,881fb42b29fffff,1.10492e7,1.0500948e7,-548252.0
Paris,18,96,900000,3,mean_intersection,881fb42b2bfffff,1.0615709e7,1.0070586e7,-545123.0
Paris,18,96,900000,3,mean_intersection,881fb42b2dfffff,1.0692863e7,1.0439534e7,-253329.0
Paris,18,96,900000,3,mean_intersection,881fb42b31fffff,1.0333351e7,1.0284602e7,-48749.0
Paris,18,96,900000,3,mean_intersection,881fb42b33fffff,1.0448686e7,1.0284816e7,-163870.0
Paris,18,96,900000,3,mean_intersection,881fb42b35fffff,1.0630688e7,1.0407483e7,-223205.0
Paris,18,96,900000,3,mean_intersection,881fb42b37fffff,1.0562819e7,1.0337437e7,-225382.0
Paris,18,96,900000,3,mean_intersection,881fb42b39fffff,9.970239e6,1.002883e7,58591.0
Paris,18,96,900000,3,mean_intersection,881fb42b3bfffff,9.924848e6,1.0080599e7,155751.0
Paris,18,96,900000,3,mean_intersection,881fb42b3dfffff,1.0596715e7,1.01841e7,-412615.0
Paris,18,96,900000,3,mean_intersection,881fb42b61fffff,1.0640809e7,1.045277e7,-188039.0
Paris,18,96,900000,3,mean_intersection,881fb42b63fffff,1.073259e7,1.0492161e7,-240429.0
Paris,18,96,900000,3,mean_intersection,881fb42b65fffff,1.0737223e7,1.0503673e7,-233550.0
Paris,18,96,900000,3,mean_intersection,881fb42b67fffff,1.0700168e7,1.0540223e7,-159945.0
Paris,18,96,900000,3,mean_intersection,881fb42b69fffff,1.0398006e7,1.0391826e7,-6180.0
Paris,18,96,900000,3,mean_intersection,881fb42b6bfffff,1.0734349e7,1.049742e7,-236929.0
Paris,18,96,900000,3,mean_intersection,881fb42b6dfffff,1.0592848e7,1.0417621e7,-175227.0
Paris,18,96,900000,3,mean_intersection,881fb46001fffff,1.0366271e7,1.0662008e7,295737.0
Paris,18,96,900000,3,mean_intersection,881fb46003fffff,1.0617244e7,1.0639044e7,21800.0
Paris,18,96,900000,3,mean_intersection,881fb46007fffff,1.0374458e7,1.0684642e7,310184.0
Paris,18,96,900000,3,mean_intersection,881fb46009fffff,9.698195e6,1.0398422e7,700227.0
Paris,18,96,900000,3,mean_intersection,881fb4600bfffff,1.0175614e7,1.0616959e7,441345.0
Paris,18,96,900000,3,mean_intersection,881fb46011fffff,1.0588806e7,1.070721e7,118404.0
Paris,18,96,900000,3,mean_intersection,881fb46013fffff,1.0524996e7,1.0725083e7,200087.0
Paris,18,96,900000,3,mean_intersection,881fb46015fffff,1.0330886e7,1.0607953e7,277067.0
Paris,18,96,900000,3,mean_intersection,881fb46017fffff,1.0426036e7,1.0671025e7,244989.0
Paris,18,96,900000,3,mean_intersection,881fb46019fffff,1.0787153e7,1.0723236e7,-63917.0
Paris,18,96,900000,3,mean_intersection,881fb4601bfffff,1.087397e7,1.0839025e7,-34945.0
Paris,18,96,900000,3,mean_intersection,881fb4601dfffff,1.0749125e7,1.0702996e7,-46129.0
Paris,18,96,900000,3,mean_intersection,881fb46031fffff,1.0025658e7,1.0511508e7,485850.0
Paris,18,96,900000,3,mean_intersection,881fb46033fffff,1.0415129e7,1.0647418e7,232289.0
Paris,18,96,900000,3,mean_intersection,881fb46035fffff,9.905801e6,1.0470445e7,564644.0
Paris,18,96,900000,3,mean_intersection,881fb46037fffff,1.0349836e7,1.0569701e7,219865.0
Paris,18,96,900000,3,mean_intersection,881fb46039fffff,1.0188207e7,1.0562735e7,374528.0
Paris,18,96,900000,3,mean_intersection,881fb4603bfffff,1.0224472e7,1.0559835e7,335363.0
Paris,18,96,900000,3,mean_intersection,881fb4603dfffff,1.0282172e7,1.0602396e7,320224.0
Paris,18,96,900000,3,mean_intersection,881fb46043fffff,9.626582e6,1.0386614e7,760032.0
Paris,18,96,900000,3,mean_intersection,881fb4604bfffff,9.433936e6,1.0340274e7,906338.0
Paris,18,96,900000,3,mean_intersection,881fb46051fffff,1.0277777e7,1.0575687e7,297910.0
Paris,18,96,900000,3,mean_intersection,881fb46053fffff,1.0519317e7,1.0654136e7,134819.0
Paris,18,96,900000,3,mean_intersection,881fb46055fffff,1.0144529e7,1.0555831e7,411302.0
Paris,18,96,900000,3,mean_intersection,881fb46057fffff,1.0361116e7,1.0647817e7,286701.0
Paris,18,96,900000,3,mean_intersection,881fb46059fffff,1.0051458e7,1.0543101e7,491643.0
Paris,18,96,900000,3,mean_intersection,881fb4605bfffff,1.0411926e7,1.0632678e7,220752.0
Paris,18,96,900000,3,mean_intersection,881fb4605dfffff,9.909005e6,1.0439508e7,530503.0
Paris,18,96,900000,3,mean_intersection,881fb46081fffff,1.1031105e7,1.067397e7,-357135.0
Paris,18,96,900000,3,mean_intersection,881fb46083fffff,1.0957291e7,1.0766484e7,-190807.0
Paris,18,96,900000,3,mean_intersection,881fb46085fffff,1.0711138e7,1.061131e7,-99828.0
Paris,18,96,900000,3,mean_intersection,881fb46087fffff,1.0813147e7,1.0666352e7,-146795.0
Paris,18,96,900000,3,mean_intersection,881fb46089fffff,1.0690469e7,1.0655044e7,-35425.0
Paris,18,96,900000,3,mean_intersection,881fb4608bfffff,1.1030178e7,1.070479e7,-325388.0
Paris,18,96,900000,3,mean_intersection,881fb4608dfffff,1.0833302e7,1.0667095e7,-166207.0
Paris,18,96,900000,3,mean_intersection,881fb46091fffff,1.1087272e7,1.0717723e7,-369549.0
Paris,18,96,900000,3,mean_intersection,881fb46093fffff,1.0965077e7,1.077533e7,-189747.0
Paris,18,96,900000,3,mean_intersection,881fb46095fffff,1.1074355e7,1.0772713e7,-301642.0
Paris,18,96,900000,3,mean_intersection,881fb46097fffff,1.090466e7,1.0655577e7,-249083.0
Paris,18,96,900000,3,mean_intersection,881fb46099fffff,1.1031902e7,1.0821195e7,-210707.0
Paris,18,96,900000,3,mean_intersection,881fb4609bfffff,1.1106429e7,1.0853408e7,-253021.0
Paris,18,96,900000,3,mean_intersection,881fb4609dfffff,1.1030594e7,1.0738123e7,-292471.0
Paris,18,96,900000,3,mean_intersection,881fb460a1fffff,1.0579407e7,1.0666863e7,87456.0
Paris,18,96,900000,3,mean_intersection,881fb460a3fffff,1.0875118e7,1.0615654e7,-259464.0
Paris,18,96,900000,3,mean_intersection,881fb460a5fffff,1.0672403e7,1.0773556e7,101153.0
Paris,18,96,900000,3,mean_intersection,881fb460a7fffff,1.0844953e7,1.0673924e7,-171029.0
Paris,18,96,900000,3,mean_intersection,881fb460a9fffff,1.0858497e7,1.0681708e7,-176789.0
Paris,18,96,900000,3,mean_intersection,881fb460abfffff,1.0882222e7,1.0616547e7,-265675.0
Paris,18,96,900000,3,mean_intersection,881fb460adfffff,1.0858405e7,1.071302e7,-145385.0
Paris,18,96,900000,3,mean_intersection,881fb460b1fffff,1.0893608e7,1.0682343e7,-211265.0
Paris,18,96,900000,3,mean_intersection,881fb460b3fffff,1.0852796e7,1.0683177e7,-169619.0
Paris,18,96,900000,3,mean_intersection,881fb460b5fffff,1.0870661e7,1.0673341e7,-197320.0
Paris,18,96,900000,3,mean_intersection,881fb460b7fffff,1.0649292e7,1.0673169e7,23877.0
Paris,18,96,900000,3,mean_intersection,881fb460b9fffff,1.0790526e7,1.0712406e7,-78120.0
Paris,18,96,900000,3,mean_intersection,881fb460bbfffff,1.0990824e7,1.0687841e7,-302983.0
Paris,18,96,900000,3,mean_intersection,881fb460bdfffff,1.0663047e7,1.0662501e7,-546.0
Paris,18,96,900000,3,mean_intersection,881fb460c1fffff,1.0771739e7,1.0760081e7,-11658.0
Paris,18,96,900000,3,mean_intersection,881fb460c3fffff,1.0829426e7,1.0750001e7,-79425.0
Paris,18,96,900000,3,mean_intersection,881fb460c5fffff,1.0756442e7,1.083208e7,75638.0
Paris,18,96,900000,3,mean_intersection,881fb460c7fffff,1.0722409e7,1.0612091e7,-110318.0
Paris,18,96,900000,3,mean_intersection,881fb460c9fffff,1.0922775e7,1.0744617e7,-178158.0
Paris,18,96,900000,3,mean_intersection,881fb460cbfffff,1.1080278e7,1.0721219e7,-359059.0
Paris,18,96,900000,3,mean_intersection,881fb460cdfffff,1.0811183e7,1.0853671e7,42488.0
Paris,18,96,900000,3,mean_intersection,881fb460d1fffff,1.1067764e7,1.0723568e7,-344196.0
Paris,18,96,900000,3,mean_intersection,881fb460d3fffff,1.1098692e7,1.0864839e7,-233853.0
Paris,18,96,900000,3,mean_intersection,881fb460d5fffff,1.1015625e7,1.0667775e7,-347850.0
Paris,18,96,900000,3,mean_intersection,881fb460d7fffff,1.1096341e7,1.0797885e7,-298456.0
Paris,18,96,900000,3,mean_intersection,881fb460d9fffff,1.1174932e7,1.0835494e7,-339438.0
Paris,18,96,900000,3,mean_intersection,881fb460dbfffff,1.1121387e7,1.0817958e7,-303429.0
Paris,18,96,900000,3,mean_intersection,881fb460ddfffff,1.105721e7,1.0796991e7,-260219.0
Paris,18,96,900000,3,mean_intersection,881fb460e1fffff,1.0755919e7,1.0596182e7,-159737.0
Paris,18,96,900000,3,mean_intersection,881fb460e3fffff,1.0638762e7,1.0596219e7,-42543.0
Paris,18,96,900000,3,mean_intersection,881fb460e5fffff,1.0409799e7,1.0566496e7,156697.0
Paris,18,96,900000,3,mean_intersection,881fb460e7fffff,1.0722966e7,1.0658389e7,-64577.0
Paris,18,96,900000,3,mean_intersection,881fb460e9fffff,1.0758652e7,1.0680248e7,-78404.0
Paris,18,96,900000,3,mean_intersection,881fb460ebfffff,1.0666892e7,1.0678068e7,11176.0
Paris,18,96,900000,3,mean_intersection,881fb460edfffff,1.0433887e7,1.0639211e7,205324.0
Paris,18,96,900000,3,mean_intersection,881fb46181fffff,9.667206e6,1.0075012e7,407806.0
Paris,18,96,900000,3,mean_intersection,881fb46183fffff,9.901608e6,1.0238584e7,336976.0
Paris,18,96,900000,3,mean_intersection,881fb46187fffff,9.389873e6,9.949174e6,559301.0
Paris,18,96,900000,3,mean_intersection,881fb46189fffff,9.748592e6,1.0221109e7,472517.0
Paris,18,96,900000,3,mean_intersection,881fb4618bfffff,9.911764e6,1.0299003e7,387239.0
Paris,18,96,900000,3,mean_intersection,881fb46191fffff,1.0468349e7,1.053986e7,71511.0
Paris,18,96,900000,3,mean_intersection,881fb46193fffff,1.0471205e7,1.0541176e7,69971.0
Paris,18,96,900000,3,mean_intersection,881fb46195fffff,9.955752e6,1.0285686e7,329934.0
Paris,18,96,900000,3,mean_intersection,881fb46197fffff,1.0042248e7,1.0305217e7,262969.0
Paris,18,96,900000,3,mean_intersection,881fb46199fffff,1.0579025e7,1.0559027e7,-19998.0
Paris,18,96,900000,3,mean_intersection,881fb4619bfffff,1.0804321e7,1.0645973e7,-158348.0
Paris,18,96,900000,3,mean_intersection,881fb4619dfffff,1.023341e7,1.0303586e7,70176.0
Paris,18,96,900000,3,mean_intersection,881fb461b9fffff,9.611342e6,1.0034248e7,422906.0
Paris,18,96,900000,3,mean_intersection,881fb461bbfffff,9.803531e6,1.0192319e7,388788.0
Paris,18,96,900000,3,mean_intersection,881fb461c3fffff,1.0128465e7,1.0429675e7,301210.0
Paris,18,96,900000,3,mean_intersection,881fb461cbfffff,1.0275286e7,1.0568322e7,293036.0
Paris,18,96,900000,3,mean_intersection,881fb461d1fffff,1.0318062e7,1.0562196e7,244134.0
Paris,18,96,900000,3,mean_intersection,881fb461d3fffff,1.0621597e7,1.0659251e7,37654.0
Paris,18,96,900000,3,mean_intersection,881fb461d5fffff,1.0223816e7,1.0419619e7,195803.0
Paris,18,96,900000,3,mean_intersection,881fb461d7fffff,1.0275368e7,1.0378609e7,103241.0
Paris,18,96,900000,3,mean_intersection,881fb461d9fffff,1.0638683e7,1.0640894e7,2211.0
Paris,18,96,900000,3,mean_intersection,881fb461dbfffff,1.0841591e7,1.0698892e7,-142699.0
Paris,18,96,900000,3,mean_intersection,881fb461ddfffff,1.0516689e7,1.0481695e7,-34994.0
Paris,18,96,900000,3,mean_intersection,881fb46201fffff,1.0024484e7,1.0495021e7,470537.0
Paris,18,96,900000,3,mean_intersection,881fb46203fffff,9.979325e6,1.0413618e7,434293.0
Paris,18,96,900000,3,mean_intersection,881fb46207fffff,9.766557e6,1.0360411e7,593854.0
Paris,18,96,900000,3,mean_intersection,881fb46209fffff,9.754908e6,1.034228e7,587372.0
Paris,18,96,900000,3,mean_intersection,881fb4620bfffff,1.0056524e7,1.051399e7,457466.0
Paris,18,96,900000,3,mean_intersection,881fb46211fffff,1.0547474e7,1.0586415e7,38941.0
Paris,18,96,900000,3,mean_intersection,881fb46213fffff,1.0554226e7,1.0697715e7,143489.0
Paris,18,96,900000,3,mean_intersection,881fb46215fffff,1.0070807e7,1.0550743e7,479936.0
Paris,18,96,900000,3,mean_intersection,881fb46217fffff,1.0519003e7,1.0657107e7,138104.0
Paris,18,96,900000,3,mean_intersection,881fb46219fffff,1.0434304e7,1.06313e7,196996.0
Paris,18,96,900000,3,mean_intersection,881fb4621bfffff,1.0338585e7,1.0606545e7,267960.0
Paris,18,96,900000,3,mean_intersection,881fb4621dfffff,1.0547712e7,1.0558816e7,11104.0
Paris,18,96,900000,3,mean_intersection,881fb46231fffff,9.815419e6,1.0396439e7,581020.0
Paris,18,96,900000,3,mean_intersection,881fb46233fffff,9.921883e6,1.0462737e7,540854.0
Paris,18,96,900000,3,mean_intersection,881fb46235fffff,9.41858e6,1.0257915e7,839335.0
Paris,18,96,900000,3,mean_intersection,881fb46237fffff,9.713491e6,1.0460102e7,746611.0
Paris,18,96,900000,3,mean_intersection,881fb46239fffff,9.895588e6,1.037095e7,475362.0
Paris,18,96,900000,3,mean_intersection,881fb4623bfffff,1.0057349e7,1.0560091e7,502742.0
Paris,18,96,900000,3,mean_intersection,881fb4623dfffff,9.500115e6,1.0353215e7,853100.0
Paris,18,96,900000,3,mean_intersection,881fb46243fffff,9.701564e6,1.0290568e7,589004.0
Paris,18,96,900000,3,mean_intersection,881fb4624bfffff,9.222042e6,1.0275144e7,1.053102e6
Paris,18,96,900000,3,mean_intersection,881fb46251fffff,1.0073189e7,1.0537036e7,463847.0
Paris,18,96,900000,3,mean_intersection,881fb46253fffff,1.0075732e7,1.0450555e7,374823.0
Paris,18,96,900000,3,mean_intersection,881fb46255fffff,9.823424e6,1.0309041e7,485617.0
Paris,18,96,900000,3,mean_intersection,881fb46257fffff,1.0108605e7,1.0606337e7,497732.0
Paris,18,96,900000,3,mean_intersection,881fb46259fffff,9.783087e6,1.031941e7,536323.0
Paris,18,96,900000,3,mean_intersection,881fb4625bfffff,9.844744e6,1.0410435e7,565691.0
Paris,18,96,900000,3,mean_intersection,881fb4625dfffff,9.906198e6,1.0380536e7,474338.0
Paris,18,96,900000,3,mean_intersection,881fb46281fffff,1.0731027e7,1.0649457e7,-81570.0
Paris,18,96,900000,3,mean_intersection,881fb46283fffff,1.0864624e7,1.0624191e7,-240433.0
Paris,18,96,900000,3,mean_intersection,881fb46285fffff,1.0645502e7,1.0657112e7,11610.0
Paris,18,96,900000,3,mean_intersection,881fb46287fffff,1.0783666e7,1.0675458e7,-108208.0
Paris,18,96,900000,3,mean_intersection,881fb46289fffff,1.0798325e7,1.0648737e7,-149588.0
Paris,18,96,900000,3,mean_intersection,881fb4628bfffff,1.0714342e7,1.0675888e7,-38454.0
Paris,18,96,900000,3,mean_intersection,881fb4628dfffff,1.0583937e7,1.0625793e7,41856.0
Paris,18,96,900000,3,mean_intersection,881fb46291fffff,1.1123969e7,1.0722108e7,-401861.0
Paris,18,96,900000,3,mean_intersection,881fb46293fffff,1.1239411e7,1.0804879e7,-434532.0
Paris,18,96,900000,3,mean_intersection,881fb46295fffff,1.1120659e7,1.0659234e7,-461425.0
Paris,18,96,900000,3,mean_intersection,881fb46297fffff,1.123227e7,1.0820285e7,-411985.0
Paris,18,96,900000,3,mean_intersection,881fb46299fffff,1.1025455e7,1.0767361e7,-258094.0
Paris,18,96,900000,3,mean_intersection,881fb4629bfffff,1.1206008e7,1.086492e7,-341088.0
Paris,18,96,900000,3,mean_intersection,881fb4629dfffff,1.0972299e7,1.068917e7,-283129.0
Paris,18,96,900000,3,mean_intersection,881fb462a1fffff,1.0772048e7,1.0706568e7,-65480.0
Paris,18,96,900000,3,mean_intersection,881fb462a3fffff,1.1090743e7,1.0820652e7,-270091.0
Paris,18,96,900000,3,mean_intersection,881fb462a5fffff,1.0904532e7,1.0745734e7,-158798.0
Paris,18,96,900000,3,mean_intersection,881fb462a7fffff,1.1090367e7,1.0772404e7,-317963.0
Paris,18,96,900000,3,mean_intersection,881fb462a9fffff,1.0618897e7,1.0758849e7,139952.0
Paris,18,96,900000,3,mean_intersection,881fb462abfffff,1.0807174e7,1.0741104e7,-66070.0
Paris,18,96,900000,3,mean_intersection,881fb462adfffff,1.0733467e7,1.0680553e7,-52914.0
Paris,18,96,900000,3,mean_intersection,881fb462b1fffff,1.1211032e7,1.0772231e7,-438801.0
Paris,18,96,900000,3,mean_intersection,881fb462b3fffff,1.1148769e7,1.0789427e7,-359342.0
Paris,18,96,900000,3,mean_intersection,881fb462b5fffff,1.1146217e7,1.0809394e7,-336823.0
Paris,18,96,900000,3,mean_intersection,881fb462b7fffff,1.1146313e7,1.0785851e7,-360462.0
Paris,18,96,900000,3,mean_intersection,881fb462b9fffff,1.1092445e7,1.0680191e7,-412254.0
Paris,18,96,900000,3,mean_intersection,881fb462bbfffff,1.1215506e7,1.0830314e7,-385192.0
Paris,18,96,900000,3,mean_intersection,881fb462bdfffff,1.1051669e7,1.0704924e7,-346745.0
Paris,18,96,900000,3,mean_intersection,881fb462c1fffff,1.055776e7,1.067831e7,120550.0
Paris,18,96,900000,3,mean_intersection,881fb462c3fffff,1.0629464e7,1.071395e7,84486.0
Paris,18,96,900000,3,mean_intersection,881fb462c5fffff,1.0599029e7,1.0717931e7,118902.0
Paris,18,96,900000,3,mean_intersection,881fb462c7fffff,1.0826794e7,1.0777213e7,-49581.0
Paris,18,96,900000,3,mean_intersection,881fb462c9fffff,1.033605e7,1.0672958e7,336908.0
Paris,18,96,900000,3,mean_intersection,881fb462cbfffff,1.0591863e7,1.0662033e7,70170.0
Paris,18,96,900000,3,mean_intersection,881fb462cdfffff,1.0403505e7,1.0647812e7,244307.0
Paris,18,96,900000,3,mean_intersection,881fb462d1fffff,1.1009249e7,1.0796408e7,-212841.0
Paris,18,96,900000,3,mean_intersection,881fb462d3fffff,1.1020611e7,1.08012e7,-219411.0
Paris,18,96,900000,3,mean_intersection,881fb462d5fffff,1.0652123e7,1.0647352e7,-4771.0
Paris,18,96,900000,3,mean_intersection,881fb462d7fffff,1.0933354e7,1.0656059e7,-277295.0
Paris,18,96,900000,3,mean_intersection,881fb462d9fffff,1.0974406e7,1.071697e7,-257436.0
Paris,18,96,900000,3,mean_intersection,881fb462dbfffff,1.1190993e7,1.0820273e7,-370720.0
Paris,18,96,900000,3,mean_intersection,881fb462ddfffff,1.066778e7,1.0818181e7,150401.0
Paris,18,96,900000,3,mean_intersection,881fb462e1fffff,1.0433278e7,1.068197e7,248692.0
Paris,18,96,900000,3,mean_intersection,881fb462e3fffff,1.0496207e7,1.0699486e7,203279.0
Paris,18,96,900000,3,mean_intersection,881fb462e5fffff,1.0282247e7,1.058717e7,304923.0
Paris,18,96,900000,3,mean_intersection,881fb462e7fffff,1.0526437e7,1.0706652e7,180215.0
Paris,18,96,900000,3,mean_intersection,881fb462e9fffff,1.0604455e7,1.0746572e7,142117.0
Paris,18,96,900000,3,mean_intersection,881fb462ebfffff,1.0747834e7,1.0751559e7,3725.0
Paris,18,96,900000,3,mean_intersection,881fb462edfffff,1.0347386e7,1.0597394e7,250008.0
Paris,18,96,900000,3,mean_intersection,881fb46401fffff,1.1193693e7,1.0905606e7,-288087.0
Paris,18,96,900000,3,mean_intersection,881fb46403fffff,1.1196666e7,1.0906399e7,-290267.0
Paris,18,96,900000,3,mean_intersection,881fb46405fffff,1.1128956e7,1.0825088e7,-303868.0
Paris,18,96,900000,3,mean_intersection,881fb46407fffff,1.1077859e7,1.088359e7,-194269.0
Paris,18,96,900000,3,mean_intersection,881fb46409fffff,1.1240671e7,1.0907029e7,-333642.0
Paris,18,96,900000,3,mean_intersection,881fb4640bfffff,1.1186188e7,1.0852762e7,-333426.0
Paris,18,96,900000,3,mean_intersection,881fb4640dfffff,1.1211991e7,1.0804263e7,-407728.0
Paris,18,96,900000,3,mean_intersection,881fb46411fffff,1.0957478e7,1.0746417e7,-211061.0
Paris,18,96,900000,3,mean_intersection,881fb46413fffff,1.0743142e7,1.0756695e7,13553.0
Paris,18,96,900000,3,mean_intersection,881fb46415fffff,1.1088801e7,1.0930057e7,-158744.0
Paris,18,96,900000,3,mean_intersection,881fb46417fffff,1.0964421e7,1.0887721e7,-76700.0
Paris,18,96,900000,3,mean_intersection,881fb46419fffff,1.1035481e7,1.0755601e7,-279880.0
Paris,18,96,900000,3,mean_intersection,881fb4641bfffff,1.082657e7,1.0417102e7,-409468.0
Paris,18,96,900000,3,mean_intersection,881fb4641dfffff,1.1040355e7,1.0813018e7,-227337.0
Paris,18,96,900000,3,mean_intersection,881fb46421fffff,1.0913383e7,1.0732562e7,-180821.0
Paris,18,96,900000,3,mean_intersection,881fb46423fffff,1.0920105e7,1.0704681e7,-215424.0
Paris,18,96,900000,3,mean_intersection,881fb46425fffff,1.1090807e7,1.0888686e7,-202121.0
Paris,18,96,900000,3,mean_intersection,881fb46427fffff,1.0903076e7,1.0804077e7,-98999.0
Paris,18,96,900000,3,mean_intersection,881fb46429fffff,1.1146666e7,1.0878871e7,-267795.0
Paris,18,96,900000,3,mean_intersection,881fb4642bfffff,1.1068513e7,1.0747906e7,-320607.0
Paris,18,96,900000,3,mean_intersection,881fb4642dfffff,1.1105638e7,1.0863582e7,-242056.0
Paris,18,96,900000,3,mean_intersection,881fb46431fffff,1.0963215e7,1.0780686e7,-182529.0
Paris,18,96,900000,3,mean_intersection,881fb46433fffff,1.1010628e7,1.0763756e7,-246872.0
Paris,18,96,900000,3,mean_intersection,881fb46435fffff,1.0858894e7,1.077172e7,-87174.0
Paris,18,96,900000,3,mean_intersection,881fb46437fffff,1.0758862e7,1.0661121e7,-97741.0
Paris,18,96,900000,3,mean_intersection,881fb46439fffff,1.0997266e7,1.0753518e7,-243748.0
Paris,18,96,900000,3,mean_intersection,881fb4643bfffff,1.103943e7,1.0927826e7,-111604.0
Paris,18,96,900000,3,mean_intersection,881fb4643dfffff,1.087484e7,1.0709902e7,-164938.0
Paris,18,96,900000,3,mean_intersection,881fb46441fffff,1.133978e7,1.083999e7,-499790.0
Paris,18,96,900000,3,mean_intersection,881fb46443fffff,1.1281479e7,1.078358e7,-497899.0
Paris,18,96,900000,3,mean_intersection,881fb46445fffff,1.1329724e7,1.0906464e7,-423260.0
Paris,18,96,900000,3,mean_intersection,881fb46447fffff,1.128585e7,1.0763742e7,-522108.0
Paris,18,96,900000,3,mean_intersection,881fb46449fffff,1.1346337e7,1.0934733e7,-411604.0
Paris,18,96,900000,3,mean_intersection,881fb4644bfffff,1.1309317e7,1.0827029e7,-482288.0
Paris,18,96,900000,3,mean_intersection,881fb4644dfffff,1.1323667e7,1.1031321e7,-292346.0
Paris,18,96,900000,3,mean_intersection,881fb46451fffff,1.116341e7,1.0853742e7,-309668.0
Paris,18,96,900000,3,mean_intersection,881fb46453fffff,1.1130532e7,1.0814092e7,-316440.0
Paris,18,96,900000,3,mean_intersection,881fb46455fffff,1.126212e7,1.0924096e7,-338024.0
Paris,18,96,900000,3,mean_intersection,881fb46457fffff,1.1193016e7,1.0861898e7,-331118.0
Paris,18,96,900000,3,mean_intersection,881fb46459fffff,1.1243804e7,1.0878135e7,-365669.0
Paris,18,96,900000,3,mean_intersection,881fb4645bfffff,1.1124114e7,1.0725074e7,-399040.0
Paris,18,96,900000,3,mean_intersection,881fb4645dfffff,1.1312358e7,1.0869775e7,-442583.0
Paris,18,96,900000,3,mean_intersection,881fb46461fffff,1.1232574e7,1.0903728e7,-328846.0
Paris,18,96,900000,3,mean_intersection,881fb46463fffff,1.1204557e7,1.0846456e7,-358101.0
Paris,18,96,900000,3,mean_intersection,881fb46465fffff,1.1281198e7,1.092359e7,-357608.0
Paris,18,96,900000,3,mean_intersection,881fb46467fffff,1.1162891e7,1.0890799e7,-272092.0
Paris,18,96,900000,3,mean_intersection,881fb46469fffff,1.1279496e7,1.0992577e7,-286919.0
Paris,18,96,900000,3,mean_intersection,881fb4646bfffff,1.1267107e7,1.0914688e7,-352419.0
Paris,18,96,900000,3,mean_intersection,881fb4646dfffff,1.1304859e7,1.0927871e7,-376988.0
Paris,18,96,900000,3,mean_intersection,881fb46481fffff,1.0905602e7,1.0586865e7,-318737.0
Paris,18,96,900000,3,mean_intersection,881fb46483fffff,1.0790631e7,1.0637408e7,-153223.0
Paris,18,96,900000,3,mean_intersection,881fb46485fffff,1.0872018e7,1.0550497e7,-321521.0
Paris,18,96,900000,3,mean_intersection,881fb46487fffff,1.0660689e7,1.0528127e7,-132562.0
Paris,18,96,900000,3,mean_intersection,881fb46489fffff,1.0797681e7,1.0583999e7,-213682.0
Paris,18,96,900000,3,mean_intersection,881fb4648bfffff,1.078135e7,1.0407519e7,-373831.0
Paris,18,96,900000,3,mean_intersection,881fb4648dfffff,1.0861814e7,1.0556939e7,-304875.0
Paris,18,96,900000,3,mean_intersection,881fb46491fffff,1.0494343e7,1.0505703e7,11360.0
Paris,18,96,900000,3,mean_intersection,881fb46493fffff,1.0486417e7,1.0335351e7,-151066.0
Paris,18,96,900000,3,mean_intersection,881fb46495fffff,1.0541518e7,1.0391899e7,-149619.0
Paris,18,96,900000,3,mean_intersection,881fb46497fffff,1.0327722e7,1.0147873e7,-179849.0
Paris,18,96,900000,3,mean_intersection,881fb46499fffff,1.0669407e7,1.0540087e7,-129320.0
Paris,18,96,900000,3,mean_intersection,881fb4649bfffff,1.0704733e7,1.0574619e7,-130114.0
Paris,18,96,900000,3,mean_intersection,881fb4649dfffff,1.0631918e7,1.0367126e7,-264792.0
Paris,18,96,900000,3,mean_intersection,881fb464a1fffff,1.0856607e7,1.0555983e7,-300624.0
Paris,18,96,900000,3,mean_intersection,881fb464a3fffff,1.0548233e7,1.0429937e7,-118296.0
Paris,18,96,900000,3,mean_intersection,881fb464a5fffff,1.0793703e7,1.062419e7,-169513.0
Paris,18,96,900000,3,mean_intersection,881fb464a7fffff,1.0708789e7,1.0617674e7,-91115.0
Paris,18,96,900000,3,mean_intersection,881fb464a9fffff,1.0985381e7,1.0543773e7,-441608.0
Paris,18,96,900000,3,mean_intersection,881fb464abfffff,1.074564e7,1.0533764e7,-211876.0
Paris,18,96,900000,3,mean_intersection,881fb464adfffff,1.0903477e7,1.053999e7,-363487.0
Paris,18,96,900000,3,mean_intersection,881fb464b1fffff,1.0408425e7,1.0522439e7,114014.0
Paris,18,96,900000,3,mean_intersection,881fb464b3fffff,1.0113945e7,1.0243403e7,129458.0
Paris,18,96,900000,3,mean_intersection,881fb464b5fffff,1.0423437e7,1.0527581e7,104144.0
Paris,18,96,900000,3,mean_intersection,881fb464b7fffff,1.0236172e7,1.0169236e7,-66936.0
Paris,18,96,900000,3,mean_intersection,881fb464b9fffff,1.0499418e7,1.0355074e7,-144344.0
Paris,18,96,900000,3,mean_intersection,881fb464bbfffff,1.0285755e7,1.0183434e7,-102321.0
Paris,18,96,900000,3,mean_intersection,881fb464bdfffff,1.0609394e7,1.0507383e7,-102011.0
Paris,18,96,900000,3,mean_intersection,881fb464c1fffff,1.0641618e7,1.0399776e7,-241842.0
Paris,18,96,900000,3,mean_intersection,881fb464c3fffff,1.0818733e7,1.0543583e7,-275150.0
Paris,18,96,900000,3,mean_intersection,881fb464c5fffff,1.0825682e7,1.0699892e7,-125790.0
Paris,18,96,900000,3,mean_intersection,881fb464c7fffff,1.0846108e7,1.0627996e7,-218112.0
Paris,18,96,900000,3,mean_intersection,881fb464c9fffff,1.0860755e7,1.0453253e7,-407502.0
Paris,18,96,900000,3,mean_intersection,881fb464cbfffff,1.075141e7,1.0416364e7,-335046.0
Paris,18,96,900000,3,mean_intersection,881fb464cdfffff,1.0779069e7,1.0419734e7,-359335.0
Paris,18,96,900000,3,mean_intersection,881fb464d1fffff,1.0627839e7,1.0359273e7,-268566.0
Paris,18,96,900000,3,mean_intersection,881fb464d3fffff,1.0758243e7,1.0552675e7,-205568.0
Paris,18,96,900000,3,mean_intersection,881fb464d5fffff,1.0855475e7,1.0634058e7,-221417.0
Paris,18,96,900000,3,mean_intersection,881fb464d7fffff,1.0853987e7,1.0546442e7,-307545.0
Paris,18,96,900000,3,mean_intersection,881fb464d9fffff,1.0753895e7,1.0536396e7,-217499.0
Paris,18,96,900000,3,mean_intersection,881fb464dbfffff,1.064041e7,1.0446416e7,-193994.0
Paris,18,96,900000,3,mean_intersection,881fb464ddfffff,1.0702419e7,1.0446332e7,-256087.0
Paris,18,96,900000,3,mean_intersection,881fb464e1fffff,1.1017409e7,1.0750794e7,-266615.0
Paris,18,96,900000,3,mean_intersection,881fb464e3fffff,1.0862027e7,1.0605092e7,-256935.0
Paris,18,96,900000,3,mean_intersection,881fb464e5fffff,1.0915607e7,1.0765041e7,-150566.0
Paris,18,96,900000,3,mean_intersection,881fb464e7fffff,1.1021708e7,1.0597232e7,-424476.0
Paris,18,96,900000,3,mean_intersection,881fb464e9fffff,1.0926784e7,1.0740207e7,-186577.0
Paris,18,96,900000,3,mean_intersection,881fb464ebfffff,1.0931474e7,1.0572944e7,-358530.0
Paris,18,96,900000,3,mean_intersection,881fb464edfffff,1.1038601e7,1.083312e7,-205481.0
Paris,18,96,900000,3,mean_intersection,881fb46501fffff,1.0932316e7,1.0556883e7,-375433.0
Paris,18,96,900000,3,mean_intersection,881fb46503fffff,1.0973783e7,1.0694766e7,-279017.0
Paris,18,96,900000,3,mean_intersection,881fb46505fffff,1.0981928e7,1.0700102e7,-281826.0
Paris,18,96,900000,3,mean_intersection,881fb46507fffff,1.0893765e7,1.0591659e7,-302106.0
Paris,18,96,900000,3,mean_intersection,881fb46509fffff,1.0949894e7,1.0624304e7,-325590.0
Paris,18,96,900000,3,mean_intersection,881fb4650bfffff,1.0956927e7,1.0782154e7,-174773.0
Paris,18,96,900000,3,mean_intersection,881fb4650dfffff,1.0975569e7,1.0748693e7,-226876.0
Paris,18,96,900000,3,mean_intersection,881fb46511fffff,1.1108382e7,1.0823247e7,-285135.0
Paris,18,96,900000,3,mean_intersection,881fb46513fffff,1.0902814e7,1.0793357e7,-109457.0
Paris,18,96,900000,3,mean_intersection,881fb46515fffff,1.1118764e7,1.089719e7,-221574.0
Paris,18,96,900000,3,mean_intersection,881fb46517fffff,1.0922875e7,1.0728645e7,-194230.0
Paris,18,96,900000,3,mean_intersection,881fb46519fffff,1.1150547e7,1.0820283e7,-330264.0
Paris,18,96,900000,3,mean_intersection,881fb4651bfffff,1.1025552e7,1.0701594e7,-323958.0
Paris,18,96,900000,3,mean_intersection,881fb4651dfffff,1.112025e7,1.0905581e7,-214669.0
Paris,18,96,900000,3,mean_intersection,881fb46521fffff,1.0835681e7,1.0655661e7,-180020.0
Paris,18,96,900000,3,mean_intersection,881fb46523fffff,1.0761458e7,1.04672e7,-294258.0
Paris,18,96,900000,3,mean_intersection,881fb46525fffff,1.0884999e7,1.066605e7,-218949.0
Paris,18,96,900000,3,mean_intersection,881fb46527fffff,1.0849492e7,1.0804325e7,-45167.0
Paris,18,96,900000,3,mean_intersection,881fb46529fffff,1.0952041e7,1.0831092e7,-120949.0
Paris,18,96,900000,3,mean_intersection,881fb4652bfffff,1.0835163e7,1.0631661e7,-203502.0
Paris,18,96,900000,3,mean_intersection,881fb4652dfffff,1.0824499e7,1.0509152e7,-315347.0
Paris,18,96,900000,3,mean_intersection,881fb46531fffff,1.0927996e7,1.0775266e7,-152730.0
Paris,18,96,900000,3,mean_intersection,881fb46533fffff,1.0976552e7,1.0747959e7,-228593.0
Paris,18,96,900000,3,mean_intersection,881fb46535fffff,1.0948085e7,1.0753172e7,-194913.0
Paris,18,96,900000,3,mean_intersection,881fb46537fffff,1.1020677e7,1.0772446e7,-248231.0
Paris,18,96,900000,3,mean_intersection,881fb46539fffff,1.0958479e7,1.0595917e7,-362562.0
Paris,18,96,900000,3,mean_intersection,881fb4653bfffff,1.0969509e7,1.0797457e7,-172052.0
Paris,18,96,900000,3,mean_intersection,881fb4653dfffff,1.0930084e7,1.0713088e7,-216996.0
Paris,18,96,900000,3,mean_intersection,881fb46541fffff,1.1165191e7,1.0860809e7,-304382.0
Paris,18,96,900000,3,mean_intersection,881fb46543fffff,1.1121458e7,1.0855884e7,-265574.0
Paris,18,96,900000,3,mean_intersection,881fb46545fffff,1.115195e7,1.0763505e7,-388445.0
Paris,18,96,900000,3,mean_intersection,881fb46547fffff,1.1109243e7,1.0875151e7,-234092.0
Paris,18,96,900000,3,mean_intersection,881fb46549fffff,1.1125017e7,1.0844732e7,-280285.0
Paris,18,96,900000,3,mean_intersection,881fb4654bfffff,1.1177969e7,1.0962214e7,-215755.0
Paris,18,96,900000,3,mean_intersection,881fb4654dfffff,1.1020423e7,1.0883906e7,-136517.0
Paris,18,96,900000,3,mean_intersection,881fb46551fffff,1.1105811e7,1.0874163e7,-231648.0
Paris,18,96,900000,3,mean_intersection,881fb46553fffff,1.114521e7,1.0850941e7,-294269.0
Paris,18,96,900000,3,mean_intersection,881fb46555fffff,1.1002559e7,1.0791674e7,-210885.0
Paris,18,96,900000,3,mean_intersection,881fb46557fffff,1.1042589e7,1.0739333e7,-303256.0
Paris,18,96,900000,3,mean_intersection,881fb46559fffff,1.1142025e7,1.0968354e7,-173671.0
Paris,18,96,900000,3,mean_intersection,881fb4655bfffff,1.1192431e7,1.0969289e7,-223142.0
Paris,18,96,900000,3,mean_intersection,881fb4655dfffff,1.1137807e7,1.0820856e7,-316951.0
Paris,18,96,900000,3,mean_intersection,881fb46561fffff,1.1064847e7,1.0854847e7,-210000.0
Paris,18,96,900000,3,mean_intersection,881fb46563fffff,1.0943037e7,1.0784199e7,-158838.0
Paris,18,96,900000,3,mean_intersection,881fb46565fffff,1.0886566e7,1.0603205e7,-283361.0
Paris,18,96,900000,3,mean_intersection,881fb46567fffff,1.1058881e7,1.080321e7,-255671.0
Paris,18,96,900000,3,mean_intersection,881fb46569fffff,1.0957049e7,1.0607391e7,-349658.0
Paris,18,96,900000,3,mean_intersection,881fb4656bfffff,1.1050027e7,1.0733374e7,-316653.0
Paris,18,96,900000,3,mean_intersection,881fb4656dfffff,1.0925648e7,1.0651761e7,-273887.0
Paris,18,96,900000,3,mean_intersection,881fb46581fffff,1.0963303e7,1.0491976e7,-471327.0
Paris,18,96,900000,3,mean_intersection,881fb46583fffff,1.060709e7,1.0316145e7,-290945.0
Paris,18,96,900000,3,mean_intersection,881fb46585fffff,1.0787666e7,1.0450149e7,-337517.0
Paris,18,96,900000,3,mean_intersection,881fb46587fffff,1.0674201e7,1.0357662e7,-316539.0
Paris,18,96,900000,3,mean_intersection,881fb46589fffff,1.0725031e7,1.0428551e7,-296480.0
Paris,18,96,900000,3,mean_intersection,881fb4658bfffff,1.060709e7,1.0425692e7,-181398.0
Paris,18,96,900000,3,mean_intersection,881fb4658dfffff,1.0880802e7,1.0472728e7,-408074.0
Paris,18,96,900000,3,mean_intersection,881fb46591fffff,1.0691015e7,1.0435373e7,-255642.0
Paris,18,96,900000,3,mean_intersection,881fb46593fffff,1.0667412e7,1.0538525e7,-128887.0
Paris,18,96,900000,3,mean_intersection,881fb46595fffff,1.0634646e7,1.0417637e7,-217009.0
Paris,18,96,900000,3,mean_intersection,881fb46597fffff,1.0398493e7,1.0343208e7,-55285.0
Paris,18,96,900000,3,mean_intersection,881fb46599fffff,1.0810579e7,1.0570517e7,-240062.0
Paris,18,96,900000,3,mean_intersection,881fb4659bfffff,1.0721737e7,1.0533308e7,-188429.0
Paris,18,96,900000,3,mean_intersection,881fb4659dfffff,1.0832904e7,1.0543638e7,-289266.0
Paris,18,96,900000,3,mean_intersection,881fb465a1fffff,1.0757184e7,1.0469125e7,-288059.0
Paris,18,96,900000,3,mean_intersection,881fb465a3fffff,1.0707826e7,1.0454746e7,-253080.0
Paris,18,96,900000,3,mean_intersection,881fb465a5fffff,1.0790216e7,1.0529105e7,-261111.0
Paris,18,96,900000,3,mean_intersection,881fb465a7fffff,1.0769175e7,1.0533944e7,-235231.0
Paris,18,96,900000,3,mean_intersection,881fb465a9fffff,1.0920138e7,1.0546584e7,-373554.0
Paris,18,96,900000,3,mean_intersection,881fb465abfffff,1.0650421e7,1.0432067e7,-218354.0
Paris,18,96,900000,3,mean_intersection,881fb465adfffff,1.0767017e7,1.0486895e7,-280122.0
Paris,18,96,900000,3,mean_intersection,881fb465b1fffff,1.0364925e7,1.0438644e7,73719.0
Paris,18,96,900000,3,mean_intersection,881fb465b3fffff,9.921424e6,1.0280552e7,359128.0
Paris,18,96,900000,3,mean_intersection,881fb465b5fffff,1.0286997e7,1.049146e7,204463.0
Paris,18,96,900000,3,mean_intersection,881fb465b7fffff,1.007722e7,1.029577e7,218550.0
Paris,18,96,900000,3,mean_intersection,881fb465b9fffff,1.0335419e7,1.0151739e7,-183680.0
Paris,18,96,900000,3,mean_intersection,881fb465bbfffff,1.0233413e7,1.0166334e7,-67079.0
Paris,18,96,900000,3,mean_intersection,881fb465bdfffff,1.0568383e7,1.0450908e7,-117475.0
Paris,18,96,900000,3,mean_intersection,881fb465c1fffff,1.0931576e7,1.0779195e7,-152381.0
Paris,18,96,900000,3,mean_intersection,881fb465c3fffff,1.0654593e7,1.0441279e7,-213314.0
Paris,18,96,900000,3,mean_intersection,881fb465c5fffff,1.0978128e7,1.0679361e7,-298767.0
Paris,18,96,900000,3,mean_intersection,881fb465c7fffff,1.0768057e7,1.0603777e7,-164280.0
Paris,18,96,900000,3,mean_intersection,881fb465c9fffff,1.0879174e7,1.0592838e7,-286336.0
Paris,18,96,900000,3,mean_intersection,881fb465cbfffff,1.0722458e7,1.0644069e7,-78389.0
Paris,18,96,900000,3,mean_intersection,881fb465cdfffff,1.0966744e7,1.0912455e7,-54289.0
Paris,18,96,900000,3,mean_intersection,881fb465d1fffff,1.0750191e7,1.052747e7,-222721.0
Paris,18,96,900000,3,mean_intersection,881fb465d3fffff,1.0919001e7,1.0475504e7,-443497.0
Paris,18,96,900000,3,mean_intersection,881fb465d5fffff,1.0711519e7,1.051646e7,-195059.0
Paris,18,96,900000,3,mean_intersection,881fb465d7fffff,1.0715105e7,1.0393404e7,-321701.0
Paris,18,96,900000,3,mean_intersection,881fb465d9fffff,1.0896531e7,1.0739407e7,-157124.0
Paris,18,96,900000,3,mean_intersection,881fb465dbfffff,1.0740798e7,1.0516152e7,-224646.0
Paris,18,96,900000,3,mean_intersection,881fb465ddfffff,1.0756177e7,1.0628666e7,-127511.0
Paris,18,96,900000,3,mean_intersection,881fb465e1fffff,1.0922763e7,1.0746511e7,-176252.0
Paris,18,96,900000,3,mean_intersection,881fb465e3fffff,1.0980344e7,1.0601637e7,-378707.0
Paris,18,96,900000,3,mean_intersection,881fb465e5fffff,1.0888642e7,1.0526333e7,-362309.0
Paris,18,96,900000,3,mean_intersection,881fb465e7fffff,1.0954709e7,1.0660986e7,-293723.0
Paris,18,96,900000,3,mean_intersection,881fb465e9fffff,1.0792191e7,1.0608891e7,-183300.0
Paris,18,96,900000,3,mean_intersection,881fb465ebfffff,1.0954789e7,1.047267e7,-482119.0
Paris,18,96,900000,3,mean_intersection,881fb465edfffff,1.0904528e7,1.0757134e7,-147394.0
Paris,18,96,900000,3,mean_intersection,881fb46601fffff,1.1333955e7,1.08207e7,-513255.0
Paris,18,96,900000,3,mean_intersection,881fb46603fffff,1.1325881e7,1.0816161e7,-509720.0
Paris,18,96,900000,3,mean_intersection,881fb46605fffff,1.1362236e7,1.0861803e7,-500433.0
Paris,18,96,900000,3,mean_intersection,881fb46607fffff,1.132754e7,1.0772294e7,-555246.0
Paris,18,96,900000,3,mean_intersection,881fb46609fffff,1.1295067e7,1.0764177e7,-530890.0
Paris,18,96,900000,3,mean_intersection,881fb4660bfffff,1.1307699e7,1.085841e7,-449289.0
Paris,18,96,900000,3,mean_intersection,881fb4660dfffff,1.1349241e7,1.0896413e7,-452828.0
Paris,18,96,900000,3,mean_intersection,881fb46611fffff,1.1275234e7,1.0876477e7,-398757.0
Paris,18,96,900000,3,mean_intersection,881fb46613fffff,1.126859e7,1.085772e7,-410870.0
Paris,18,96,900000,3,mean_intersection,881fb46615fffff,1.1325979e7,1.0873539e7,-452440.0
Paris,18,96,900000,3,mean_intersection,881fb46617fffff,1.1257742e7,1.0796862e7,-460880.0
Paris,18,96,900000,3,mean_intersection,881fb46619fffff,1.1275685e7,1.0864888e7,-410797.0
Paris,18,96,900000,3,mean_intersection,881fb4661bfffff,1.1157712e7,1.0848408e7,-309304.0
Paris,18,96,900000,3,mean_intersection,881fb4661dfffff,1.1250554e7,1.0772643e7,-477911.0
Paris,18,96,900000,3,mean_intersection,881fb46621fffff,1.1345965e7,1.0800698e7,-545267.0
Paris,18,96,900000,3,mean_intersection,881fb46623fffff,1.136878e7,1.0903827e7,-464953.0
Paris,18,96,900000,3,mean_intersection,881fb46625fffff,1.1367076e7,1.0902167e7,-464909.0
Paris,18,96,900000,3,mean_intersection,881fb46627fffff,1.1339334e7,1.0970755e7,-368579.0
Paris,18,96,900000,3,mean_intersection,881fb46629fffff,1.1369645e7,1.0824333e7,-545312.0
Paris,18,96,900000,3,mean_intersection,881fb4662bfffff,1.1356337e7,1.0933119e7,-423218.0
Paris,18,96,900000,3,mean_intersection,881fb4662dfffff,1.1367263e7,1.0880269e7,-486994.0
Paris,18,96,900000,3,mean_intersection,881fb46631fffff,1.1325653e7,1.0941805e7,-383848.0
Paris,18,96,900000,3,mean_intersection,881fb46633fffff,1.1161677e7,1.0811686e7,-349991.0
Paris,18,96,900000,3,mean_intersection,881fb46635fffff,1.1325296e7,1.0934705e7,-390591.0
Paris,18,96,900000,3,mean_intersection,881fb46637fffff,1.1275744e7,1.0775074e7,-500670.0
Paris,18,96,900000,3,mean_intersection,881fb46639fffff,1.1284398e7,1.08309e7,-453498.0
Paris,18,96,900000,3,mean_intersection,881fb4663bfffff,1.1299299e7,1.0935477e7,-363822.0
Paris,18,96,900000,3,mean_intersection,881fb4663dfffff,1.1312823e7,1.0895936e7,-416887.0
Paris,18,96,900000,3,mean_intersection,881fb46641fffff,1.1234073e7,1.0729719e7,-504354.0
Paris,18,96,900000,3,mean_intersection,881fb46643fffff,1.1315568e7,1.0865111e7,-450457.0
Paris,18,96,900000,3,mean_intersection,881fb46645fffff,1.1325292e7,1.0926695e7,-398597.0
Paris,18,96,900000,3,mean_intersection,881fb46647fffff,1.1322492e7,1.0893644e7,-428848.0
Paris,18,96,900000,3,mean_intersection,881fb46649fffff,1.1195478e7,1.0766077e7,-429401.0
Paris,18,96,900000,3,mean_intersection,881fb4664bfffff,1.1231391e7,1.0816987e7,-414404.0
Paris,18,96,900000,3,mean_intersection,881fb4664dfffff,1.1279692e7,1.0935483e7,-344209.0
Paris,18,96,900000,3,mean_intersection,881fb46651fffff,1.1222614e7,1.0832758e7,-389856.0
Paris,18,96,900000,3,mean_intersection,881fb46653fffff,1.1195683e7,1.0796581e7,-399102.0
Paris,18,96,900000,3,mean_intersection,881fb46655fffff,1.1306372e7,1.0826522e7,-479850.0
Paris,18,96,900000,3,mean_intersection,881fb46657fffff,1.1280927e7,1.0853761e7,-427166.0
Paris,18,96,900000,3,mean_intersection,881fb46659fffff,1.123033e7,1.0865957e7,-364373.0
Paris,18,96,900000,3,mean_intersection,881fb4665bfffff,1.1211955e7,1.0870517e7,-341438.0
Paris,18,96,900000,3,mean_intersection,881fb4665dfffff,1.1262603e7,1.0866218e7,-396385.0
Paris,18,96,900000,3,mean_intersection,881fb46661fffff,1.131954e7,1.0849408e7,-470132.0
Paris,18,96,900000,3,mean_intersection,881fb46663fffff,1.1357944e7,1.0946741e7,-411203.0
Paris,18,96,900000,3,mean_intersection,881fb46665fffff,1.1358577e7,1.0939247e7,-419330.0
Paris,18,96,900000,3,mean_intersection,881fb46667fffff,1.1352918e7,1.0950494e7,-402424.0
Paris,18,96,900000,3,mean_intersection,881fb46669fffff,1.1342844e7,1.0980361e7,-362483.0
Paris,18,96,900000,3,mean_intersection,881fb4666bfffff,1.1349977e7,1.0869803e7,-480174.0
Paris,18,96,900000,3,mean_intersection,881fb4666dfffff,1.1309018e7,1.0971603e7,-337415.0
Paris,18,96,900000,3,mean_intersection,881fb46681fffff,1.1038132e7,1.0621016e7,-417116.0
Paris,18,96,900000,3,mean_intersection,881fb46683fffff,1.0808058e7,1.0603641e7,-204417.0
Paris,18,96,900000,3,mean_intersection,881fb46685fffff,1.1114377e7,1.0691919e7,-422458.0
Paris,18,96,900000,3,mean_intersection,881fb46687fffff,1.0935214e7,1.0708907e7,-226307.0
Paris,18,96,900000,3,mean_intersection,881fb46689fffff,1.0945335e7,1.0664811e7,-280524.0
Paris,18,96,900000,3,mean_intersection,881fb4668bfffff,1.1059139e7,1.0570921e7,-488218.0
Paris,18,96,900000,3,mean_intersection,881fb4668dfffff,1.1036453e7,1.0584823e7,-451630.0
Paris,18,96,900000,3,mean_intersection,881fb46691fffff,1.0917819e7,1.0730597e7,-187222.0
Paris,18,96,900000,3,mean_intersection,881fb46693fffff,1.0746806e7,1.050558e7,-241226.0
Paris,18,96,900000,3,mean_intersection,881fb46695fffff,1.0838553e7,1.0645153e7,-193400.0
Paris,18,96,900000,3,mean_intersection,881fb46697fffff,1.0789855e7,1.0774923e7,-14932.0
Paris,18,96,900000,3,mean_intersection,881fb46699fffff,1.0794806e7,1.0598939e7,-195867.0
Paris,18,96,900000,3,mean_intersection,881fb4669bfffff,1.0822754e7,1.0521035e7,-301719.0
Paris,18,96,900000,3,mean_intersection,881fb4669dfffff,1.1036907e7,1.0743265e7,-293642.0
Paris,18,96,900000,3,mean_intersection,881fb466a1fffff,1.1133043e7,1.0729232e7,-403811.0
Paris,18,96,900000,3,mean_intersection,881fb466a3fffff,1.0929098e7,1.0483295e7,-445803.0
Paris,18,96,900000,3,mean_intersection,881fb466a5fffff,1.0932843e7,1.0545231e7,-387612.0
Paris,18,96,900000,3,mean_intersection,881fb466a7fffff,1.0936227e7,1.0567654e7,-368573.0
Paris,18,96,900000,3,mean_intersection,881fb466a9fffff,1.1034521e7,1.0658668e7,-375853.0
Paris,18,96,900000,3,mean_intersection,881fb466abfffff,1.1001569e7,1.069421e7,-307359.0
Paris,18,96,900000,3,mean_intersection,881fb466adfffff,1.1156721e7,1.0793266e7,-363455.0
Paris,18,96,900000,3,mean_intersection,881fb466b1fffff,1.068441e7,1.059323e7,-91180.0
Paris,18,96,900000,3,mean_intersection,881fb466b3fffff,1.0666632e7,1.0578529e7,-88103.0
Paris,18,96,900000,3,mean_intersection,881fb466b5fffff,1.0923539e7,1.0644644e7,-278895.0
Paris,18,96,900000,3,mean_intersection,881fb466b7fffff,1.0923444e7,1.0564762e7,-358682.0
Paris,18,96,900000,3,mean_intersection,881fb466b9fffff,1.0799598e7,1.0571767e7,-227831.0
Paris,18,96,900000,3,mean_intersection,881fb466bbfffff,1.0784745e7,1.0661005e7,-123740.0
Paris,18,96,900000,3,mean_intersection,881fb466bdfffff,1.0821679e7,1.0674993e7,-146686.0
Paris,18,96,900000,3,mean_intersection,881fb466c1fffff,1.1181743e7,1.0742814e7,-438929.0
Paris,18,96,900000,3,mean_intersection,881fb466c3fffff,1.111689e7,1.0657257e7,-459633.0
Paris,18,96,900000,3,mean_intersection,881fb466c5fffff,1.1209787e7,1.0700374e7,-509413.0
Paris,18,96,900000,3,mean_intersection,881fb466c7fffff,1.1033356e7,1.0506552e7,-526804.0
Paris,18,96,900000,3,mean_intersection,881fb466c9fffff,1.1065719e7,1.0704965e7,-360754.0
Paris,18,96,900000,3,mean_intersection,881fb466cbfffff,1.1161733e7,1.0676165e7,-485568.0
Paris,18,96,900000,3,mean_intersection,881fb466cdfffff,1.1256578e7,1.0789813e7,-466765.0
Paris,18,96,900000,3,mean_intersection,881fb466d1fffff,1.0920582e7,1.0673821e7,-246761.0
Paris,18,96,900000,3,mean_intersection,881fb466d3fffff,1.0763891e7,1.0648224e7,-115667.0
Paris,18,96,900000,3,mean_intersection,881fb466d5fffff,1.0955811e7,1.0677601e7,-278210.0
Paris,18,96,900000,3,mean_intersection,881fb466d7fffff,1.0894178e7,1.0654567e7,-239611.0
Paris,18,96,900000,3,mean_intersection,881fb466d9fffff,1.0989137e7,1.0661437e7,-327700.0
Paris,18,96,900000,3,mean_intersection,881fb466dbfffff,1.0914672e7,1.0748952e7,-165720.0
Paris,18,96,900000,3,mean_intersection,881fb466ddfffff,1.1049563e7,1.0624847e7,-424716.0
Paris,18,96,900000,3,mean_intersection,881fb466e1fffff,1.1185892e7,1.0724093e7,-461799.0
Paris,18,96,900000,3,mean_intersection,881fb466e3fffff,1.1143541e7,1.0688061e7,-455480.0
Paris,18,96,900000,3,mean_intersection,881fb466e5fffff,1.1142189e7,1.0798415e7,-343774.0
Paris,18,96,900000,3,mean_intersection,881fb466e7fffff,1.1126404e7,1.0714751e7,-411653.0
Paris,18,96,900000,3,mean_intersection,881fb466e9fffff,1.1175079e7,1.0700452e7,-474627.0
Paris,18,96,900000,3,mean_intersection,881fb466ebfffff,1.1122012e7,1.0617867e7,-504145.0
Paris,18,96,900000,3,mean_intersection,881fb466edfffff,1.1309108e7,1.0807361e7,-501747.0
Paris,18,96,900000,3,mean_intersection,881fb46701fffff,1.1331271e7,1.0931022e7,-400249.0
Paris,18,96,900000,3,mean_intersection,881fb46703fffff,1.1334442e7,1.0836238e7,-498204.0
Paris,18,96,900000,3,mean_intersection,881fb46705fffff,1.1247371e7,1.091381e7,-333561.0
Paris,18,96,900000,3,mean_intersection,881fb46707fffff,1.1281967e7,1.0739172e7,-542795.0
Paris,18,96,900000,3,mean_intersection,881fb46709fffff,1.1314873e7,1.0767333e7,-547540.0
Paris,18,96,900000,3,mean_intersection,881fb4670bfffff,1.1367365e7,1.0869457e7,-497908.0
Paris,18,96,900000,3,mean_intersection,881fb4670dfffff,1.128885e7,1.0909673e7,-379177.0
Paris,18,96,900000,3,mean_intersection,881fb46711fffff,1.1329483e7,1.1014139e7,-315344.0
Paris,18,96,900000,3,mean_intersection,881fb46713fffff,1.1334908e7,1.0951403e7,-383505.0
Paris,18,96,900000,3,mean_intersection,881fb46715fffff,1.1302968e7,1.0945445e7,-357523.0
Paris,18,96,900000,3,mean_intersection,881fb46717fffff,1.1339623e7,1.1053871e7,-285752.0
Paris,18,96,900000,3,mean_intersection,881fb46719fffff,1.1359471e7,1.0844901e7,-514570.0
Paris,18,96,900000,3,mean_intersection,881fb4671bfffff,1.1346369e7,1.0893286e7,-453083.0
Paris,18,96,900000,3,mean_intersection,881fb4671dfffff,1.1338528e7,1.0913366e7,-425162.0
Paris,18,96,900000,3,mean_intersection,881fb46721fffff,1.11612e7,1.0803916e7,-357284.0
Paris,18,96,900000,3,mean_intersection,881fb46723fffff,1.1224053e7,1.0796212e7,-427841.0
Paris,18,96,900000,3,mean_intersection,881fb46725fffff,1.1174918e7,1.093887e7,-236048.0
Paris,18,96,900000,3,mean_intersection,881fb46727fffff,1.1091777e7,1.0770513e7,-321264.0
Paris,18,96,900000,3,mean_intersection,881fb46729fffff,1.1182897e7,1.0825886e7,-357011.0
Paris,18,96,900000,3,mean_intersection,881fb4672bfffff,1.1188752e7,1.0897003e7,-291749.0
Paris,18,96,900000,3,mean_intersection,881fb4672dfffff,1.1111982e7,1.0822887e7,-289095.0
Paris,18,96,900000,3,mean_intersection,881fb46731fffff,1.1181857e7,1.0785457e7,-396400.0
Paris,18,96,900000,3,mean_intersection,881fb46733fffff,1.11801e7,1.0890885e7,-289215.0
Paris,18,96,900000,3,mean_intersection,881fb46735fffff,1.1213582e7,1.1003891e7,-209691.0
Paris,18,96,900000,3,mean_intersection,881fb46737fffff,1.1186368e7,1.0823157e7,-363211.0
Paris,18,96,900000,3,mean_intersection,881fb46739fffff,1.1330993e7,1.0846878e7,-484115.0
Paris,18,96,900000,3,mean_intersection,881fb4673bfffff,1.1187064e7,1.0879286e7,-307778.0
Paris,18,96,900000,3,mean_intersection,881fb4673dfffff,1.1316391e7,1.0940243e7,-376148.0
Paris,18,96,900000,3,mean_intersection,881fb46741fffff,1.1226804e7,1.0851846e7,-374958.0
Paris,18,96,900000,3,mean_intersection,881fb46743fffff,1.1253537e7,1.0918276e7,-335261.0
Paris,18,96,900000,3,mean_intersection,881fb46745fffff,1.1225886e7,1.0905026e7,-320860.0
Paris,18,96,900000,3,mean_intersection,881fb46747fffff,1.1325018e7,1.086567e7,-459348.0
Paris,18,96,900000,3,mean_intersection,881fb46749fffff,1.1231374e7,1.0952486e7,-278888.0
Paris,18,96,900000,3,mean_intersection,881fb4674bfffff,1.1282266e7,1.0833171e7,-449095.0
Paris,18,96,900000,3,mean_intersection,881fb4674dfffff,1.1243264e7,1.0890935e7,-352329.0
Paris,18,96,900000,3,mean_intersection,881fb46751fffff,1.1348165e7,1.0892987e7,-455178.0
Paris,18,96,900000,3,mean_intersection,881fb46753fffff,1.1350002e7,1.0936597e7,-413405.0
Paris,18,96,900000,3,mean_intersection,881fb46755fffff,1.1296656e7,1.0776313e7,-520343.0
Paris,18,96,900000,3,mean_intersection,881fb46757fffff,1.1353247e7,1.0829302e7,-523945.0
Paris,18,96,900000,3,mean_intersection,881fb46759fffff,1.1346764e7,1.0924317e7,-422447.0
Paris,18,96,900000,3,mean_intersection,881fb4675bfffff,1.1371333e7,1.0838372e7,-532961.0
Paris,18,96,900000,3,mean_intersection,881fb4675dfffff,1.1348412e7,1.0873162e7,-475250.0
Paris,18,96,900000,3,mean_intersection,881fb46761fffff,1.1227415e7,1.0707688e7,-519727.0
Paris,18,96,900000,3,mean_intersection,881fb46763fffff,1.1278124e7,1.0847088e7,-431036.0
Paris,18,96,900000,3,mean_intersection,881fb46765fffff,1.1230857e7,1.0847674e7,-383183.0
Paris,18,96,900000,3,mean_intersection,881fb46767fffff,1.1274685e7,1.0759434e7,-515251.0
Paris,18,96,900000,3,mean_intersection,881fb46769fffff,1.1293842e7,1.0779231e7,-514611.0
Paris,18,96,900000,3,mean_intersection,881fb4676bfffff,1.1314675e7,1.0756948e7,-557727.0
Paris,18,96,900000,3,mean_intersection,881fb4676dfffff,1.1194911e7,1.0779317e7,-415594.0
Paris,18,96,900000,3,mean_intersection,881fb46e01fffff,1.0400497e7,1.0321057e7,-79440.0
Paris,18,96,900000,3,mean_intersection,881fb46e03fffff,1.0718366e7,1.0494018e7,-224348.0
Paris,18,96,900000,3,mean_intersection,881fb46e05fffff,1.0371986e7,1.0319792e7,-52194.0
Paris,18,96,900000,3,mean_intersection,881fb46e07fffff,1.0621818e7,1.0521261e7,-100557.0
Paris,18,96,900000,3,mean_intersection,881fb46e09fffff,1.0555804e7,1.0395632e7,-160172.0
Paris,18,96,900000,3,mean_intersection,881fb46e0bfffff,1.0586223e7,1.0350027e7,-236196.0
Paris,18,96,900000,3,mean_intersection,881fb46e0dfffff,1.037778e7,1.033663e7,-41150.0
Paris,18,96,900000,3,mean_intersection,881fb46e11fffff,1.056946e7,1.0507681e7,-61779.0
Paris,18,96,900000,3,mean_intersection,881fb46e13fffff,1.0548573e7,1.047948e7,-69093.0
Paris,18,96,900000,3,mean_intersection,881fb46e15fffff,1.0473512e7,1.0290268e7,-183244.0
Paris,18,96,900000,3,mean_intersection,881fb46e17fffff,1.0406421e7,1.0379744e7,-26677.0
Paris,18,96,900000,3,mean_intersection,881fb46e19fffff,1.0681816e7,1.0538693e7,-143123.0
Paris,18,96,900000,3,mean_intersection,881fb46e1bfffff,1.0737148e7,1.0793327e7,56179.0
Paris,18,96,900000,3,mean_intersection,881fb46e1dfffff,1.0818073e7,1.0503788e7,-314285.0
Paris,18,96,900000,3,mean_intersection,881fb46e39fffff,1.0391692e7,1.0324817e7,-66875.0
Paris,18,96,900000,3,mean_intersection,881fb46e3bfffff,1.0239168e7,1.02229e7,-16268.0
Paris,18,96,900000,3,mean_intersection,881fb46e41fffff,1.0804806e7,1.054623e7,-258576.0
Paris,18,96,900000,3,mean_intersection,881fb46e43fffff,1.0793094e7,1.0537818e7,-255276.0
Paris,18,96,900000,3,mean_intersection,881fb46e45fffff,1.0446019e7,1.0382349e7,-63670.0
Paris,18,96,900000,3,mean_intersection,881fb46e47fffff,1.0741912e7,1.0461504e7,-280408.0
Paris,18,96,900000,3,mean_intersection,881fb46e49fffff,1.0604804e7,1.063898e7,34176.0
Paris,18,96,900000,3,mean_intersection,881fb46e4bfffff,1.0744119e7,1.070649e7,-37629.0
Paris,18,96,900000,3,mean_intersection,881fb46e4dfffff,1.0765575e7,1.063926e7,-126315.0
Paris,18,96,900000,3,mean_intersection,881fb46e51fffff,1.0993969e7,1.0725311e7,-268658.0
Paris,18,96,900000,3,mean_intersection,881fb46e53fffff,1.0948225e7,1.0651312e7,-296913.0
Paris,18,96,900000,3,mean_intersection,881fb46e55fffff,1.0730045e7,1.0475182e7,-254863.0
Paris,18,96,900000,3,mean_intersection,881fb46e57fffff,1.0845048e7,1.0504706e7,-340342.0
Paris,18,96,900000,3,mean_intersection,881fb46e59fffff,1.0708923e7,1.0611774e7,-97149.0
Paris,18,96,900000,3,mean_intersection,881fb46e5bfffff,1.0983232e7,1.0803267e7,-179965.0
Paris,18,96,900000,3,mean_intersection,881fb46e5dfffff,1.0659231e7,1.039483e7,-264401.0
Paris,18,96,900000,3,mean_intersection,881fb46e61fffff,1.0465584e7,1.0401371e7,-64213.0
Paris,18,96,900000,3,mean_intersection,881fb46e63fffff,1.052419e7,1.0498875e7,-25315.0
Paris,18,96,900000,3,mean_intersection,881fb46e69fffff,1.0321357e7,1.0381283e7,59926.0
Paris,18,96,900000,3,mean_intersection,881fb46e6bfffff,1.052775e7,1.0469985e7,-57765.0
Paris,18,96,900000,3,mean_intersection,881fb46e6dfffff,1.0195741e7,1.0195485e7,-256.0
Paris,18,96,900000,3,mean_intersection,881fb46e81fffff,1.0965525e7,1.0716969e7,-248556.0
Paris,18,96,900000,3,mean_intersection,881fb46e83fffff,1.0610632e7,1.0394338e7,-216294.0
Paris,18,96,900000,3,mean_intersection,881fb46e85fffff,1.0751386e7,1.0490624e7,-260762.0
Paris,18,96,900000,3,mean_intersection,881fb46e87fffff,1.0682146e7,1.0374621e7,-307525.0
Paris,18,96,900000,3,mean_intersection,881fb46e89fffff,1.09287e7,1.0680023e7,-248677.0
Paris,18,96,900000,3,mean_intersection,881fb46e8bfffff,1.0623303e7,1.0418904e7,-204399.0
Paris,18,96,900000,3,mean_intersection,881fb46e8dfffff,1.0872834e7,1.0681101e7,-191733.0
Paris,18,96,900000,3,mean_intersection,881fb46e91fffff,1.0254795e7,1.020971e7,-45085.0
Paris,18,96,900000,3,mean_intersection,881fb46e93fffff,1.0104445e7,1.0197749e7,93304.0
Paris,18,96,900000,3,mean_intersection,881fb46e95fffff,1.05381e7,1.0302453e7,-235647.0
Paris,18,96,900000,3,mean_intersection,881fb46e97fffff,1.007143e7,1.0126066e7,54636.0
Paris,18,96,900000,3,mean_intersection,881fb46e99fffff,1.0445744e7,1.0346327e7,-99417.0
Paris,18,96,900000,3,mean_intersection,881fb46e9bfffff,1.0516182e7,1.0470609e7,-45573.0
Paris,18,96,900000,3,mean_intersection,881fb46e9dfffff,1.0591285e7,1.0375465e7,-215820.0
Paris,18,96,900000,3,mean_intersection,881fb46eb9fffff,1.0547517e7,1.0306695e7,-240822.0
Paris,18,96,900000,3,mean_intersection,881fb46ebbfffff,1.0111747e7,1.0211766e7,100019.0
Paris,18,96,900000,3,mean_intersection,881fb46ec1fffff,1.0686964e7,1.0526107e7,-160857.0
Paris,18,96,900000,3,mean_intersection,881fb46ec3fffff,1.0931126e7,1.0612769e7,-318357.0
Paris,18,96,900000,3,mean_intersection,881fb46ec5fffff,1.0583795e7,1.0527064e7,-56731.0
Paris,18,96,900000,3,mean_intersection,881fb46ec7fffff,1.0626728e7,1.0386703e7,-240025.0
Paris,18,96,900000,3,mean_intersection,881fb46ec9fffff,1.0866279e7,1.0753281e7,-112998.0
Paris,18,96,900000,3,mean_intersection,881fb46ecbfffff,1.077381e7,1.0445508e7,-328302.0
Paris,18,96,900000,3,mean_intersection,881fb46ecdfffff,1.0716362e7,1.0685308e7,-31054.0
Paris,18,96,900000,3,mean_intersection,881fb46ed1fffff,1.0831483e7,1.0463943e7,-367540.0
Paris,18,96,900000,3,mean_intersection,881fb46ed3fffff,1.0855284e7,1.058062e7,-274664.0
Paris,18,96,900000,3,mean_intersection,881fb46ed5fffff,1.0803835e7,1.0584209e7,-219626.0
Paris,18,96,900000,3,mean_intersection,881fb46ed7fffff,1.0684533e7,1.0432827e7,-251706.0
Paris,18,96,900000,3,mean_intersection,881fb46ed9fffff,1.0957254e7,1.0728508e7,-228746.0
Paris,18,96,900000,3,mean_intersection,881fb46edbfffff,1.0927919e7,1.0726823e7,-201096.0
Paris,18,96,900000,3,mean_intersection,881fb46eddfffff,1.096526e7,1.0735921e7,-229339.0
Paris,18,96,900000,3,mean_intersection,881fb46ee1fffff,1.0228879e7,1.0255447e7,26568.0
Paris,18,96,900000,3,mean_intersection,881fb46ee3fffff,1.0652549e7,1.0430155e7,-222394.0
Paris,18,96,900000,3,mean_intersection,881fb46ee9fffff,1.0305394e7,1.0382285e7,76891.0
Paris,18,96,900000,3,mean_intersection,881fb46eebfffff,1.0552271e7,1.0378437e7,-173834.0
Paris,18,96,900000,3,mean_intersection,881fb46eedfffff,1.0116382e7,1.0162697e7,46315.0
Paris,18,96,900000,3,mean_intersection,881fb470b3fffff,9.175375e6,1.0284675e7,1.1093e6
Paris,18,96,900000,3,mean_intersection,881fb470b7fffff,9.324189e6,1.0213205e7,889016.0
Paris,18,96,900000,3,mean_intersection,881fb47401fffff,1.0170528e7,1.0578729e7,408201.0
Paris,18,96,900000,3,mean_intersection,881fb47403fffff,9.984421e6,1.0422196e7,437775.0
Paris,18,96,900000,3,mean_intersection,881fb47405fffff,1.0434838e7,1.0610072e7,175234.0
Paris,18,96,900000,3,mean_intersection,881fb47407fffff,1.0428396e7,1.0424407e7,-3989.0
Paris,18,96,900000,3,mean_intersection,881fb47409fffff,1.0008689e7,1.0361281e7,352592.0
Paris,18,96,900000,3,mean_intersection,881fb4740bfffff,1.0018831e7,1.0332538e7,313707.0
Paris,18,96,900000,3,mean_intersection,881fb4740dfffff,1.0433839e7,1.0649329e7,215490.0
Paris,18,96,900000,3,mean_intersection,881fb47411fffff,1.0084368e7,1.0411628e7,327260.0
Paris,18,96,900000,3,mean_intersection,881fb47413fffff,1.0011502e7,1.0433306e7,421804.0
Paris,18,96,900000,3,mean_intersection,881fb47415fffff,1.0081919e7,1.0359093e7,277174.0
Paris,18,96,900000,3,mean_intersection,881fb47417fffff,1.0337894e7,1.0453045e7,115151.0
Paris,18,96,900000,3,mean_intersection,881fb47419fffff,1.0546735e7,1.0544406e7,-2329.0
Paris,18,96,900000,3,mean_intersection,881fb4741bfffff,1.0523927e7,1.0598925e7,74998.0
Paris,18,96,900000,3,mean_intersection,881fb4741dfffff,1.0134637e7,1.0485906e7,351269.0
Paris,18,96,900000,3,mean_intersection,881fb47421fffff,1.0397542e7,1.0552672e7,155130.0
Paris,18,96,900000,3,mean_intersection,881fb47423fffff,1.0876858e7,1.0666101e7,-210757.0
Paris,18,96,900000,3,mean_intersection,881fb47425fffff,1.0665869e7,1.0705473e7,39604.0
Paris,18,96,900000,3,mean_intersection,881fb47427fffff,1.0708809e7,1.070887e7,61.0
Paris,18,96,900000,3,mean_intersection,881fb47429fffff,1.031297e7,1.0472495e7,159525.0
Paris,18,96,900000,3,mean_intersection,881fb4742bfffff,1.0741069e7,1.0563136e7,-177933.0
Paris,18,96,900000,3,mean_intersection,881fb4742dfffff,1.046315e7,1.0462922e7,-228.0
Paris,18,96,900000,3,mean_intersection,881fb47431fffff,1.0991307e7,1.0689643e7,-301664.0
Paris,18,96,900000,3,mean_intersection,881fb47433fffff,1.0901243e7,1.067809e7,-223153.0
Paris,18,96,900000,3,mean_intersection,881fb47435fffff,1.0993545e7,1.0697863e7,-295682.0
Paris,18,96,900000,3,mean_intersection,881fb47437fffff,1.1000553e7,1.0705118e7,-295435.0
Paris,18,96,900000,3,mean_intersection,881fb47439fffff,1.0599927e7,1.0464647e7,-135280.0
Paris,18,96,900000,3,mean_intersection,881fb4743bfffff,1.0506524e7,1.0527953e7,21429.0
Paris,18,96,900000,3,mean_intersection,881fb4743dfffff,1.0634944e7,1.0602908e7,-32036.0
Paris,18,96,900000,3,mean_intersection,881fb47441fffff,9.560619e6,1.0288451e7,727832.0
Paris,18,96,900000,3,mean_intersection,881fb47443fffff,9.789633e6,1.0315865e7,526232.0
Paris,18,96,900000,3,mean_intersection,881fb47445fffff,9.660679e6,1.0424295e7,763616.0
Paris,18,96,900000,3,mean_intersection,881fb47447fffff,9.866283e6,1.0357919e7,491636.0
Paris,18,96,900000,3,mean_intersection,881fb4744bfffff,9.344105e6,1.0243496e7,899391.0
Paris,18,96,900000,3,mean_intersection,881fb47451fffff,9.8229e6,1.0298522e7,475622.0
Paris,18,96,900000,3,mean_intersection,881fb47453fffff,1.0041536e7,1.0388287e7,346751.0
Paris,18,96,900000,3,mean_intersection,881fb47455fffff,9.829284e6,1.034622e7,516936.0
Paris,18,96,900000,3,mean_intersection,881fb47457fffff,1.004786e7,1.0426288e7,378428.0
Paris,18,96,900000,3,mean_intersection,881fb47459fffff,9.497682e6,1.0264636e7,766954.0
Paris,18,96,900000,3,mean_intersection,881fb4745bfffff,9.439365e6,1.0286391e7,847026.0
Paris,18,96,900000,3,mean_intersection,881fb4745dfffff,9.636466e6,1.0371102e7,734636.0
Paris,18,96,900000,3,mean_intersection,881fb47461fffff,1.0391427e7,1.0660564e7,269137.0
Paris,18,96,900000,3,mean_intersection,881fb47463fffff,1.0450418e7,1.0615482e7,165064.0
Paris,18,96,900000,3,mean_intersection,881fb47465fffff,1.0209203e7,1.0545035e7,335832.0
Paris,18,96,900000,3,mean_intersection,881fb47467fffff,1.0165013e7,1.068961e7,524597.0
Paris,18,96,900000,3,mean_intersection,881fb47469fffff,9.95452e6,1.0592219e7,637699.0
Paris,18,96,900000,3,mean_intersection,881fb4746bfffff,1.0076758e7,1.0527153e7,450395.0
Paris,18,96,900000,3,mean_intersection,881fb4746dfffff,1.036757e7,1.0665933e7,298363.0
Paris,18,96,900000,3,mean_intersection,881fb47481fffff,1.1137145e7,1.064868e7,-488465.0
Paris,18,96,900000,3,mean_intersection,881fb47483fffff,1.1144487e7,1.0675651e7,-468836.0
Paris,18,96,900000,3,mean_intersection,881fb47485fffff,1.0974328e7,1.0551182e7,-423146.0
Paris,18,96,900000,3,mean_intersection,881fb47487fffff,1.1173842e7,1.0587189e7,-586653.0
Paris,18,96,900000,3,mean_intersection,881fb47489fffff,1.0911611e7,1.0511699e7,-399912.0
Paris,18,96,900000,3,mean_intersection,881fb4748bfffff,1.1140198e7,1.0600569e7,-539629.0
Paris,18,96,900000,3,mean_intersection,881fb4748dfffff,1.0905834e7,1.0566896e7,-338938.0
Paris,18,96,900000,3,mean_intersection,881fb47491fffff,1.0982562e7,1.0540668e7,-441894.0
Paris,18,96,900000,3,mean_intersection,881fb47493fffff,1.1119032e7,1.0524324e7,-594708.0
Paris,18,96,900000,3,mean_intersection,881fb47495fffff,1.1126359e7,1.0563785e7,-562574.0
Paris,18,96,900000,3,mean_intersection,881fb47497fffff,1.1059054e7,1.0575319e7,-483735.0
Paris,18,96,900000,3,mean_intersection,881fb47499fffff,1.0935733e7,1.0426658e7,-509075.0
Paris,18,96,900000,3,mean_intersection,881fb4749bfffff,1.1047004e7,1.0541853e7,-505151.0
Paris,18,96,900000,3,mean_intersection,881fb4749dfffff,1.1136921e7,1.0582847e7,-554074.0
Paris,18,96,900000,3,mean_intersection,881fb474a1fffff,1.1209415e7,1.0819331e7,-390084.0
Paris,18,96,900000,3,mean_intersection,881fb474a3fffff,1.1131621e7,1.0764455e7,-367166.0
Paris,18,96,900000,3,mean_intersection,881fb474a5fffff,1.1134223e7,1.0817512e7,-316711.0
Paris,18,96,900000,3,mean_intersection,881fb474a7fffff,1.120545e7,1.0805738e7,-399712.0
Paris,18,96,900000,3,mean_intersection,881fb474a9fffff,1.0981554e7,1.0619197e7,-362357.0
Paris,18,96,900000,3,mean_intersection,881fb474abfffff,1.1205217e7,1.0721489e7,-483728.0
Paris,18,96,900000,3,mean_intersection,881fb474adfffff,1.0917873e7,1.0675774e7,-242099.0
Paris,18,96,900000,3,mean_intersection,881fb474b1fffff,1.1182507e7,1.0639372e7,-543135.0
Paris,18,96,900000,3,mean_intersection,881fb474b3fffff,1.1230805e7,1.0730577e7,-500228.0
Paris,18,96,900000,3,mean_intersection,881fb474b5fffff,1.114769e7,1.0684066e7,-463624.0
Paris,18,96,900000,3,mean_intersection,881fb474b7fffff,1.1215616e7,1.0820235e7,-395381.0
Paris,18,96,900000,3,mean_intersection,881fb474b9fffff,1.1200116e7,1.0652752e7,-547364.0
Paris,18,96,900000,3,mean_intersection,881fb474bbfffff,1.1113867e7,1.0667133e7,-446734.0
Paris,18,96,900000,3,mean_intersection,881fb474bdfffff,1.1138881e7,1.0675787e7,-463094.0
Paris,18,96,900000,3,mean_intersection,881fb474c1fffff,1.0500787e7,1.0570528e7,69741.0
Paris,18,96,900000,3,mean_intersection,881fb474c3fffff,1.0832945e7,1.05947e7,-238245.0
Paris,18,96,900000,3,mean_intersection,881fb474c5fffff,1.0408855e7,1.0492211e7,83356.0
Paris,18,96,900000,3,mean_intersection,881fb474c7fffff,1.0652556e7,1.0406033e7,-246523.0
Paris,18,96,900000,3,mean_intersection,881fb474c9fffff,1.0550504e7,1.0566278e7,15774.0
Paris,18,96,900000,3,mean_intersection,881fb474cbfffff,1.0611271e7,1.0412719e7,-198552.0
Paris,18,96,900000,3,mean_intersection,881fb474cdfffff,1.0433287e7,1.0552087e7,118800.0
Paris,18,96,900000,3,mean_intersection,881fb474d1fffff,1.0966486e7,1.0634646e7,-331840.0
Paris,18,96,900000,3,mean_intersection,881fb474d3fffff,1.0810303e7,1.047169e7,-338613.0
Paris,18,96,900000,3,mean_intersection,881fb474d5fffff,1.089256e7,1.0589994e7,-302566.0
Paris,18,96,900000,3,mean_intersection,881fb474d7fffff,1.1089568e7,1.0600661e7,-488907.0
Paris,18,96,900000,3,mean_intersection,881fb474d9fffff,1.0597271e7,1.0458047e7,-139224.0
Paris,18,96,900000,3,mean_intersection,881fb474dbfffff,1.0895916e7,1.0611619e7,-284297.0
Paris,18,96,900000,3,mean_intersection,881fb474ddfffff,1.0588923e7,1.04914e7,-97523.0
Paris,18,96,900000,3,mean_intersection,881fb474e1fffff,1.0637712e7,1.0612771e7,-24941.0
Paris,18,96,900000,3,mean_intersection,881fb474e3fffff,1.0849727e7,1.0484948e7,-364779.0
Paris,18,96,900000,3,mean_intersection,881fb474e5fffff,1.0623982e7,1.0408754e7,-215228.0
Paris,18,96,900000,3,mean_intersection,881fb474e7fffff,1.0882063e7,1.0581951e7,-300112.0
Paris,18,96,900000,3,mean_intersection,881fb474e9fffff,1.0411553e7,1.040622e7,-5333.0
Paris,18,96,900000,3,mean_intersection,881fb474ebfffff,1.0809206e7,1.0603998e7,-205208.0
Paris,18,96,900000,3,mean_intersection,881fb474edfffff,1.0873036e7,1.0620449e7,-252587.0
Paris,18,96,900000,3,mean_intersection,881fb47501fffff,1.0286594e7,1.0484838e7,198244.0
Paris,18,96,900000,3,mean_intersection,881fb47503fffff,1.0594479e7,1.0484839e7,-109640.0
Paris,18,96,900000,3,mean_intersection,881fb47505fffff,1.0305064e7,1.056963e7,264566.0
Paris,18,96,900000,3,mean_intersection,881fb47507fffff,1.0506786e7,1.0649876e7,143090.0
Paris,18,96,900000,3,mean_intersection,881fb47509fffff,1.0309659e7,1.0425047e7,115388.0
Paris,18,96,900000,3,mean_intersection,881fb4750bfffff,1.0582166e7,1.0474055e7,-108111.0
Paris,18,96,900000,3,mean_intersection,881fb4750dfffff,1.0082247e7,1.0329452e7,247205.0
Paris,18,96,900000,3,mean_intersection,881fb47511fffff,1.0721811e7,1.0634754e7,-87057.0
Paris,18,96,900000,3,mean_intersection,881fb47513fffff,1.0837931e7,1.0881499e7,43568.0
Paris,18,96,900000,3,mean_intersection,881fb47515fffff,1.0879938e7,1.0632549e7,-247389.0
Paris,18,96,900000,3,mean_intersection,881fb47517fffff,1.0733706e7,1.0644495e7,-89211.0
Paris,18,96,900000,3,mean_intersection,881fb47519fffff,1.0555711e7,1.07047e7,148989.0
Paris,18,96,900000,3,mean_intersection,881fb4751bfffff,1.06459e7,1.0685749e7,39849.0
Paris,18,96,900000,3,mean_intersection,881fb4751dfffff,1.0876765e7,1.0596519e7,-280246.0
Paris,18,96,900000,3,mean_intersection,881fb47521fffff,1.0454312e7,1.0751181e7,296869.0
Paris,18,96,900000,3,mean_intersection,881fb47523fffff,1.0509715e7,1.070104e7,191325.0
Paris,18,96,900000,3,mean_intersection,881fb47525fffff,1.0430268e7,1.0622552e7,192284.0
Paris,18,96,900000,3,mean_intersection,881fb47527fffff,1.0144738e7,1.0650401e7,505663.0
Paris,18,96,900000,3,mean_intersection,881fb47529fffff,1.0286292e7,1.0520037e7,233745.0
Paris,18,96,900000,3,mean_intersection,881fb4752bfffff,1.0414818e7,1.0670214e7,255396.0
Paris,18,96,900000,3,mean_intersection,881fb4752dfffff,1.0136568e7,1.0508978e7,372410.0
Paris,18,96,900000,3,mean_intersection,881fb47531fffff,1.0747575e7,1.0667256e7,-80319.0
Paris,18,96,900000,3,mean_intersection,881fb47533fffff,1.1054236e7,1.08115e7,-242736.0
Paris,18,96,900000,3,mean_intersection,881fb47535fffff,1.0617179e7,1.0643153e7,25974.0
Paris,18,96,900000,3,mean_intersection,881fb47537fffff,1.0766166e7,1.0665775e7,-100391.0
Paris,18,96,900000,3,mean_intersection,881fb47539fffff,1.0729189e7,1.0576218e7,-152971.0
Paris,18,96,900000,3,mean_intersection,881fb4753bfffff,1.0939508e7,1.0651505e7,-288003.0
Paris,18,96,900000,3,mean_intersection,881fb4753dfffff,1.0560479e7,1.0705629e7,145150.0
Paris,18,96,900000,3,mean_intersection,881fb47541fffff,1.0070141e7,1.0187486e7,117345.0
Paris,18,96,900000,3,mean_intersection,881fb47543fffff,1.0474243e7,1.0426419e7,-47824.0
Paris,18,96,900000,3,mean_intersection,881fb47545fffff,1.0072105e7,1.0210347e7,138242.0
Paris,18,96,900000,3,mean_intersection,881fb47547fffff,1.0158906e7,1.019759e7,38684.0
Paris,18,96,900000,3,mean_intersection,881fb4754bfffff,1.0273917e7,1.0349377e7,75460.0
Paris,18,96,900000,3,mean_intersection,881fb47551fffff,1.0450609e7,1.0587272e7,136663.0
Paris,18,96,900000,3,mean_intersection,881fb47553fffff,1.050516e7,1.0691614e7,186454.0
Paris,18,96,900000,3,mean_intersection,881fb47555fffff,1.0638059e7,1.0573062e7,-64997.0
Paris,18,96,900000,3,mean_intersection,881fb47557fffff,1.0732971e7,1.0670474e7,-62497.0
Paris,18,96,900000,3,mean_intersection,881fb47559fffff,1.0331537e7,1.0424174e7,92637.0
Paris,18,96,900000,3,mean_intersection,881fb4755bfffff,1.0341375e7,1.0485904e7,144529.0
Paris,18,96,900000,3,mean_intersection,881fb4755dfffff,1.0590975e7,1.0625848e7,34873.0
Paris,18,96,900000,3,mean_intersection,881fb47561fffff,9.625906e6,1.0217369e7,591463.0
Paris,18,96,900000,3,mean_intersection,881fb47563fffff,9.994438e6,1.0359866e7,365428.0
Paris,18,96,900000,3,mean_intersection,881fb47565fffff,9.528696e6,1.031549e7,786794.0
Paris,18,96,900000,3,mean_intersection,881fb47567fffff,9.891782e6,1.0370986e7,479204.0
Paris,18,96,900000,3,mean_intersection,881fb47569fffff,9.530454e6,9.975578e6,445124.0
Paris,18,96,900000,3,mean_intersection,881fb4756bfffff,9.949341e6,1.0257357e7,308016.0
Paris,18,96,900000,3,mean_intersection,881fb4756dfffff,9.326131e6,1.0229741e7,903610.0
Paris,18,96,900000,3,mean_intersection,881fb47581fffff,1.1116664e7,1.0801439e7,-315225.0
Paris,18,96,900000,3,mean_intersection,881fb47583fffff,1.1139002e7,1.0788637e7,-350365.0
Paris,18,96,900000,3,mean_intersection,881fb47585fffff,1.1180291e7,1.0968246e7,-212045.0
Paris,18,96,900000,3,mean_intersection,881fb47587fffff,1.1207174e7,1.0895579e7,-311595.0
Paris,18,96,900000,3,mean_intersection,881fb47589fffff,1.1035677e7,1.0783364e7,-252313.0
Paris,18,96,900000,3,mean_intersection,881fb4758bfffff,1.1111309e7,1.0683192e7,-428117.0
Paris,18,96,900000,3,mean_intersection,881fb4758dfffff,1.1158038e7,1.0952178e7,-205860.0
Paris,18,96,900000,3,mean_intersection,881fb47591fffff,1.1190352e7,1.0889464e7,-300888.0
Paris,18,96,900000,3,mean_intersection,881fb47593fffff,1.1227685e7,1.082658e7,-401105.0
Paris,18,96,900000,3,mean_intersection,881fb47595fffff,1.1297164e7,1.0907446e7,-389718.0
Paris,18,96,900000,3,mean_intersection,881fb47597fffff,1.1298587e7,1.101454e7,-284047.0
Paris,18,96,900000,3,mean_intersection,881fb47599fffff,1.1175234e7,1.0859742e7,-315492.0
Paris,18,96,900000,3,mean_intersection,881fb4759bfffff,1.1250656e7,1.0841371e7,-409285.0
Paris,18,96,900000,3,mean_intersection,881fb4759dfffff,1.1246541e7,1.0966073e7,-280468.0
Paris,18,96,900000,3,mean_intersection,881fb475a1fffff,1.1238426e7,1.0888242e7,-350184.0
Paris,18,96,900000,3,mean_intersection,881fb475a3fffff,1.125693e7,1.1001703e7,-255227.0
Paris,18,96,900000,3,mean_intersection,881fb475a5fffff,1.1182839e7,1.0873652e7,-309187.0
Paris,18,96,900000,3,mean_intersection,881fb475a7fffff,1.1143938e7,1.092273e7,-221208.0
Paris,18,96,900000,3,mean_intersection,881fb475a9fffff,1.1052614e7,1.0830981e7,-221633.0
Paris,18,96,900000,3,mean_intersection,881fb475abfffff,1.1205005e7,1.0925879e7,-279126.0
Paris,18,96,900000,3,mean_intersection,881fb475adfffff,1.120217e7,1.0950607e7,-251563.0
Paris,18,96,900000,3,mean_intersection,881fb475b1fffff,1.1340893e7,1.0932564e7,-408329.0
Paris,18,96,900000,3,mean_intersection,881fb475b3fffff,1.133806e7,1.0924444e7,-413616.0
Paris,18,96,900000,3,mean_intersection,881fb475b5fffff,1.1282956e7,1.0938201e7,-344755.0
Paris,18,96,900000,3,mean_intersection,881fb475b7fffff,1.1345532e7,1.0934615e7,-410917.0
Paris,18,96,900000,3,mean_intersection,881fb475b9fffff,1.1227631e7,1.0862977e7,-364654.0
Paris,18,96,900000,3,mean_intersection,881fb475bbfffff,1.131021e7,1.089702e7,-413190.0
Paris,18,96,900000,3,mean_intersection,881fb475bdfffff,1.1225555e7,1.0837812e7,-387743.0
Paris,18,96,900000,3,mean_intersection,881fb475c1fffff,1.1009104e7,1.080765e7,-201454.0
Paris,18,96,900000,3,mean_intersection,881fb475c3fffff,1.1034167e7,1.0699268e7,-334899.0
Paris,18,96,900000,3,mean_intersection,881fb475c5fffff,1.0968164e7,1.0877858e7,-90306.0
Paris,18,96,900000,3,mean_intersection,881fb475c7fffff,1.0971157e7,1.0881461e7,-89696.0
Paris,18,96,900000,3,mean_intersection,881fb475c9fffff,1.0835128e7,1.0746683e7,-88445.0
Paris,18,96,900000,3,mean_intersection,881fb475cbfffff,1.098943e7,1.0706994e7,-282436.0
Paris,18,96,900000,3,mean_intersection,881fb475cdfffff,1.0690509e7,1.0596334e7,-94175.0
Paris,18,96,900000,3,mean_intersection,881fb475d1fffff,1.1005946e7,1.0620312e7,-385634.0
Paris,18,96,900000,3,mean_intersection,881fb475d3fffff,1.1023432e7,1.0664921e7,-358511.0
Paris,18,96,900000,3,mean_intersection,881fb475d5fffff,1.1099266e7,1.0892202e7,-207064.0
Paris,18,96,900000,3,mean_intersection,881fb475d7fffff,1.1116319e7,1.0963458e7,-152861.0
Paris,18,96,900000,3,mean_intersection,881fb475d9fffff,1.0856291e7,1.0615882e7,-240409.0
Paris,18,96,900000,3,mean_intersection,881fb475dbfffff,1.0851364e7,1.0567337e7,-284027.0
Paris,18,96,900000,3,mean_intersection,881fb475ddfffff,1.1045374e7,1.0762919e7,-282455.0
Paris,18,96,900000,3,mean_intersection,881fb475e1fffff,1.0999682e7,1.0833816e7,-165866.0
Paris,18,96,900000,3,mean_intersection,881fb475e3fffff,1.1027732e7,1.086007e7,-167662.0
Paris,18,96,900000,3,mean_intersection,881fb475e5fffff,1.1053915e7,1.0826497e7,-227418.0
Paris,18,96,900000,3,mean_intersection,881fb475e7fffff,1.1120268e7,1.0889316e7,-230952.0
Paris,18,96,900000,3,mean_intersection,881fb475e9fffff,1.0864768e7,1.0909477e7,44709.0
Paris,18,96,900000,3,mean_intersection,881fb475ebfffff,1.0884211e7,1.0702189e7,-182022.0
Paris,18,96,900000,3,mean_intersection,881fb475edfffff,1.0934176e7,1.0774926e7,-159250.0
Paris,18,96,900000,3,mean_intersection,881fb47633fffff,9.185253e6,1.0205077e7,1.019824e6
Paris,18,96,900000,3,mean_intersection,881fb47637fffff,9.300326e6,1.0240814e7,940488.0
Paris,18,96,900000,3,mean_intersection,881fb47681fffff,8.897113e6,9.933071e6,1.035958e6
Paris,18,96,900000,3,mean_intersection,881fb47683fffff,9.10849e6,1.0021793e7,913303.0
Paris,18,96,900000,3,mean_intersection,881fb47685fffff,9.308103e6,1.0125084e7,816981.0
Paris,18,96,900000,3,mean_intersection,881fb47687fffff,9.368143e6,1.009082e7,722677.0
Paris,18,96,900000,3,mean_intersection,881fb4768dfffff,8.577004e6,9.981035e6,1.404031e6
Paris,18,96,900000,3,mean_intersection,881fb47695fffff,9.294608e6,9.989324e6,694716.0
Paris,18,96,900000,3,mean_intersection,881fb47697fffff,1.0038028e7,1.0020079e7,-17949.0
Paris,18,96,900000,3,mean_intersection,881fb476a1fffff,1.0000016e7,1.0411806e7,411790.0
Paris,18,96,900000,3,mean_intersection,881fb476a3fffff,1.0182715e7,1.036407e7,181355.0
Paris,18,96,900000,3,mean_intersection,881fb476a5fffff,1.0174918e7,1.0499969e7,325051.0
Paris,18,96,900000,3,mean_intersection,881fb476a7fffff,1.0122319e7,1.0500551e7,378232.0
Paris,18,96,900000,3,mean_intersection,881fb476a9fffff,9.749292e6,1.0280368e7,531076.0
Paris,18,96,900000,3,mean_intersection,881fb476abfffff,9.612085e6,1.0323841e7,711756.0
Paris,18,96,900000,3,mean_intersection,881fb476adfffff,9.934689e6,1.0337076e7,402387.0
Paris,18,96,900000,3,mean_intersection,881fb476b1fffff,9.871525e6,1.0276104e7,404579.0
Paris,18,96,900000,3,mean_intersection,881fb476b3fffff,1.0601604e7,1.0411076e7,-190528.0
Paris,18,96,900000,3,mean_intersection,881fb476b5fffff,1.0241704e7,1.034127e7,99566.0
Paris,18,96,900000,3,mean_intersection,881fb476b7fffff,1.0363361e7,1.046192e7,98559.0
Paris,18,96,900000,3,mean_intersection,881fb476b9fffff,9.547478e6,1.0218062e7,670584.0
Paris,18,96,900000,3,mean_intersection,881fb476bbfffff,9.887568e6,1.0242959e7,355391.0
Paris,18,96,900000,3,mean_intersection,881fb476bdfffff,9.824955e6,1.0282202e7,457247.0
Paris,18,96,900000,3,mean_intersection,881fb476e1fffff,8.739216e6,1.0164056e7,1.42484e6
Paris,18,96,900000,3,mean_intersection,881fb476e3fffff,9.093091e6,1.017892e7,1.085829e6
Paris,18,96,900000,3,mean_intersection,881fb476e5fffff,9.375939e6,1.0209728e7,833789.0
Paris,18,96,900000,3,mean_intersection,881fb476e7fffff,9.497393e6,1.0279869e7,782476.0
Paris,18,96,900000,3,mean_intersection,881fb476e9fffff,8.607765e6,9.954931e6,1.347166e6
Paris,18,96,900000,3,mean_intersection,881fb476ebfffff,8.584172e6,1.0003927e7,1.419755e6
Paris,18,96,900000,3,mean_intersection,881fb476edfffff,8.841775e6,1.0190849e7,1.349074e6
Paris,18,96,900000,3,mean_intersection,881fb47733fffff,1.0196922e7,1.0543046e7,346124.0
Paris,18,96,900000,3,mean_intersection,881fb47737fffff,1.0514168e7,1.0604884e7,90716.0
Paris,18,96,900000,3,reachable_union,881fb09141fffff,1.848385995833334e7,1.4055918479166605e7,-4.427941479166735e6
Paris,18,96,900000,3,reachable_union,881fb09143fffff,1.8158628000000007e7,1.3914492541666612e7,-4.244135458333395e6
Paris,18,96,900000,3,reachable_union,881fb09145fffff,1.9331500572916683e7,1.4602105749999933e7,-4.72939482291675e6
Paris,18,96,900000,3,reachable_union,881fb09147fffff,1.8360322916666683e7,1.3924703781249953e7,-4.435619135416729e6
Paris,18,96,900000,3,reachable_union,881fb09149fffff,1.943941871875e7,1.4515701916666606e7,-4.923716802083394e6
Paris,18,96,900000,3,reachable_union,881fb0914bfffff,1.9164756604166675e7,1.4344508093749937e7,-4.820248510416739e6
Paris,18,96,900000,3,reachable_union,881fb0914dfffff,1.9500049958333347e7,1.5002503572916573e7,-4.497546385416774e6
Paris,18,96,900000,3,reachable_union,881fb0915dfffff,1.771906718750001e7,1.3821083708333274e7,-3.897983479166737e6
Paris,18,96,900000,3,reachable_union,881fb09161fffff,1.7713186729166687e7,1.3973002104166629e7,-3.7401846250000577e6
Paris,18,96,900000,3,reachable_union,881fb09165fffff,1.8546860593750007e7,1.4310121197916606e7,-4.236739395833401e6
Paris,18,96,900000,3,reachable_union,881fb09169fffff,1.8830615385416668e7,1.4631496947916588e7,-4.19911843750008e6
Paris,18,96,900000,3,reachable_union,881fb0916bfffff,1.7745644927083336e7,1.3872697447916603e7,-3.872947479166733e6
Paris,18,96,900000,3,reachable_union,881fb0916dfffff,1.9263938562499996e7,1.4807791666666575e7,-4.4561468958334215e6
Paris,18,96,900000,3,reachable_union,881fb09301fffff,2.0932682375e7,1.4938990729166633e7,-5.9936916458333675e6
Paris,18,96,900000,3,reachable_union,881fb09303fffff,2.0121043677083347e7,1.4790761385416612e7,-5.330282291666735e6
Paris,18,96,900000,3,reachable_union,881fb09305fffff,2.0108869281250007e7,1.4869303062499957e7,-5.23956621875005e6
Paris,18,96,900000,3,reachable_union,881fb09307fffff,2.0151031885416675e7,1.4932541739583291e7,-5.218490145833384e6
Paris,18,96,900000,3,reachable_union,881fb09309fffff,2.0775551229166664e7,1.5031742770833291e7,-5.743808458333373e6
Paris,18,96,900000,3,reachable_union,881fb0930bfffff,1.9645045437500007e7,1.4566523999999924e7,-5.078521437500084e6
Paris,18,96,900000,3,reachable_union,881fb0930dfffff,2.1641368656250015e7,1.5069309343749959e7,-6.572059312500056e6
Paris,18,96,900000,3,reachable_union,881fb09321fffff,1.9445830541666664e7,1.449755743749997e7,-4.948273104166694e6
Paris,18,96,900000,3,reachable_union,881fb09323fffff,1.8875774010416683e7,1.4393410447916616e7,-4.482363562500067e6
Paris,18,96,900000,3,reachable_union,881fb09325fffff,1.9648254385416687e7,1.4940555666666586e7,-4.707698718750101e6
Paris,18,96,900000,3,reachable_union,881fb09327fffff,1.9029613937500022e7,1.464658062499992e7,-4.383033312500102e6
Paris,18,96,900000,3,reachable_union,881fb09329fffff,1.9927681843750007e7,1.501105826041662e7,-4.916623583333388e6
Paris,18,96,900000,3,reachable_union,881fb0932bfffff,2.0063845166666675e7,1.4975976802083299e7,-5.087868364583377e6
Paris,18,96,900000,3,reachable_union,881fb0932dfffff,1.9760774531250007e7,1.4645100718749952e7,-5.115673812500056e6
Paris,18,96,900000,3,reachable_union,881fb09331fffff,1.9757846864583343e7,1.4887244020833286e7,-4.870602843750058e6
Paris,18,96,900000,3,reachable_union,881fb09335fffff,2.0315102531250007e7,1.499414845833327e7,-5.320954072916737e6
Paris,18,96,900000,3,reachable_union,881fb09337fffff,1.9403406895833336e7,1.47698659166666e7,-4.633540979166735e6
Paris,18,96,900000,3,reachable_union,881fb09339fffff,1.9927674854166683e7,1.490304223958328e7,-5.024632614583403e6
Paris,18,96,900000,3,reachable_union,881fb0933dfffff,1.992445552083335e7,1.490212967708329e7,-5.0223258437500615e6
Paris,18,96,900000,3,reachable_union,881fb09341fffff,1.988380156250002e7,1.5247989864583278e7,-4.635811697916741e6
Paris,18,96,900000,3,reachable_union,881fb09343fffff,1.9798579166666694e7,1.4913785572916633e7,-4.8847935937500615e6
Paris,18,96,900000,3,reachable_union,881fb09345fffff,2.0806260531249996e7,1.620656181249994e7,-4.599698718750056e6
Paris,18,96,900000,3,reachable_union,881fb09347fffff,2.044618156249999e7,1.5238907656249955e7,-5.2072739062500335e6
Paris,18,96,900000,3,reachable_union,881fb09349fffff,1.955625957291667e7,1.536073149999996e7,-4.195528072916711e6
Paris,18,96,900000,3,reachable_union,881fb0934bfffff,1.888503946875001e7,1.429163054166664e7,-4.593408927083371e6
Paris,18,96,900000,3,reachable_union,881fb0934dfffff,1.9966132875000004e7,1.599611001041662e7,-3.9700228645833842e6
Paris,18,96,900000,3,reachable_union,881fb09355fffff,2.039450316666668e7,1.5066761656249963e7,-5.327741510416716e6
Paris,18,96,900000,3,reachable_union,881fb0935dfffff,1.9879863979166683e7,1.4938077135416621e7,-4.9417868437500615e6
Paris,18,96,900000,3,reachable_union,881fb09361fffff,2.1116965708333336e7,1.5610676249999965e7,-5.506289458333371e6
Paris,18,96,900000,3,reachable_union,881fb09363fffff,2.008813469791667e7,1.4868416541666621e7,-5.21971815625005e6
Paris,18,96,900000,3,reachable_union,881fb09365fffff,2.068930222916666e7,1.5534746770833274e7,-5.154555458333386e6
Paris,18,96,900000,3,reachable_union,881fb09367fffff,2.0124157437500007e7,1.4715507281249946e7,-5.4086501562500615e6
Paris,18,96,900000,3,reachable_union,881fb09369fffff,2.199510732291667e7,1.6512516927083274e7,-5.482590395833397e6
Paris,18,96,900000,3,reachable_union,881fb0936bfffff,2.094481715625e7,1.5481719124999955e7,-5.463098031250045e6
Paris,18,96,900000,3,reachable_union,881fb0936dfffff,2.0912862479166664e7,1.6603801427083276e7,-4.309061052083388e6
Paris,18,96,900000,3,reachable_union,881fb09a41fffff,1.8835726989583347e7,1.3997762385416644e7,-4.837964604166703e6
Paris,18,96,900000,3,reachable_union,881fb09a43fffff,1.881206535416668e7,1.3854917020833295e7,-4.957148333333384e6
Paris,18,96,900000,3,reachable_union,881fb09a45fffff,1.936871167708336e7,1.4741085864583265e7,-4.627625812500093e6
Paris,18,96,900000,3,reachable_union,881fb09a47fffff,1.882810931250001e7,1.3989776791666629e7,-4.838332520833382e6
Paris,18,96,900000,3,reachable_union,881fb09a49fffff,1.8882161020833343e7,1.4577321864583274e7,-4.304839156250069e6
Paris,18,96,900000,3,reachable_union,881fb09a4bfffff,1.8543602625e7,1.4485242124999957e7,-4.058360500000043e6
Paris,18,96,900000,3,reachable_union,881fb09a4dfffff,1.898887867708333e7,1.4582828708333265e7,-4.406049968750063e6
Paris,18,96,900000,3,reachable_union,881fb09a59fffff,1.809513211458334e7,1.423190354166662e7,-3.86322857291672e6
Paris,18,96,900000,3,reachable_union,881fb09a5dfffff,1.8148875291666683e7,1.403675593749998e7,-4.1121193541667033e6
Paris,18,96,900000,3,reachable_union,881fb09a61fffff,1.8381983718750015e7,1.4275919385416616e7,-4.106064333333399e6
Paris,18,96,900000,3,reachable_union,881fb09a65fffff,1.8560596812500015e7,1.4515136541666633e7,-4.0454602708333824e6
Paris,18,96,900000,3,reachable_union,881fb09a69fffff,1.7731312343749993e7,1.3897986916666621e7,-3.833325427083371e6
Paris,18,96,900000,3,reachable_union,881fb09a6bfffff,1.7743599354166668e7,1.363399453124997e7,-4.1096048229166977e6
Paris,18,96,900000,3,reachable_union,881fb09a6dfffff,1.841383420833334e7,1.444362663541662e7,-3.97020757291672e6
Paris,18,96,900000,3,reachable_union,881fb09b41fffff,1.9525955541666683e7,1.3519441208333297e7,-6.006514333333386e6
Paris,18,96,900000,3,reachable_union,881fb09b43fffff,2.013755503125001e7,1.4515072677083282e7,-5.622482354166729e6
Paris,18,96,900000,3,reachable_union,881fb09b45fffff,1.9499159239583306e7,1.4105947822916677e7,-5.393211416666629e6
Paris,18,96,900000,3,reachable_union,881fb09b47fffff,1.758056238541666e7,1.3043651499999989e7,-4.536910885416672e6
Paris,18,96,900000,3,reachable_union,881fb09b49fffff,1.9417292708333317e7,1.4384819239583386e7,-5.032473468749931e6
Paris,18,96,900000,3,reachable_union,881fb09b4bfffff,1.9031155114583302e7,1.3884542635416716e7,-5.146612479166586e6
Paris,18,96,900000,3,reachable_union,881fb09b4dfffff,1.8890196791666627e7,1.430844001041667e7,-4.581756781249957e6
Paris,18,96,900000,3,reachable_union,881fb09b59fffff,1.9078877541666638e7,1.4562053250000013e7,-4.516824291666625e6
Paris,18,96,900000,3,reachable_union,881fb09b5dfffff,1.9277098249999966e7,1.4621324239583382e7,-4.655774010416584e6
Paris,18,96,900000,3,reachable_union,881fb09b61fffff,1.857926779166663e7,1.378930226041669e7,-4.78996553124994e6
Paris,18,96,900000,3,reachable_union,881fb09b69fffff,1.8228900708333332e7,1.4559395114583379e7,-3.6695055937499534e6
Paris,18,96,900000,3,reachable_union,881fb09b6bfffff,1.7222515374999993e7,1.3011193447916677e7,-4.211321927083315e6
Paris,18,96,900000,3,reachable_union,881fb09b6dfffff,1.9330635604166638e7,1.4996127572916703e7,-4.334508031249935e6
Paris,18,96,900000,3,reachable_union,881fb42801fffff,1.977701257291665e7,1.5141777531250019e7,-4.635235041666631e6
Paris,18,96,900000,3,reachable_union,881fb42803fffff,1.975197442708334e7,1.5273453770833349e7,-4.478520656249991e6
Paris,18,96,900000,3,reachable_union,881fb42805fffff,1.955845138541667e7,1.4945791885416683e7,-4.612659499999989e6
Paris,18,96,900000,3,reachable_union,881fb42807fffff,1.9712439166666657e7,1.5220265177083354e7,-4.492173989583302e6
Paris,18,96,900000,3,reachable_union,881fb4280dfffff,1.8731360770833336e7,1.4477524281250011e7,-4.253836489583325e6
Paris,18,96,900000,3,reachable_union,881fb42821fffff,2.1294244572916638e7,1.5584176364583338e7,-5.7100682083333e6
Paris,18,96,900000,3,reachable_union,881fb42823fffff,2.047424207291665e7,1.5286645666666687e7,-5.187596406249963e6
Paris,18,96,900000,3,reachable_union,881fb42825fffff,2.174831138541663e7,1.7023297677083343e7,-4.725013708333287e6
Paris,18,96,900000,3,reachable_union,881fb42827fffff,2.1982420062499963e7,1.719289579166668e7,-4.789524270833284e6
Paris,18,96,900000,3,reachable_union,881fb42829fffff,2.0645863687499978e7,1.5705515500000015e7,-4.940348187499963e6
Paris,18,96,900000,3,reachable_union,881fb4282bfffff,2.043323968749998e7,1.5394886729166672e7,-5.03835295833331e6
Paris,18,96,900000,3,reachable_union,881fb4282dfffff,2.025638842708331e7,1.650737234374999e7,-3.749016083333319e6
Paris,18,96,900000,3,reachable_union,881fb42831fffff,2.1018581531249993e7,1.5387001125000024e7,-5.631580406249968e6
Paris,18,96,900000,3,reachable_union,881fb42835fffff,2.078856420833333e7,1.5507503208333366e7,-5.281060999999963e6
Paris,18,96,900000,3,reachable_union,881fb42837fffff,2.1917832677083306e7,1.9739455906250015e7,-2.178376770833291e6
Paris,18,96,900000,3,reachable_union,881fb42839fffff,2.0192910052083306e7,1.5409728718750024e7,-4.783181333333282e6
Paris,18,96,900000,3,reachable_union,881fb4283dfffff,2.009278472916665e7,1.5407223437500002e7,-4.685561291666647e6
Paris,18,96,900000,3,reachable_union,881fb42861fffff,2.049979798958332e7,1.5753073968750013e7,-4.746724020833308e6
Paris,18,96,900000,3,reachable_union,881fb42863fffff,2.0165843895833313e7,1.5657374968749998e7,-4.508468927083315e6
Paris,18,96,900000,3,reachable_union,881fb42865fffff,2.113710778124999e7,1.706186221875001e7,-4.0752455624999776e6
Paris,18,96,900000,3,reachable_union,881fb42867fffff,2.0844091864583325e7,1.6964302333333343e7,-3.8797895312499814e6
Paris,18,96,900000,3,reachable_union,881fb42869fffff,1.8416254406249996e7,1.4559130197916668e7,-3.8571242083333284e6
Paris,18,96,900000,3,reachable_union,881fb4286bfffff,1.95811495e7,1.5370361625000004e7,-4.210787874999996e6
Paris,18,96,900000,3,reachable_union,881fb4286dfffff,1.880693844791666e7,1.562434493750001e7,-3.182593510416651e6
Paris,18,96,900000,3,reachable_union,881fb42901fffff,2.18119213020833e7,1.698560875000002e7,-4.82631255208328e6
Paris,18,96,900000,3,reachable_union,881fb42903fffff,2.1767906635416634e7,1.709123812500003e7,-4.676668510416605e6
Paris,18,96,900000,3,reachable_union,881fb42905fffff,2.2102974999999966e7,1.7366542447916653e7,-4.736432552083313e6
Paris,18,96,900000,3,reachable_union,881fb42907fffff,2.1764234833333302e7,1.7181128406249996e7,-4.583106427083306e6
Paris,18,96,900000,3,reachable_union,881fb42909fffff,2.190282901041663e7,1.700925308333336e7,-4.8935759270832725e6
Paris,18,96,900000,3,reachable_union,881fb4290bfffff,2.1628500968749963e7,1.695913258333334e7,-4.669368385416623e6
Paris,18,96,900000,3,reachable_union,881fb4290dfffff,2.2207269427083287e7,1.728731428124999e7,-4.919955145833299e6
Paris,18,96,900000,3,reachable_union,881fb42911fffff,2.154199140624996e7,1.7173933416666664e7,-4.368057989583295e6
Paris,18,96,900000,3,reachable_union,881fb42913fffff,2.041707123958331e7,1.6907797833333343e7,-3.5092734062499665e6
Paris,18,96,900000,3,reachable_union,881fb42915fffff,2.164571561458332e7,1.700227422916669e7,-4.643441385416631e6
Paris,18,96,900000,3,reachable_union,881fb42917fffff,2.116575480208332e7,1.7005190885416687e7,-4.1605639166666344e6
Paris,18,96,900000,3,reachable_union,881fb42919fffff,2.154574729166664e7,1.697926082291669e7,-4.566486468749952e6
Paris,18,96,900000,3,reachable_union,881fb4291bfffff,2.1253638489583317e7,1.7019025760416698e7,-4.2346127291666195e6
Paris,18,96,900000,3,reachable_union,881fb4291dfffff,2.1752772322916627e7,1.7022108312500034e7,-4.730664010416593e6
Paris,18,96,900000,3,reachable_union,881fb42921fffff,2.2832753718749974e7,1.7687616874999993e7,-5.145136843749981e6
Paris,18,96,900000,3,reachable_union,881fb42923fffff,2.2106386687499963e7,1.6962004562499996e7,-5.1443821249999665e6
Paris,18,96,900000,3,reachable_union,881fb42925fffff,2.3903142864583295e7,1.9569631197916698e7,-4.333511666666597e6
Paris,18,96,900000,3,reachable_union,881fb42927fffff,2.3224612177083302e7,1.8347974750000056e7,-4.876637427083246e6
Paris,18,96,900000,3,reachable_union,881fb42929fffff,2.098212156249997e7,1.7292075374999985e7,-3.690046187499985e6
Paris,18,96,900000,3,reachable_union,881fb4292bfffff,2.186563744791662e7,1.7141673895833336e7,-4.723963552083284e6
Paris,18,96,900000,3,reachable_union,881fb4292dfffff,2.1488727864583306e7,1.8073555187500082e7,-3.415172677083224e6
Paris,18,96,900000,3,reachable_union,881fb42931fffff,2.1701413072916646e7,1.704197957291671e7,-4.659433499999937e6
Paris,18,96,900000,3,reachable_union,881fb42933fffff,2.1624377687499993e7,1.6897786406250037e7,-4.726591281249955e6
Paris,18,96,900000,3,reachable_union,881fb42935fffff,2.1906090427083313e7,1.6931562270833354e7,-4.974528156249959e6
Paris,18,96,900000,3,reachable_union,881fb42937fffff,2.1423137270833325e7,1.6993308697916716e7,-4.429828572916608e6
Paris,18,96,900000,3,reachable_union,881fb42939fffff,2.1792166177083317e7,1.7054775385416694e7,-4.737390791666623e6
Paris,18,96,900000,3,reachable_union,881fb4293bfffff,2.1822389541666653e7,1.7206723895833347e7,-4.615665645833306e6
Paris,18,96,900000,3,reachable_union,881fb4293dfffff,2.1583499499999978e7,1.7015875916666683e7,-4.567623583333295e6
Paris,18,96,900000,3,reachable_union,881fb42941fffff,2.1639600416666634e7,1.6744357500000007e7,-4.895242916666627e6
Paris,18,96,900000,3,reachable_union,881fb42943fffff,2.190551545833331e7,1.697885016666664e7,-4.926665291666668e6
Paris,18,96,900000,3,reachable_union,881fb42945fffff,2.2563892041666653e7,1.693845982291665e7,-5.625432218750004e6
Paris,18,96,900000,3,reachable_union,881fb42947fffff,2.1742209052083302e7,1.6787725249999985e7,-4.954483802083317e6
Paris,18,96,900000,3,reachable_union,881fb42949fffff,1.943053516666667e7,1.561171762499998e7,-3.818817541666692e6
Paris,18,96,900000,3,reachable_union,881fb4294bfffff,2.178930689583331e7,1.6897083104166646e7,-4.892223791666664e6
Paris,18,96,900000,3,reachable_union,881fb4294dfffff,2.0160921187500004e7,1.57183619270833e7,-4.442559260416703e6
Paris,18,96,900000,3,reachable_union,881fb42951fffff,2.105413156249997e7,1.6899936677083306e7,-4.154194885416664e6
Paris,18,96,900000,3,reachable_union,881fb42953fffff,2.030494263541668e7,1.641956139583331e7,-3.8853812395833693e6
Paris,18,96,900000,3,reachable_union,881fb42955fffff,2.2297454833333317e7,1.710350102083331e7,-5.193953812500007e6
Paris,18,96,900000,3,reachable_union,881fb42957fffff,2.1627817458333306e7,1.7005037906249974e7,-4.622779552083332e6
Paris,18,96,900000,3,reachable_union,881fb42959fffff,2.1522141864583325e7,1.7206514635416646e7,-4.315627229166679e6
Paris,18,96,900000,3,reachable_union,881fb4295bfffff,2.0891841031249996e7,1.7010125656249963e7,-3.8817153750000335e6
Paris,18,96,900000,3,reachable_union,881fb4295dfffff,2.2190661749999993e7,1.716539566666664e7,-5.025266083333351e6
Paris,18,96,900000,3,reachable_union,881fb42961fffff,2.2291755614583313e7,1.737056596874999e7,-4.921189645833325e6
Paris,18,96,900000,3,reachable_union,881fb42963fffff,2.2517133395833317e7,1.8563347270833414e7,-3.953786124999903e6
Paris,18,96,900000,3,reachable_union,881fb42965fffff,2.2522819052083313e7,1.8658583354166754e7,-3.86423569791656e6
Paris,18,96,900000,3,reachable_union,881fb42967fffff,2.2392947104166657e7,1.8629456197916742e7,-3.7634909062499143e6
Paris,18,96,900000,3,reachable_union,881fb42969fffff,2.2816320427083325e7,1.7265019729166683e7,-5.551300697916642e6
Paris,18,96,900000,3,reachable_union,881fb4296bfffff,2.2045814322916638e7,1.7198623343750015e7,-4.847190979166623e6
Paris,18,96,900000,3,reachable_union,881fb4296dfffff,2.289654938541665e7,1.787186843750004e7,-5.024680947916608e6
Paris,18,96,900000,3,reachable_union,881fb42981fffff,1.9890526010416664e7,1.5434069458333319e7,-4.456456552083345e6
Paris,18,96,900000,3,reachable_union,881fb42983fffff,1.9680812437500007e7,1.5380971906249989e7,-4.299840531250019e6
Paris,18,96,900000,3,reachable_union,881fb42985fffff,1.9911972083333332e7,1.5358992364583312e7,-4.5529797187500205e6
Paris,18,96,900000,3,reachable_union,881fb42987fffff,1.988197873958335e7,1.545114332291666e7,-4.43083541666669e6
Paris,18,96,900000,3,reachable_union,881fb42989fffff,2.041390703124999e7,1.5347949802083291e7,-5.065957229166698e6
Paris,18,96,900000,3,reachable_union,881fb4298bfffff,1.9706182145833343e7,1.5419419833333327e7,-4.286762312500017e6
Paris,18,96,900000,3,reachable_union,881fb4298dfffff,2.0747393250000004e7,1.5495337093749981e7,-5.252056156250022e6
Paris,18,96,900000,3,reachable_union,881fb429a1fffff,2.1564370114583317e7,1.5751083572916646e7,-5.813286541666672e6
Paris,18,96,900000,3,reachable_union,881fb429a3fffff,2.0149430614583332e7,1.540980134374999e7,-4.739629270833341e6
Paris,18,96,900000,3,reachable_union,881fb429a5fffff,2.1578472083333317e7,1.6526176260416636e7,-5.052295822916681e6
Paris,18,96,900000,3,reachable_union,881fb429a7fffff,2.044742978125e7,1.6001360666666662e7,-4.446069114583338e6
Paris,18,96,900000,3,reachable_union,881fb429a9fffff,2.082953344791665e7,1.5599071270833313e7,-5.230462177083336e6
Paris,18,96,900000,3,reachable_union,881fb429abfffff,2.0672914958333317e7,1.5287847052083312e7,-5.385067906250006e6
Paris,18,96,900000,3,reachable_union,881fb429adfffff,2.169221403124998e7,1.6576041447916629e7,-5.116172583333353e6
Paris,18,96,900000,3,reachable_union,881fb429b1fffff,1.9656573958333336e7,1.5396722364583308e7,-4.259851593750028e6
Paris,18,96,900000,3,reachable_union,881fb429b5fffff,1.9632765177083332e7,1.5166604947916627e7,-4.466160229166705e6
Paris,18,96,900000,3,reachable_union,881fb429b7fffff,1.9335227489583343e7,1.5320442531249998e7,-4.014784958333345e6
Paris,18,96,900000,3,reachable_union,881fb429b9fffff,1.9568713541666664e7,1.5130885520833297e7,-4.4378280208333675e6
Paris,18,96,900000,3,reachable_union,881fb429bdfffff,2.008602804166667e7,1.55000548125e7,-4.585973229166672e6
Paris,18,96,900000,3,reachable_union,881fb429c1fffff,2.072321021875001e7,1.5953823010416633e7,-4.769387208333379e6
Paris,18,96,900000,3,reachable_union,881fb429c3fffff,2.0682443322916675e7,1.5839401499999978e7,-4.843041822916698e6
Paris,18,96,900000,3,reachable_union,881fb429c5fffff,2.1419193e7,1.6398458927083313e7,-5.020734072916687e6
Paris,18,96,900000,3,reachable_union,881fb429c7fffff,2.1113320875000007e7,1.5889400281249976e7,-5.223920593750032e6
Paris,18,96,900000,3,reachable_union,881fb429c9fffff,2.110926411458332e7,1.5666185624999989e7,-5.443078489583332e6
Paris,18,96,900000,3,reachable_union,881fb429cbfffff,2.090865164583334e7,1.8629283312500052e7,-2.2793683333332874e6
Paris,18,96,900000,3,reachable_union,881fb429cdfffff,2.1523830885416657e7,1.6508364468749998e7,-5.015466416666659e6
Paris,18,96,900000,3,reachable_union,881fb429d5fffff,1.9700986656250004e7,1.5255889552083302e7,-4.445097104166701e6
Paris,18,96,900000,3,reachable_union,881fb429ddfffff,2.023051163541667e7,1.844527533333338e7,-1.785236302083291e6
Paris,18,96,900000,3,reachable_union,881fb429e1fffff,2.1984588416666653e7,1.7274462677083336e7,-4.710125739583317e6
Paris,18,96,900000,3,reachable_union,881fb429e3fffff,2.1138971354166657e7,1.6162801031249985e7,-4.976170322916672e6
Paris,18,96,900000,3,reachable_union,881fb429e5fffff,2.220115869791665e7,1.764005438541669e7,-4.561104312499959e6
Paris,18,96,900000,3,reachable_union,881fb429e7fffff,2.207042710416665e7,1.7161868447916657e7,-4.908558656249993e6
Paris,18,96,900000,3,reachable_union,881fb429e9fffff,2.177287794791666e7,1.6278602645833312e7,-5.494275302083349e6
Paris,18,96,900000,3,reachable_union,881fb429ebfffff,2.1480258979166653e7,1.5873060156249968e7,-5.607198822916685e6
Paris,18,96,900000,3,reachable_union,881fb429edfffff,2.174708974999999e7,1.695629759375002e7,-4.79079215624997e6
Paris,18,96,900000,3,reachable_union,881fb42b01fffff,2.150031405208333e7,1.559580129166665e7,-5.904512760416679e6
Paris,18,96,900000,3,reachable_union,881fb42b03fffff,2.0756165083333313e7,1.5502024541666655e7,-5.254140541666659e6
Paris,18,96,900000,3,reachable_union,881fb42b05fffff,2.0367105843749966e7,1.5426145322916655e7,-4.940960520833312e6
Paris,18,96,900000,3,reachable_union,881fb42b07fffff,2.0233079281249985e7,1.5433067416666634e7,-4.800011864583351e6
Paris,18,96,900000,3,reachable_union,881fb42b0dfffff,2.153572355208333e7,1.5515738604166659e7,-6.01998494791667e6
Paris,18,96,900000,3,reachable_union,881fb42b15fffff,1.9748854072916668e7,1.5430293260416642e7,-4.318560812500026e6
Paris,18,96,900000,3,reachable_union,881fb42b17fffff,1.8082885510416668e7,1.4046671364583328e7,-4.0362141458333395e6
Paris,18,96,900000,3,reachable_union,881fb42b21fffff,2.1345722489583313e7,1.726219816666669e7,-4.083524322916623e6
Paris,18,96,900000,3,reachable_union,881fb42b23fffff,2.0834388989583317e7,1.6340150947916647e7,-4.49423804166667e6
Paris,18,96,900000,3,reachable_union,881fb42b25fffff,2.1242446874999993e7,1.7846495895833287e7,-3.395950979166705e6
Paris,18,96,900000,3,reachable_union,881fb42b27fffff,2.1054226927083317e7,1.765766022916662e7,-3.3965666979166977e6
Paris,18,96,900000,3,reachable_union,881fb42b29fffff,2.146601395833335e7,1.6039468458333269e7,-5.426545500000082e6
Paris,18,96,900000,3,reachable_union,881fb42b2bfffff,2.018543259374998e7,1.5518554364583276e7,-4.666878229166705e6
Paris,18,96,900000,3,reachable_union,881fb42b2dfffff,2.0321011947916634e7,1.720248171874992e7,-3.1185302291667126e6
Paris,18,96,900000,3,reachable_union,881fb42b31fffff,2.1436551135416657e7,1.5705750624999927e7,-5.730800510416729e6
Paris,18,96,900000,3,reachable_union,881fb42b33fffff,1.908201765625e7,1.5727394677083272e7,-3.3546229791667275e6
Paris,18,96,900000,3,reachable_union,881fb42b35fffff,2.156577107291667e7,1.6725155541666579e7,-4.840615531250093e6
Paris,18,96,900000,3,reachable_union,881fb42b37fffff,1.9352603020833336e7,1.5812072968749944e7,-3.5405300520833917e6
Paris,18,96,900000,3,reachable_union,881fb42b39fffff,2.082208597916667e7,1.5492973770833274e7,-5.329112208333397e6
Paris,18,96,900000,3,reachable_union,881fb42b3bfffff,1.964955951041664e7,1.4515333968749959e7,-5.134225541666683e6
Paris,18,96,900000,3,reachable_union,881fb42b3dfffff,1.9105695770833336e7,1.5344087979166625e7,-3.7616077916667107e6
Paris,18,96,900000,3,reachable_union,881fb42b61fffff,2.1232980447916664e7,1.5875701385416595e7,-5.357279062500069e6
Paris,18,96,900000,3,reachable_union,881fb42b63fffff,2.1371438760416664e7,1.5935619614583276e7,-5.435819145833388e6
Paris,18,96,900000,3,reachable_union,881fb42b65fffff,2.1632694072916683e7,1.7766912208333284e7,-3.865781864583399e6
Paris,18,96,900000,3,reachable_union,881fb42b67fffff,2.188314417708337e7,1.839355681249998e7,-3.489587364583388e6
Paris,18,96,900000,3,reachable_union,881fb42b69fffff,2.0384603927083313e7,1.6026001749999944e7,-4.358602177083369e6
Paris,18,96,900000,3,reachable_union,881fb42b6bfffff,2.1369127864583325e7,1.558180412499994e7,-5.787323739583384e6
Paris,18,96,900000,3,reachable_union,881fb42b6dfffff,1.9006927520833336e7,1.6195635979166582e7,-2.8112915416667536e6
Paris,18,96,900000,3,reachable_union,881fb46001fffff,1.984004749999999e7,1.737863426041664e7,-2.461413239583347e6
Paris,18,96,900000,3,reachable_union,881fb46003fffff,1.9293618885416675e7,1.6692248687499974e7,-2.6013701979167014e6
Paris,18,96,900000,3,reachable_union,881fb46007fffff,1.9513900114583336e7,1.7040308218749974e7,-2.473591895833362e6
Paris,18,96,900000,3,reachable_union,881fb46009fffff,1.8704796135416668e7,1.6417733552083304e7,-2.2870625833333638e6
Paris,18,96,900000,3,reachable_union,881fb4600bfffff,1.9275015729166664e7,1.6688276854166627e7,-2.5867388750000373e6
Paris,18,96,900000,3,reachable_union,881fb46011fffff,1.9433463572916664e7,1.7123658802083306e7,-2.309804770833358e6
Paris,18,96,900000,3,reachable_union,881fb46013fffff,1.909911127083334e7,1.737914816666663e7,-1.719963104166709e6
Paris,18,96,900000,3,reachable_union,881fb46015fffff,1.8428538385416646e7,1.6533753531249957e7,-1.8947848541666884e6
Paris,18,96,900000,3,reachable_union,881fb46017fffff,1.8473333458333317e7,1.7330815937499963e7,-1.1425175208333544e6
Paris,18,96,900000,3,reachable_union,881fb46019fffff,2.0035103916666668e7,1.812892989583336e7,-1.9061740208333097e6
Paris,18,96,900000,3,reachable_union,881fb4601bfffff,2.0369853145833336e7,1.842296891666668e7,-1.9468842291666567e6
Paris,18,96,900000,3,reachable_union,881fb4601dfffff,1.9323326666666664e7,1.6977563854166653e7,-2.345762812500011e6
Paris,18,96,900000,3,reachable_union,881fb46031fffff,1.7813056666666634e7,1.5992369072916638e7,-1.8206875937499963e6
Paris,18,96,900000,3,reachable_union,881fb46033fffff,1.9228612468750015e7,1.7409900947916646e7,-1.8187115208333693e6
Paris,18,96,900000,3,reachable_union,881fb46035fffff,1.7387164895833313e7,1.5775955291666646e7,-1.611209604166668e6
Paris,18,96,900000,3,reachable_union,881fb46037fffff,1.9042184291666675e7,1.7005065135416638e7,-2.0371191562500373e6
Paris,18,96,900000,3,reachable_union,881fb46039fffff,1.7926618343749985e7,1.586194783333333e7,-2.0646705104166549e6
Paris,18,96,900000,3,reachable_union,881fb4603bfffff,1.7406141489583313e7,1.6076754739583312e7,-1.3293867500000019e6
Paris,18,96,900000,3,reachable_union,881fb4603dfffff,1.9177732166666668e7,1.6887621906249955e7,-2.2901102604167126e6
Paris,18,96,900000,3,reachable_union,881fb46043fffff,1.844096101041664e7,1.6138345635416625e7,-2.3026153750000168e6
Paris,18,96,900000,3,reachable_union,881fb4604bfffff,1.9026633437499996e7,1.6632795385416616e7,-2.3938380520833805e6
Paris,18,96,900000,3,reachable_union,881fb46051fffff,1.874382594791666e7,1.6759319479166633e7,-1.984506468750028e6
Paris,18,96,900000,3,reachable_union,881fb46053fffff,1.9077505645833332e7,1.709887337499999e7,-1.9786322708333433e6
Paris,18,96,900000,3,reachable_union,881fb46055fffff,1.9046580270833317e7,1.662064672916662e7,-2.4259335416666977e6
Paris,18,96,900000,3,reachable_union,881fb46057fffff,1.9848623468749996e7,1.742916640624997e7,-2.419457062500026e6
Paris,18,96,900000,3,reachable_union,881fb46059fffff,2.029501864583333e7,1.8142534406250034e7,-2.152484239583295e6
Paris,18,96,900000,3,reachable_union,881fb4605bfffff,2.097906644791666e7,1.829712861458334e7,-2.681937833333321e6
Paris,18,96,900000,3,reachable_union,881fb4605dfffff,1.9622449864583332e7,1.726704603124993e7,-2.355403833333403e6
Paris,18,96,900000,3,reachable_union,881fb46081fffff,2.0896404302083332e7,1.9033874072916728e7,-1.8625302291666046e6
Paris,18,96,900000,3,reachable_union,881fb46083fffff,2.1254397135416668e7,1.8936693281250067e7,-2.317703854166601e6
Paris,18,96,900000,3,reachable_union,881fb46085fffff,1.9912846781250007e7,1.8893245760416713e7,-1.0196010208332948e6
Paris,18,96,900000,3,reachable_union,881fb46087fffff,2.0443009072916664e7,1.8988839572916724e7,-1.4541694999999404e6
Paris,18,96,900000,3,reachable_union,881fb46089fffff,2.1112276395833332e7,1.8948796531250045e7,-2.1634798645832874e6
Paris,18,96,900000,3,reachable_union,881fb4608bfffff,2.138894787499999e7,1.900804141666672e7,-2.3809064583332688e6
Paris,18,96,900000,3,reachable_union,881fb4608dfffff,2.0592896354166675e7,1.8933704791666713e7,-1.6591915624999627e6
Paris,18,96,900000,3,reachable_union,881fb46091fffff,2.1528426552083332e7,1.919650218750007e7,-2.3319243645832613e6
Paris,18,96,900000,3,reachable_union,881fb46093fffff,2.1929207906250015e7,1.8655418312500037e7,-3.2737895937499776e6
Paris,18,96,900000,3,reachable_union,881fb46095fffff,2.169903105208334e7,1.9097504385416735e7,-2.6015266666666046e6
Paris,18,96,900000,3,reachable_union,881fb46097fffff,2.1470670104166657e7,1.8543612718750056e7,-2.927057385416601e6
Paris,18,96,900000,3,reachable_union,881fb46099fffff,2.221993663541669e7,2.057500011458348e7,-1.6449365208332092e6
Paris,18,96,900000,3,reachable_union,881fb4609bfffff,2.202394816666669e7,2.0248080322916795e7,-1.7758678437498957e6
Paris,18,96,900000,3,reachable_union,881fb4609dfffff,2.1979018322916687e7,1.9467913750000097e7,-2.5111045729165897e6
Paris,18,96,900000,3,reachable_union,881fb460a1fffff,1.942955476041669e7,1.8946094989583384e7,-483459.770833306
Paris,18,96,900000,3,reachable_union,881fb460a3fffff,2.001835980208334e7,1.8990777937500045e7,-1.0275818645832948e6
Paris,18,96,900000,3,reachable_union,881fb460a5fffff,1.909193072916668e7,1.8709922354166687e7,-382008.37499999255
Paris,18,96,900000,3,reachable_union,881fb460a7fffff,1.927959311458331e7,1.8893073114583313e7,-386519.9999999963
Paris,18,96,900000,3,reachable_union,881fb460a9fffff,1.9655027427083302e7,1.8958583749999993e7,-696443.6770833097
Paris,18,96,900000,3,reachable_union,881fb460abfffff,1.9888021614583302e7,1.8885908937499993e7,-1.0021126770833097e6
Paris,18,96,900000,3,reachable_union,881fb460adfffff,1.9535757874999974e7,1.8978876937499974e7,-556880.9375
Paris,18,96,900000,3,reachable_union,881fb460b1fffff,2.0582640989583302e7,1.8974485885416657e7,-1.6081551041666456e6
Paris,18,96,900000,3,reachable_union,881fb460b3fffff,2.05228378020833e7,1.8423724604166657e7,-2.099113197916642e6
Paris,18,96,900000,3,reachable_union,881fb460b5fffff,2.0256805312499966e7,1.9225491447916668e7,-1.0313138645832986e6
Paris,18,96,900000,3,reachable_union,881fb460b7fffff,1.9823900927083295e7,1.834538347916667e7,-1.4785174479166232e6
Paris,18,96,900000,3,reachable_union,881fb460b9fffff,2.0547433333333306e7,1.898569682291666e7,-1.5617365104166456e6
Paris,18,96,900000,3,reachable_union,881fb460bbfffff,2.0936078041666623e7,1.857082656249998e7,-2.365251479166642e6
Paris,18,96,900000,3,reachable_union,881fb460bdfffff,2.043789335416664e7,1.9024060124999985e7,-1.4138332291666567e6
Paris,18,96,900000,3,reachable_union,881fb460c1fffff,2.1811642916666616e7,1.9029324114583313e7,-2.7823188020833023e6
Paris,18,96,900000,3,reachable_union,881fb460c3fffff,2.1502967135416627e7,1.8883620291666638e7,-2.619346843749989e6
Paris,18,96,900000,3,reachable_union,881fb460c5fffff,2.0381634791666657e7,1.8854344635416668e7,-1.5272901562499888e6
Paris,18,96,900000,3,reachable_union,881fb460c7fffff,2.0665437395833306e7,1.9037688666666653e7,-1.627748729166653e6
Paris,18,96,900000,3,reachable_union,881fb460c9fffff,2.1592976531249963e7,1.8895305489583317e7,-2.6976710416666456e6
Paris,18,96,900000,3,reachable_union,881fb460cbfffff,2.163436114583329e7,1.8988161166666646e7,-2.6461999791666456e6
Paris,18,96,900000,3,reachable_union,881fb460cdfffff,2.082619476041664e7,1.88013171875e7,-2.0248775729166418e6
Paris,18,96,900000,3,reachable_union,881fb460d1fffff,2.207513421874996e7,1.9517370937500026e7,-2.557763281249933e6
Paris,18,96,900000,3,reachable_union,881fb460d3fffff,2.221898967708329e7,2.060457064583343e7,-1.6144190312498622e6
Paris,18,96,900000,3,reachable_union,881fb460d5fffff,2.1768965416666623e7,1.8859309541666646e7,-2.9096558749999776e6
Paris,18,96,900000,3,reachable_union,881fb460d7fffff,2.2036812093749948e7,1.94511697604167e7,-2.5856423333332464e6
Paris,18,96,900000,3,reachable_union,881fb460d9fffff,2.226762149999997e7,2.0583255739583407e7,-1.6843657604165636e6
Paris,18,96,900000,3,reachable_union,881fb460dbfffff,2.2384804729166638e7,2.083537580208341e7,-1.5494289270832278e6
Paris,18,96,900000,3,reachable_union,881fb460ddfffff,2.189180099999997e7,1.9054112395833325e7,-2.8376886041666456e6
Paris,18,96,900000,3,reachable_union,881fb460e1fffff,1.9592208322916657e7,1.865951420833332e7,-932694.1145833358
Paris,18,96,900000,3,reachable_union,881fb460e3fffff,1.8718042635416646e7,1.7431375666666653e7,-1.2866669687499925e6
Paris,18,96,900000,3,reachable_union,881fb460e5fffff,1.8855076656249985e7,1.817423244791665e7,-680844.2083333358
Paris,18,96,900000,3,reachable_union,881fb460e7fffff,1.937803223958332e7,1.8734387072916634e7,-643645.1666666865
Paris,18,96,900000,3,reachable_union,881fb460e9fffff,2.0117184624999996e7,1.8979097208333336e7,-1.1380874166666605e6
Paris,18,96,900000,3,reachable_union,881fb460ebfffff,2.077399641666664e7,1.9059014479166657e7,-1.714981937499985e6
Paris,18,96,900000,3,reachable_union,881fb460edfffff,1.825620214583331e7,1.7168355062499985e7,-1.0878470833333246e6
Paris,18,96,900000,3,reachable_union,881fb46181fffff,1.7239087843749985e7,1.6206372281249966e7,-1.0327155625000186e6
Paris,18,96,900000,3,reachable_union,881fb46183fffff,1.699759530208332e7,1.5986103666666655e7,-1.011491635416666e6
Paris,18,96,900000,3,reachable_union,881fb46187fffff,1.6558175427083323e7,1.6151628031249981e7,-406547.3958333414
Paris,18,96,900000,3,reachable_union,881fb46189fffff,1.6918988208333313e7,1.541806731249997e7,-1.5009208958333433e6
Paris,18,96,900000,3,reachable_union,881fb4618bfffff,1.7677640270833302e7,1.6479913416666627e7,-1.1977268541666754e6
Paris,18,96,900000,3,reachable_union,881fb46191fffff,1.716061536458333e7,1.697258094791664e7,-188034.41666668653
Paris,18,96,900000,3,reachable_union,881fb46193fffff,1.7686009593749978e7,1.732382927083331e7,-362180.3229166679
Paris,18,96,900000,3,reachable_union,881fb46195fffff,1.6196629656249989e7,1.5956188729166651e7,-240440.92708333768
Paris,18,96,900000,3,reachable_union,881fb46197fffff,1.6497663999999993e7,1.621729727083332e7,-280366.72916667163
Paris,18,96,900000,3,reachable_union,881fb46199fffff,1.8737319447916646e7,1.849753355208333e7,-239785.8958333172
Paris,18,96,900000,3,reachable_union,881fb4619bfffff,1.8978944979166646e7,1.864243768749998e7,-336507.2916666642
Paris,18,96,900000,3,reachable_union,881fb4619dfffff,1.7300613291666646e7,1.6607988208333293e7,-692625.0833333526
Paris,18,96,900000,3,reachable_union,881fb461b9fffff,1.6310873916666651e7,1.5812980166666672e7,-497893.7499999795
Paris,18,96,900000,3,reachable_union,881fb461bbfffff,1.6207964562499989e7,1.5729596562499989e7,-478368.0
Paris,18,96,900000,3,reachable_union,881fb461c3fffff,1.8414845708333306e7,1.664557546874997e7,-1.7692702395833358e6
Paris,18,96,900000,3,reachable_union,881fb461cbfffff,1.8221647364583313e7,1.6345535427083308e7,-1.8761119375000056e6
Paris,18,96,900000,3,reachable_union,881fb461d1fffff,1.899361526041664e7,1.749397858333331e7,-1.499636677083332e6
Paris,18,96,900000,3,reachable_union,881fb461d3fffff,1.903745335416664e7,1.8532143072916616e7,-505310.2812500261
Paris,18,96,900000,3,reachable_union,881fb461d5fffff,1.80508321145833e7,1.6514323177083287e7,-1.5365089375000112e6
Paris,18,96,900000,3,reachable_union,881fb461d7fffff,1.807559419791664e7,1.7149340666666623e7,-926253.5312500186
Paris,18,96,900000,3,reachable_union,881fb461d9fffff,1.942305976041664e7,1.8124647281249966e7,-1.2984124791666754e6
Paris,18,96,900000,3,reachable_union,881fb461dbfffff,1.940088837499997e7,1.8779459614583306e7,-621428.7604166642
Paris,18,96,900000,3,reachable_union,881fb461ddfffff,1.8793979999999974e7,1.6843149729166638e7,-1.9508302708333358e6
Paris,18,96,900000,3,reachable_union,881fb46201fffff,1.960754610416664e7,1.652904770833331e7,-3.078498395833332e6
Paris,18,96,900000,3,reachable_union,881fb46203fffff,1.9378569041666627e7,1.6346478979166659e7,-3.0320900624999683e6
Paris,18,96,900000,3,reachable_union,881fb46207fffff,1.809103766666665e7,1.5230419208333338e7,-2.8606184583333116e6
Paris,18,96,900000,3,reachable_union,881fb46209fffff,1.8891781260416638e7,1.544306069791667e7,-3.4487205624999683e6
Paris,18,96,900000,3,reachable_union,881fb4620bfffff,2.0184248864583317e7,1.6547381916666644e7,-3.6368669479166735e6
Paris,18,96,900000,3,reachable_union,881fb46211fffff,2.072142388541665e7,1.7031028354166683e7,-3.6903955312499665e6
Paris,18,96,900000,3,reachable_union,881fb46213fffff,2.0728839729166634e7,1.794060734374999e7,-2.7882323854166456e6
Paris,18,96,900000,3,reachable_union,881fb46215fffff,1.9818073010416634e7,1.6567848281249974e7,-3.2502247291666605e6
Paris,18,96,900000,3,reachable_union,881fb46217fffff,1.984315218749997e7,1.7807297687499978e7,-2.0358544999999925e6
Paris,18,96,900000,3,reachable_union,881fb46219fffff,2.104982843750001e7,1.6692600249999976e7,-4.357228187500035e6
Paris,18,96,900000,3,reachable_union,881fb4621bfffff,2.1178533656250004e7,1.78720568229167e7,-3.3064768333333023e6
Paris,18,96,900000,3,reachable_union,881fb4621dfffff,2.0738813666666683e7,1.6585247562499972e7,-4.1535661041667107e6
Paris,18,96,900000,3,reachable_union,881fb46231fffff,1.8225855291666675e7,1.6521568312499983e7,-1.7042869791666921e6
Paris,18,96,900000,3,reachable_union,881fb46233fffff,1.935736494791669e7,1.7667327177083354e7,-1.6900377708333358e6
Paris,18,96,900000,3,reachable_union,881fb46235fffff,1.798955248958333e7,1.6006993249999993e7,-1.9825592395833358e6
Paris,18,96,900000,3,reachable_union,881fb46237fffff,1.9176502114583347e7,1.74390038229167e7,-1.7374982916666456e6
Paris,18,96,900000,3,reachable_union,881fb46239fffff,1.922116118750001e7,1.6511459583333312e7,-2.7097016041666996e6
Paris,18,96,900000,3,reachable_union,881fb4623bfffff,1.9500643114583366e7,1.7681539447916683e7,-1.8191036666666828e6
Paris,18,96,900000,3,reachable_union,881fb4623dfffff,1.749474537500001e7,1.548983562500001e7,-2.0049097500000019e6
Paris,18,96,900000,3,reachable_union,881fb46243fffff,2.025294641666668e7,1.6175204562499978e7,-4.0777418541667014e6
Paris,18,96,900000,3,reachable_union,881fb4624bfffff,1.8665258937500007e7,1.5563604427083364e7,-3.1016545104166437e6
Paris,18,96,900000,3,reachable_union,881fb46251fffff,2.1088624864583332e7,1.6459000604166646e7,-4.629624260416687e6
Paris,18,96,900000,3,reachable_union,881fb46253fffff,2.0739525958333347e7,1.6435900645833306e7,-4.303625312500041e6
Paris,18,96,900000,3,reachable_union,881fb46255fffff,1.890315370833335e7,1.5303417895833334e7,-3.5997358125000168e6
Paris,18,96,900000,3,reachable_union,881fb46257fffff,2.0912315218750015e7,1.6499494322916651e7,-4.412820895833364e6
Paris,18,96,900000,3,reachable_union,881fb46259fffff,1.8819628770833343e7,1.574591080208335e7,-3.0737179687499925e6
Paris,18,96,900000,3,reachable_union,881fb4625bfffff,2.0546508500000022e7,1.6381106812499987e7,-4.1654016875000354e6
Paris,18,96,900000,3,reachable_union,881fb4625dfffff,1.9596064572916683e7,1.603751455208334e7,-3.5585500208333433e6
Paris,18,96,900000,3,reachable_union,881fb46281fffff,1.942976864583335e7,1.709657875e7,-2.3331898958333507e6
Paris,18,96,900000,3,reachable_union,881fb46283fffff,2.046205369791668e7,1.7513248614583347e7,-2.948805083333332e6
Paris,18,96,900000,3,reachable_union,881fb46285fffff,2.1406372218750007e7,1.8223790625000015e7,-3.1825815937499925e6
Paris,18,96,900000,3,reachable_union,881fb46287fffff,2.180889083333334e7,1.8370025187500045e7,-3.438865645833295e6
Paris,18,96,900000,3,reachable_union,881fb46289fffff,2.1573816135416675e7,1.8386111020833377e7,-3.1877051145832986e6
Paris,18,96,900000,3,reachable_union,881fb4628bfffff,2.1183025343750015e7,1.8094093697916705e7,-3.0889316458333097e6
Paris,18,96,900000,3,reachable_union,881fb4628dfffff,2.1433811031249996e7,1.8402539833333373e7,-3.031271197916623e6
Paris,18,96,900000,3,reachable_union,881fb46291fffff,2.278614193749998e7,1.9076290885416705e7,-3.709851052083276e6
Paris,18,96,900000,3,reachable_union,881fb46293fffff,2.335830246874998e7,2.052326523958339e7,-2.8350372291665897e6
Paris,18,96,900000,3,reachable_union,881fb46295fffff,2.2341877385416653e7,1.864066081250001e7,-3.701216572916642e6
Paris,18,96,900000,3,reachable_union,881fb46297fffff,2.266397062499998e7,2.0494998729166698e7,-2.1689718958332837e6
Paris,18,96,900000,3,reachable_union,881fb46299fffff,2.2828767156249974e7,1.8908185708333354e7,-3.9205814479166195e6
Paris,18,96,900000,3,reachable_union,881fb4629bfffff,2.3664286385416627e7,2.019757064583337e7,-3.4667157395832576e6
Paris,18,96,900000,3,reachable_union,881fb4629dfffff,2.1635673437500007e7,1.7756542052083354e7,-3.879131385416653e6
Paris,18,96,900000,3,reachable_union,881fb462a1fffff,2.140540111458334e7,1.836943180208337e7,-3.03596931249997e6
Paris,18,96,900000,3,reachable_union,881fb462a3fffff,2.169487905208334e7,1.8529330802083377e7,-3.1655482499999627e6
Paris,18,96,900000,3,reachable_union,881fb462a5fffff,2.0745574125000004e7,1.835037954166671e7,-2.395194583333295e6
Paris,18,96,900000,3,reachable_union,881fb462a7fffff,2.1358601156250007e7,1.848368726041671e7,-2.8749138958332986e6
Paris,18,96,900000,3,reachable_union,881fb462a9fffff,2.165557669791667e7,1.8427263583333366e7,-3.228313114583306e6
Paris,18,96,900000,3,reachable_union,881fb462abfffff,2.180326356250001e7,1.841706618750004e7,-3.38619737499997e6
Paris,18,96,900000,3,reachable_union,881fb462adfffff,1.919871863541669e7,1.6808745302083336e7,-2.3899733333333544e6
Paris,18,96,900000,3,reachable_union,881fb462b1fffff,2.2170254718750004e7,1.8567723333333354e7,-3.6025313854166493e6
Paris,18,96,900000,3,reachable_union,881fb462b3fffff,2.2425860614583325e7,2.075169554166671e7,-1.6741650729166158e6
Paris,18,96,900000,3,reachable_union,881fb462b5fffff,2.1723934270833332e7,1.8583888739583366e7,-3.1400455312499665e6
Paris,18,96,900000,3,reachable_union,881fb462b7fffff,2.2045133218750007e7,1.9515620750000015e7,-2.5295124687499925e6
Paris,18,96,900000,3,reachable_union,881fb462b9fffff,2.2121151135416675e7,1.8497231395833373e7,-3.6239197395833023e6
Paris,18,96,900000,3,reachable_union,881fb462bbfffff,2.2355960687499993e7,1.9981592666666683e7,-2.3743680208333097e6
Paris,18,96,900000,3,reachable_union,881fb462bdfffff,2.1692767958333325e7,1.8367282510416705e7,-3.3254854479166195e6
Paris,18,96,900000,3,reachable_union,881fb462c1fffff,2.1684132458333336e7,1.8400947010416713e7,-3.283185447916623e6
Paris,18,96,900000,3,reachable_union,881fb462c3fffff,2.184917713541666e7,1.8439937989583377e7,-3.4092391458332837e6
Paris,18,96,900000,3,reachable_union,881fb462c5fffff,2.1409537927083343e7,1.8463946000000037e7,-2.945591927083306e6
Paris,18,96,900000,3,reachable_union,881fb462c7fffff,2.1811165937499978e7,1.840248062500004e7,-3.4086853124999367e6
Paris,18,96,900000,3,reachable_union,881fb462c9fffff,2.1872473583333325e7,1.8422405489583395e7,-3.450068093749929e6
Paris,18,96,900000,3,reachable_union,881fb462cbfffff,2.205574621874999e7,1.8403615000000063e7,-3.6521312187499255e6
Paris,18,96,900000,3,reachable_union,881fb462cdfffff,2.152250201041667e7,1.8388134510416713e7,-3.134367499999959e6
Paris,18,96,900000,3,reachable_union,881fb462d1fffff,2.199347334374999e7,1.8179210218750037e7,-3.8142631249999516e6
Paris,18,96,900000,3,reachable_union,881fb462d3fffff,2.1768071104166664e7,1.818306637500004e7,-3.585004729166623e6
Paris,18,96,900000,3,reachable_union,881fb462d5fffff,2.1066163843750007e7,1.7711863625000007e7,-3.35430021875e6
Paris,18,96,900000,3,reachable_union,881fb462d7fffff,2.1430146114583343e7,1.792188659375002e7,-3.5082595208333246e6
Paris,18,96,900000,3,reachable_union,881fb462d9fffff,2.219495828124999e7,1.875275846875003e7,-3.442199812499959e6
Paris,18,96,900000,3,reachable_union,881fb462dbfffff,2.213796960416666e7,1.8601430510416694e7,-3.5365390937499665e6
Paris,18,96,900000,3,reachable_union,881fb462ddfffff,2.2183116697916653e7,1.8273665500000056e7,-3.909451197916597e6
Paris,18,96,900000,3,reachable_union,881fb462e1fffff,2.101719486458335e7,1.8370317250000045e7,-2.646877614583306e6
Paris,18,96,900000,3,reachable_union,881fb462e3fffff,2.1071729416666668e7,1.8090325635416687e7,-2.9814037812499814e6
Paris,18,96,900000,3,reachable_union,881fb462e5fffff,2.0609654229166683e7,1.854096759375003e7,-2.068686635416653e6
Paris,18,96,900000,3,reachable_union,881fb462e7fffff,2.1503591072916668e7,1.84684241041667e7,-3.0351669687499665e6
Paris,18,96,900000,3,reachable_union,881fb462e9fffff,2.1029581104166675e7,1.8458519114583373e7,-2.5710619895833023e6
Paris,18,96,900000,3,reachable_union,881fb462ebfffff,2.1513320802083343e7,1.8453694250000034e7,-3.0596265520833097e6
Paris,18,96,900000,3,reachable_union,881fb462edfffff,2.0047537125000015e7,1.8320041552083354e7,-1.7274955729166605e6
Paris,18,96,900000,3,reachable_union,881fb46401fffff,2.281056571875e7,1.7825340291666653e7,-4.985225427083347e6
Paris,18,96,900000,3,reachable_union,881fb46403fffff,2.2531288114583332e7,1.753935122916662e7,-4.991936885416713e6
Paris,18,96,900000,3,reachable_union,881fb46405fffff,2.2199527031249996e7,1.753169658333329e7,-4.667830447916705e6
Paris,18,96,900000,3,reachable_union,881fb46407fffff,2.2373433500000007e7,1.7531795937499963e7,-4.841637562500045e6
Paris,18,96,900000,3,reachable_union,881fb46409fffff,2.325420108333333e7,1.815927170833336e7,-5.09492937499997e6
Paris,18,96,900000,3,reachable_union,881fb4640bfffff,2.2702123135416664e7,1.7802546895833313e7,-4.899576239583351e6
Paris,18,96,900000,3,reachable_union,881fb4640dfffff,2.3357238968750004e7,1.8073248166666675e7,-5.283990802083328e6
Paris,18,96,900000,3,reachable_union,881fb46411fffff,2.1222120489583317e7,1.6906091447916634e7,-4.316029041666683e6
Paris,18,96,900000,3,reachable_union,881fb46413fffff,1.997385676041668e7,1.6587846697916657e7,-3.3860100625000224e6
Paris,18,96,900000,3,reachable_union,881fb46415fffff,2.1946786937499996e7,1.7226416541666646e7,-4.720370395833351e6
Paris,18,96,900000,3,reachable_union,881fb46417fffff,2.118052523958332e7,1.691132111458333e7,-4.269204124999993e6
Paris,18,96,900000,3,reachable_union,881fb46419fffff,2.2402661979166657e7,1.7346491197916638e7,-5.056170781250019e6
Paris,18,96,900000,3,reachable_union,881fb4641bfffff,1.9886490802083354e7,1.5919963468750004e7,-3.9665273333333507e6
Paris,18,96,900000,3,reachable_union,881fb4641dfffff,2.1946869895833332e7,1.7311958968749985e7,-4.634910927083347e6
Paris,18,96,900000,3,reachable_union,881fb46421fffff,2.1551992760416653e7,1.6958471364583317e7,-4.593521395833336e6
Paris,18,96,900000,3,reachable_union,881fb46423fffff,2.0958691333333313e7,1.6814290468749966e7,-4.144400864583347e6
Paris,18,96,900000,3,reachable_union,881fb46425fffff,2.1948564874999996e7,1.7157269614583332e7,-4.791295260416664e6
Paris,18,96,900000,3,reachable_union,881fb46427fffff,2.0714466395833336e7,1.6789383937499993e7,-3.9250824583333433e6
Paris,18,96,900000,3,reachable_union,881fb46429fffff,2.264265036458334e7,1.7410094010416616e7,-5.232556354166724e6
Paris,18,96,900000,3,reachable_union,881fb4642bfffff,2.227393293749999e7,1.7259542010416646e7,-5.014390927083343e6
Paris,18,96,900000,3,reachable_union,881fb4642dfffff,2.2260818604166668e7,1.724093482291663e7,-5.019883781250037e6
Paris,18,96,900000,3,reachable_union,881fb46431fffff,2.159425933333333e7,1.6746053312499983e7,-4.848206020833345e6
Paris,18,96,900000,3,reachable_union,881fb46433fffff,2.2294306062499993e7,1.6792747229166653e7,-5.50155883333334e6
Paris,18,96,900000,3,reachable_union,881fb46435fffff,2.0945493041666653e7,1.666778949999998e7,-4.2777035416666735e6
Paris,18,96,900000,3,reachable_union,881fb46437fffff,2.18855485625e7,1.650363546874998e7,-5.3819130937500205e6
Paris,18,96,900000,3,reachable_union,881fb46439fffff,2.158742039583333e7,1.7159705697916634e7,-4.427714697916694e6
Paris,18,96,900000,3,reachable_union,881fb4643bfffff,2.2073755177083332e7,1.7034980458333332e7,-5.03877471875e6
Paris,18,96,900000,3,reachable_union,881fb4643dfffff,2.1104983604166653e7,1.700551922916666e7,-4.0994643749999925e6
Paris,18,96,900000,3,reachable_union,881fb46441fffff,2.5775879541666664e7,2.1036013114583407e7,-4.739866427083258e6
Paris,18,96,900000,3,reachable_union,881fb46443fffff,2.5112206812500007e7,1.874719979166668e7,-6.365007020833328e6
Paris,18,96,900000,3,reachable_union,881fb46445fffff,2.4744173249999996e7,1.99175562291667e7,-4.826617020833295e6
Paris,18,96,900000,3,reachable_union,881fb46447fffff,2.4625033250000004e7,1.8905306375000022e7,-5.719726874999981e6
Paris,18,96,900000,3,reachable_union,881fb46449fffff,2.5523680666666657e7,2.068184241666676e7,-4.841838249999896e6
Paris,18,96,900000,3,reachable_union,881fb4644bfffff,2.5163773593750007e7,1.963189641666669e7,-5.531877177083317e6
Paris,18,96,900000,3,reachable_union,881fb4644dfffff,2.561463853124998e7,2.1088174687500093e7,-4.526463843749888e6
Paris,18,96,900000,3,reachable_union,881fb46451fffff,2.364251751041666e7,1.7916608895833343e7,-5.725908614583317e6
Paris,18,96,900000,3,reachable_union,881fb46453fffff,2.255656789583332e7,1.7497264281249937e7,-5.059303614583384e6
Paris,18,96,900000,3,reachable_union,881fb46455fffff,2.4427402885416664e7,1.82975744166667e7,-6.129828468749963e6
Paris,18,96,900000,3,reachable_union,881fb46457fffff,2.3145004864583332e7,1.7742112041666653e7,-5.402892822916679e6
Paris,18,96,900000,3,reachable_union,881fb46459fffff,2.396205831249999e7,1.8673211166666683e7,-5.288847145833306e6
Paris,18,96,900000,3,reachable_union,881fb4645bfffff,2.315237305208333e7,1.7826303468749996e7,-5.326069583333332e6
Paris,18,96,900000,3,reachable_union,881fb4645dfffff,2.4799422302083332e7,1.9132591760416698e7,-5.666830541666634e6
Paris,18,96,900000,3,reachable_union,881fb46461fffff,2.341082774999998e7,1.785965538541666e7,-5.551172364583321e6
Paris,18,96,900000,3,reachable_union,881fb46463fffff,2.3207328218749996e7,1.778378412499997e7,-5.423544093750026e6
Paris,18,96,900000,3,reachable_union,881fb46465fffff,2.317452683333331e7,1.8420775760416675e7,-4.753751072916634e6
Paris,18,96,900000,3,reachable_union,881fb46467fffff,2.2807478760416657e7,1.766631179166664e7,-5.141166968750015e6
Paris,18,96,900000,3,reachable_union,881fb46469fffff,2.437752974999997e7,1.8862924927083332e7,-5.514604822916638e6
Paris,18,96,900000,3,reachable_union,881fb4646bfffff,2.410575779166666e7,1.831380164583335e7,-5.79195614583331e6
Paris,18,96,900000,3,reachable_union,881fb4646dfffff,2.385967606249998e7,1.888167922916668e7,-4.977996833333302e6
Paris,18,96,900000,3,reachable_union,881fb46481fffff,2.0898256437499996e7,1.5099186645833327e7,-5.79906979166667e6
Paris,18,96,900000,3,reachable_union,881fb46483fffff,2.0210204041666668e7,1.5047008364583319e7,-5.163195677083349e6
Paris,18,96,900000,3,reachable_union,881fb46485fffff,2.046718703125e7,1.508755208333332e7,-5.379634947916679e6
Paris,18,96,900000,3,reachable_union,881fb46487fffff,1.9266134177083332e7,1.4831729406249989e7,-4.434404770833343e6
Paris,18,96,900000,3,reachable_union,881fb46489fffff,2.066970784375e7,1.510810751041666e7,-5.56160033333334e6
Paris,18,96,900000,3,reachable_union,881fb4648bfffff,2.0120362208333336e7,1.4965227718749998e7,-5.155134489583338e6
Paris,18,96,900000,3,reachable_union,881fb4648dfffff,2.0828912052083332e7,1.5206127677083323e7,-5.622784375000009e6
Paris,18,96,900000,3,reachable_union,881fb46491fffff,1.9798020489583332e7,1.4990659916666616e7,-4.807360572916716e6
Paris,18,96,900000,3,reachable_union,881fb46493fffff,1.939742487500001e7,1.500498640624995e7,-4.3924384687500615e6
Paris,18,96,900000,3,reachable_union,881fb46495fffff,1.9173128854166664e7,1.47613698125e7,-4.411759041666664e6
Paris,18,96,900000,3,reachable_union,881fb46497fffff,1.859863719791667e7,1.4557248093749976e7,-4.041389104166696e6
Paris,18,96,900000,3,reachable_union,881fb46499fffff,1.966438891666666e7,1.5106463020833313e7,-4.557925895833347e6
Paris,18,96,900000,3,reachable_union,881fb4649bfffff,1.962385072916666e7,1.5219951927083282e7,-4.403898802083379e6
Paris,18,96,900000,3,reachable_union,881fb4649dfffff,1.9330428270833313e7,1.4749965760416634e7,-4.580462510416679e6
Paris,18,96,900000,3,reachable_union,881fb464a1fffff,1.9957227718749996e7,1.4959728770833299e7,-4.997498947916698e6
Paris,18,96,900000,3,reachable_union,881fb464a3fffff,1.888201780208332e7,1.4533173947916636e7,-4.348843854166685e6
Paris,18,96,900000,3,reachable_union,881fb464a5fffff,1.994260183333332e7,1.5169847989583276e7,-4.772753843750045e6
Paris,18,96,900000,3,reachable_union,881fb464a7fffff,1.936034861458332e7,1.4963406833333286e7,-4.396941781250035e6
Paris,18,96,900000,3,reachable_union,881fb464a9fffff,2.025650880208331e7,1.5028303927083313e7,-5.228204874999996e6
Paris,18,96,900000,3,reachable_union,881fb464abfffff,1.9500227604166634e7,1.4827230447916644e7,-4.672997156249991e6
Paris,18,96,900000,3,reachable_union,881fb464adfffff,2.029835077083332e7,1.4988387708333291e7,-5.30996306250003e6
Paris,18,96,900000,3,reachable_union,881fb464b1fffff,1.870743053124999e7,1.4970204979166646e7,-3.7372255520833433e6
Paris,18,96,900000,3,reachable_union,881fb464b3fffff,1.8541074218750004e7,1.4885882468749952e7,-3.655191750000052e6
Paris,18,96,900000,3,reachable_union,881fb464b5fffff,1.847629534375e7,1.4865054624999974e7,-3.611240718750026e6
Paris,18,96,900000,3,reachable_union,881fb464b7fffff,1.8338213041666668e7,1.4973958687499965e7,-3.3642543541667033e6
Paris,18,96,900000,3,reachable_union,881fb464b9fffff,1.917089369791664e7,1.457706553125002e7,-4.593828166666621e6
Paris,18,96,900000,3,reachable_union,881fb464bbfffff,1.867173006249999e7,1.4952774895833293e7,-3.718955166666696e6
Paris,18,96,900000,3,reachable_union,881fb464bdfffff,1.9113338541666634e7,1.4971981291666647e7,-4.141357249999987e6
Paris,18,96,900000,3,reachable_union,881fb464c1fffff,2.075642144791664e7,1.6008854124999965e7,-4.747567322916677e6
Paris,18,96,900000,3,reachable_union,881fb464c3fffff,1.996561070833331e7,1.510329708333331e7,-4.862313625e6
Paris,18,96,900000,3,reachable_union,881fb464c5fffff,2.083115383333333e7,1.6351280499999957e7,-4.479873333333371e6
Paris,18,96,900000,3,reachable_union,881fb464c7fffff,2.166431180208333e7,1.6040510666666655e7,-5.6238011354166735e6
Paris,18,96,900000,3,reachable_union,881fb464c9fffff,2.0920085385416653e7,1.594748959374997e7,-4.972595791666683e6
Paris,18,96,900000,3,reachable_union,881fb464cbfffff,2.068967786458332e7,1.55175907083333e7,-5.1720871562500205e6
Paris,18,96,900000,3,reachable_union,881fb464cdfffff,1.946509787499998e7,1.5501125499999978e7,-3.9639723750000037e6
Paris,18,96,900000,3,reachable_union,881fb464d1fffff,1.8835332374999974e7,1.461261228125001e7,-4.222720093749965e6
Paris,18,96,900000,3,reachable_union,881fb464d3fffff,1.957316414583332e7,1.4978198364583293e7,-4.594965781250028e6
Paris,18,96,900000,3,reachable_union,881fb464d5fffff,1.998873303124998e7,1.4911294708333313e7,-5.077438322916668e6
Paris,18,96,900000,3,reachable_union,881fb464d7fffff,1.9746063302083317e7,1.5039232593749974e7,-4.706830708333343e6
Paris,18,96,900000,3,reachable_union,881fb464d9fffff,2.123038305208334e7,1.59247899895833e7,-5.305593062500039e6
Paris,18,96,900000,3,reachable_union,881fb464dbfffff,2.018258010416664e7,1.5247447041666653e7,-4.935133062499989e6
Paris,18,96,900000,3,reachable_union,881fb464ddfffff,1.957049332291665e7,1.5246004781249981e7,-4.324488541666668e6
Paris,18,96,900000,3,reachable_union,881fb464e1fffff,2.1118975968749993e7,1.5481034135416657e7,-5.637941833333336e6
Paris,18,96,900000,3,reachable_union,881fb464e3fffff,2.032338185416664e7,1.5017160343749965e7,-5.306221510416677e6
Paris,18,96,900000,3,reachable_union,881fb464e5fffff,2.1846778729166668e7,1.653882193749994e7,-5.3079567916667275e6
Paris,18,96,900000,3,reachable_union,881fb464e7fffff,2.0984777406249996e7,1.5287983812499946e7,-5.69679359375005e6
Paris,18,96,900000,3,reachable_union,881fb464e9fffff,2.112915945833335e7,1.6713752489583267e7,-4.415406968750084e6
Paris,18,96,900000,3,reachable_union,881fb464ebfffff,2.0337136614583317e7,1.5251050062499972e7,-5.086086552083345e6
Paris,18,96,900000,3,reachable_union,881fb464edfffff,2.1409022083333317e7,1.6746515333333258e7,-4.66250675000006e6
Paris,18,96,900000,3,reachable_union,881fb46501fffff,2.1301820395833317e7,1.7420133489583313e7,-3.8816869062500037e6
Paris,18,96,900000,3,reachable_union,881fb46503fffff,2.1555893364583313e7,1.789812935416674e7,-3.657764010416575e6
Paris,18,96,900000,3,reachable_union,881fb46505fffff,2.101057591666665e7,1.8417455812500086e7,-2.5931201041665636e6
Paris,18,96,900000,3,reachable_union,881fb46507fffff,2.0361710156249985e7,1.698678884374997e7,-3.374921312500015e6
Paris,18,96,900000,3,reachable_union,881fb46509fffff,2.1396472822916657e7,1.7579331020833347e7,-3.8171418020833097e6
Paris,18,96,900000,3,reachable_union,881fb4650bfffff,2.2121010854166646e7,1.8186703687500093e7,-3.9343071666665524e6
Paris,18,96,900000,3,reachable_union,881fb4650dfffff,2.1116055437499985e7,1.7550184708333354e7,-3.5658707291666307e6
Paris,18,96,900000,3,reachable_union,881fb46511fffff,2.086200463541665e7,1.7331470927083343e7,-3.530533708333306e6
Paris,18,96,900000,3,reachable_union,881fb46513fffff,2.008010957291666e7,1.626790490624995e7,-3.8122046666667107e6
Paris,18,96,900000,3,reachable_union,881fb46515fffff,2.073623683333333e7,1.7219371583333325e7,-3.5168652500000037e6
Paris,18,96,900000,3,reachable_union,881fb46517fffff,1.9985121906249985e7,1.8045218375000067e7,-1.939903531249918e6
Paris,18,96,900000,3,reachable_union,881fb46519fffff,2.1484155479166653e7,1.6549891864583272e7,-4.9342636145833805e6
Paris,18,96,900000,3,reachable_union,881fb4651bfffff,2.1279798156249996e7,1.6979295906249948e7,-4.300502250000048e6
Paris,18,96,900000,3,reachable_union,881fb4651dfffff,2.164469693749999e7,1.830823477083341e7,-3.3364621666665785e6
Paris,18,96,900000,3,reachable_union,881fb46521fffff,1.992562909374999e7,1.759043914583332e7,-2.335189947916668e6
Paris,18,96,900000,3,reachable_union,881fb46523fffff,1.9464457333333336e7,1.7569545729166646e7,-1.8949116041666903e6
Paris,18,96,900000,3,reachable_union,881fb46525fffff,2.014886641666663e7,1.847346793750007e7,-1.6753984791665599e6
Paris,18,96,900000,3,reachable_union,881fb46527fffff,1.9840342093749974e7,1.803404717708338e7,-1.8062949166665934e6
Paris,18,96,900000,3,reachable_union,881fb46529fffff,2.078643239583331e7,1.813667896875007e7,-2.649753427083239e6
Paris,18,96,900000,3,reachable_union,881fb4652bfffff,2.0375460364583317e7,1.806493764583339e7,-2.3105227187499255e6
Paris,18,96,900000,3,reachable_union,881fb4652dfffff,1.995521638541665e7,1.780330087500001e7,-2.151915510416638e6
Paris,18,96,900000,3,reachable_union,881fb46531fffff,2.0338668906249974e7,1.7120186645833287e7,-3.2184822604166865e6
Paris,18,96,900000,3,reachable_union,881fb46533fffff,2.009615185416664e7,1.733198104166667e7,-2.76417081249997e6
Paris,18,96,900000,3,reachable_union,881fb46535fffff,2.0186662156249985e7,1.7462651302083325e7,-2.7240108541666605e6
Paris,18,96,900000,3,reachable_union,881fb46537fffff,2.0962235260416653e7,1.8188269354166742e7,-2.7739659062499106e6
Paris,18,96,900000,3,reachable_union,881fb46539fffff,2.1813087427083317e7,1.7628232666666705e7,-4.184854760416612e6
Paris,18,96,900000,3,reachable_union,881fb4653bfffff,2.0110943604166668e7,1.7984974968750022e7,-2.1259686354166456e6
Paris,18,96,900000,3,reachable_union,881fb4653dfffff,2.068270131249999e7,1.7535101083333276e7,-3.1476002291667126e6
Paris,18,96,900000,3,reachable_union,881fb46541fffff,2.233018744791665e7,1.860799329166668e7,-3.72219415624997e6
Paris,18,96,900000,3,reachable_union,881fb46543fffff,2.247632666666666e7,1.9288159281250067e7,-3.1881673854165934e6
Paris,18,96,900000,3,reachable_union,881fb46545fffff,2.2220076072916646e7,1.8421443375000022e7,-3.798632697916623e6
Paris,18,96,900000,3,reachable_union,881fb46547fffff,2.1715700041666653e7,1.7653012749999978e7,-4.0626872916666754e6
Paris,18,96,900000,3,reachable_union,881fb46549fffff,2.267441364583333e7,2.0478339562500086e7,-2.1960740833332427e6
Paris,18,96,900000,3,reachable_union,881fb4654bfffff,2.2575982697916657e7,2.049349743750005e7,-2.0824852604166083e6
Paris,18,96,900000,3,reachable_union,881fb4654dfffff,2.2416932114583313e7,1.984753679166675e7,-2.5693953229165636e6
Paris,18,96,900000,3,reachable_union,881fb46551fffff,2.2126878020833313e7,1.7778688604166668e7,-4.348189416666646e6
Paris,18,96,900000,3,reachable_union,881fb46553fffff,2.231872912499999e7,1.697718045833327e7,-5.34154866666672e6
Paris,18,96,900000,3,reachable_union,881fb46555fffff,2.1828964739583306e7,1.815949366666669e7,-3.6694710729166158e6
Paris,18,96,900000,3,reachable_union,881fb46557fffff,2.162819192708333e7,1.7845512718749985e7,-3.7826792083333433e6
Paris,18,96,900000,3,reachable_union,881fb46559fffff,2.2670065729166664e7,1.847726061458335e7,-4.1928051145833135e6
Paris,18,96,900000,3,reachable_union,881fb4655bfffff,2.2700631166666653e7,1.78635244479167e7,-4.837106718749952e6
Paris,18,96,900000,3,reachable_union,881fb4655dfffff,2.2606778802083325e7,1.970863929166674e7,-2.898139510416586e6
Paris,18,96,900000,3,reachable_union,881fb46561fffff,2.1268040687499978e7,1.8793315416666687e7,-2.474725270833291e6
Paris,18,96,900000,3,reachable_union,881fb46563fffff,2.1033668510416653e7,1.785161423958334e7,-3.1820542708333135e6
Paris,18,96,900000,3,reachable_union,881fb46565fffff,2.025787885416665e7,1.793244439583336e7,-2.325434458333291e6
Paris,18,96,900000,3,reachable_union,881fb46567fffff,2.0871233177083306e7,1.800606140625e7,-2.865171770833306e6
Paris,18,96,900000,3,reachable_union,881fb46569fffff,2.113065141666665e7,1.760538243749998e7,-3.525268979166668e6
Paris,18,96,900000,3,reachable_union,881fb4656bfffff,2.117386162499998e7,1.789746112500002e7,-3.2764004999999627e6
Paris,18,96,900000,3,reachable_union,881fb4656dfffff,2.106757780208332e7,1.8147922447916705e7,-2.9196553541666158e6
Paris,18,96,900000,3,reachable_union,881fb46581fffff,2.029657164583333e7,1.4890895281249994e7,-5.405676364583334e6
Paris,18,96,900000,3,reachable_union,881fb46583fffff,1.9181164458333343e7,1.4011703010416666e7,-5.169461447916677e6
Paris,18,96,900000,3,reachable_union,881fb46585fffff,2.0398433625000007e7,1.4893667177083317e7,-5.50476644791669e6
Paris,18,96,900000,3,reachable_union,881fb46587fffff,1.978514411458333e7,1.463091938541666e7,-5.154224729166668e6
Paris,18,96,900000,3,reachable_union,881fb46589fffff,2.0383201375000004e7,1.4888975677083327e7,-5.494225697916677e6
Paris,18,96,900000,3,reachable_union,881fb4658bfffff,1.9177932354166675e7,1.4212084083333343e7,-4.965848270833332e6
Paris,18,96,900000,3,reachable_union,881fb4658dfffff,2.034259286458334e7,1.5017105749999989e7,-5.325487114583351e6
Paris,18,96,900000,3,reachable_union,881fb46591fffff,1.981092305208333e7,1.4673981697916644e7,-5.136941354166685e6
Paris,18,96,900000,3,reachable_union,881fb46593fffff,1.966626968750001e7,1.5014573166666644e7,-4.6516965208333675e6
Paris,18,96,900000,3,reachable_union,881fb46595fffff,1.981821783333333e7,1.4775077354166668e7,-5.04314047916666e6
Paris,18,96,900000,3,reachable_union,881fb46597fffff,1.864535521875001e7,1.3915593489583313e7,-4.729761729166698e6
Paris,18,96,900000,3,reachable_union,881fb46599fffff,2.0211574718750004e7,1.4828245937499981e7,-5.383328781250022e6
Paris,18,96,900000,3,reachable_union,881fb4659bfffff,1.9602279354166675e7,1.5103447114583299e7,-4.498832239583377e6
Paris,18,96,900000,3,reachable_union,881fb4659dfffff,2.2003046312499993e7,1.5367801406249981e7,-6.635244906250011e6
Paris,18,96,900000,3,reachable_union,881fb465a1fffff,1.9530731427083332e7,1.4735310604166659e7,-4.7954208229166735e6
Paris,18,96,900000,3,reachable_union,881fb465a3fffff,2.0375618520833336e7,1.4878869864583306e7,-5.49674865625003e6
Paris,18,96,900000,3,reachable_union,881fb465a5fffff,1.94905223125e7,1.481830097916663e7,-4.672221333333369e6
Paris,18,96,900000,3,reachable_union,881fb465a7fffff,1.9393818166666664e7,1.4765201687499955e7,-4.628616479166709e6
Paris,18,96,900000,3,reachable_union,881fb465a9fffff,1.9950658906250004e7,1.4766013260416659e7,-5.184645645833345e6
Paris,18,96,900000,3,reachable_union,881fb465abfffff,1.998997405208332e7,1.4824494187500002e7,-5.165479864583319e6
Paris,18,96,900000,3,reachable_union,881fb465adfffff,1.904326494791667e7,1.4627167135416634e7,-4.416097812500037e6
Paris,18,96,900000,3,reachable_union,881fb465b1fffff,1.929848864583334e7,1.450548169791665e7,-4.79300694791669e6
Paris,18,96,900000,3,reachable_union,881fb465b3fffff,1.9246627447916664e7,1.4846591874999985e7,-4.400035572916679e6
Paris,18,96,900000,3,reachable_union,881fb465b5fffff,1.938638671875e7,1.4812103552083328e7,-4.574283166666672e6
Paris,18,96,900000,3,reachable_union,881fb465b7fffff,1.926484635416666e7,1.4635839208333306e7,-4.629007145833354e6
Paris,18,96,900000,3,reachable_union,881fb465b9fffff,1.8617177958333343e7,1.4172696458333334e7,-4.444481500000009e6
Paris,18,96,900000,3,reachable_union,881fb465bbfffff,1.8235406145833343e7,1.3826220833333308e7,-4.409185312500035e6
Paris,18,96,900000,3,reachable_union,881fb465bdfffff,1.9483693854166668e7,1.4767380343749994e7,-4.7163135104166735e6
Paris,18,96,900000,3,reachable_union,881fb465c1fffff,2.024172169791667e7,1.5703915437500007e7,-4.537806260416664e6
Paris,18,96,900000,3,reachable_union,881fb465c3fffff,1.975118453125e7,1.5117517697916653e7,-4.633666833333347e6
Paris,18,96,900000,3,reachable_union,881fb465c5fffff,2.0927550843749996e7,1.5595717927083312e7,-5.331832916666685e6
Paris,18,96,900000,3,reachable_union,881fb465c7fffff,2.237189514583335e7,1.7480762833333284e7,-4.891132312500067e6
Paris,18,96,900000,3,reachable_union,881fb465c9fffff,2.0849014604166675e7,1.6659700229166636e7,-4.189314375000039e6
Paris,18,96,900000,3,reachable_union,881fb465cbfffff,2.1213679322916668e7,1.6368747093749965e7,-4.844932229166703e6
Paris,18,96,900000,3,reachable_union,881fb465cdfffff,2.086528387500001e7,1.68251918333333e7,-4.0400920416667126e6
Paris,18,96,900000,3,reachable_union,881fb465d1fffff,2.2007998854166653e7,1.6263772895833312e7,-5.744225958333341e6
Paris,18,96,900000,3,reachable_union,881fb465d3fffff,2.0536051875000007e7,1.5117037781249996e7,-5.419014093750011e6
Paris,18,96,900000,3,reachable_union,881fb465d5fffff,2.0934656093750007e7,1.5037941666666662e7,-5.896714427083345e6
Paris,18,96,900000,3,reachable_union,881fb465d7fffff,1.965334535416668e7,1.4720156541666677e7,-4.933188812500002e6
Paris,18,96,900000,3,reachable_union,881fb465d9fffff,2.2127821239583325e7,1.6620594427083319e7,-5.507226812500006e6
Paris,18,96,900000,3,reachable_union,881fb465dbfffff,2.1441352364583336e7,1.5918953333333345e7,-5.522399031249991e6
Paris,18,96,900000,3,reachable_union,881fb465ddfffff,2.1413973260416687e7,1.5441344687500011e7,-5.972628572916675e6
Paris,18,96,900000,3,reachable_union,881fb465e1fffff,1.9714607520833336e7,1.4912130166666642e7,-4.802477354166694e6
Paris,18,96,900000,3,reachable_union,881fb465e3fffff,2.032668181250001e7,1.4855985104166647e7,-5.470696708333364e6
Paris,18,96,900000,3,reachable_union,881fb465e5fffff,1.921335667708333e7,1.491323276041665e7,-4.300123916666679e6
Paris,18,96,900000,3,reachable_union,881fb465e7fffff,2.0105961989583343e7,1.4803755020833313e7,-5.30220696875003e6
Paris,18,96,900000,3,reachable_union,881fb465e9fffff,1.86260426875e7,1.502364752083332e7,-3.602395166666679e6
Paris,18,96,900000,3,reachable_union,881fb465ebfffff,1.9961864885416683e7,1.4823071708333319e7,-5.138793177083364e6
Paris,18,96,900000,3,reachable_union,881fb465edfffff,1.9568212020833325e7,1.6678114052083295e7,-2.89009796875003e6
Paris,18,96,900000,3,reachable_union,881fb46601fffff,2.5839591750000034e7,2.417962408333339e7,-1.6599676666666418e6
Paris,18,96,900000,3,reachable_union,881fb46603fffff,2.5442190614583373e7,2.237561421875006e7,-3.0665763958333135e6
Paris,18,96,900000,3,reachable_union,881fb46605fffff,2.607076323958336e7,2.4401659864583384e7,-1.669103374999974e6
Paris,18,96,900000,3,reachable_union,881fb46607fffff,2.569609741666669e7,2.2450198875000075e7,-3.2458985416666158e6
Paris,18,96,900000,3,reachable_union,881fb46609fffff,2.5913478375000045e7,2.402350477083338e7,-1.8899736041666642e6
Paris,18,96,900000,3,reachable_union,881fb4660bfffff,2.5510054479166698e7,2.28305039583334e7,-2.6795505208332986e6
Paris,18,96,900000,3,reachable_union,881fb4660dfffff,2.6306977135416698e7,2.5702675010416724e7,-604302.1249999739
Paris,18,96,900000,3,reachable_union,881fb46611fffff,2.4539656437500037e7,2.0175290593750015e7,-4.364365843750022e6
Paris,18,96,900000,3,reachable_union,881fb46613fffff,2.4081282218750037e7,1.8922781625000004e7,-5.1585005937500335e6
Paris,18,96,900000,3,reachable_union,881fb46615fffff,2.492962783333337e7,2.065497521875001e7,-4.274652614583358e6
Paris,18,96,900000,3,reachable_union,881fb46617fffff,2.4109284125000022e7,1.922349256250001e7,-4.885791562500011e6
Paris,18,96,900000,3,reachable_union,881fb46619fffff,2.4612787958333362e7,2.009078707291667e7,-4.52200088541669e6
Paris,18,96,900000,3,reachable_union,881fb4661bfffff,2.349725989583338e7,1.883176379166668e7,-4.665496104166701e6
Paris,18,96,900000,3,reachable_union,881fb4661dfffff,2.5175538187500045e7,2.148548898958336e7,-3.6900491979166865e6
Paris,18,96,900000,3,reachable_union,881fb46621fffff,2.5694231416666694e7,2.09644033854167e7,-4.729828031249993e6
Paris,18,96,900000,3,reachable_union,881fb46623fffff,2.5850274729166698e7,2.118180360416672e7,-4.668471124999978e6
Paris,18,96,900000,3,reachable_union,881fb46625fffff,2.6015193218750022e7,2.10242563958334e7,-4.990936822916623e6
Paris,18,96,900000,3,reachable_union,881fb46627fffff,2.5711889093750034e7,2.07931008541667e7,-4.918788239583332e6
Paris,18,96,900000,3,reachable_union,881fb46629fffff,2.5951377093750026e7,2.2700658104166724e7,-3.2507189895833023e6
Paris,18,96,900000,3,reachable_union,881fb4662bfffff,2.5923037781250034e7,2.245842179166672e7,-3.4646159895833135e6
Paris,18,96,900000,3,reachable_union,881fb4662dfffff,2.6005267645833366e7,2.199942290625003e7,-4.005844739583336e6
Paris,18,96,900000,3,reachable_union,881fb46631fffff,2.51635276666667e7,1.9928892562500037e7,-5.234635104166664e6
Paris,18,96,900000,3,reachable_union,881fb46633fffff,2.34858641354167e7,1.8845610989583343e7,-4.640253145833358e6
Paris,18,96,900000,3,reachable_union,881fb46635fffff,2.529815834375003e7,2.0105042062500015e7,-5.193116281250015e6
Paris,18,96,900000,3,reachable_union,881fb46637fffff,2.4593652093750052e7,1.9419919947916687e7,-5.173732145833366e6
Paris,18,96,900000,3,reachable_union,881fb46639fffff,2.539711911458336e7,2.121897960416671e7,-4.1781395104166493e6
Paris,18,96,900000,3,reachable_union,881fb4663bfffff,2.4694707354166705e7,1.9957601833333366e7,-4.73710552083334e6
Paris,18,96,900000,3,reachable_union,881fb4663dfffff,2.5657289875000034e7,2.1111923531250026e7,-4.545366343750007e6
Paris,18,96,900000,3,reachable_union,881fb46641fffff,2.453025866666671e7,2.1700317854166705e7,-2.8299408125000037e6
Paris,18,96,900000,3,reachable_union,881fb46643fffff,2.5371324333333373e7,2.21253841666667e7,-3.2459401666666716e6
Paris,18,96,900000,3,reachable_union,881fb46645fffff,2.565197014583337e7,2.245004856250006e7,-3.2019215833333097e6
Paris,18,96,900000,3,reachable_union,881fb46647fffff,2.573537531250003e7,2.3921086437500045e7,-1.814288874999985e6
Paris,18,96,900000,3,reachable_union,881fb46649fffff,2.3657198093750037e7,1.996954425e7,-3.6876538437500373e6
Paris,18,96,900000,3,reachable_union,881fb4664bfffff,2.4780567145833366e7,2.1139228072916724e7,-3.641339072916642e6
Paris,18,96,900000,3,reachable_union,881fb4664dfffff,2.5430976354166694e7,2.100412788541672e7,-4.426848468749974e6
Paris,18,96,900000,3,reachable_union,881fb46651fffff,2.448618868750004e7,2.0282541562500026e7,-4.203647125000015e6
Paris,18,96,900000,3,reachable_union,881fb46653fffff,2.3580442510416716e7,1.985405318750001e7,-3.726389322916705e6
Paris,18,96,900000,3,reachable_union,881fb46655fffff,2.532329462500004e7,2.2039935906250037e7,-3.2833587187500037e6
Paris,18,96,900000,3,reachable_union,881fb46657fffff,2.5270208145833377e7,2.1208892083333384e7,-4.0613160624999925e6
Paris,18,96,900000,3,reachable_union,881fb46659fffff,2.419234877083338e7,1.960382540625005e7,-4.588523364583332e6
Paris,18,96,900000,3,reachable_union,881fb4665bfffff,2.355689361458337e7,1.909785631250001e7,-4.459037302083358e6
Paris,18,96,900000,3,reachable_union,881fb4665dfffff,2.5626177052083362e7,2.0519849260416675e7,-5.106327791666687e6
Paris,18,96,900000,3,reachable_union,881fb46661fffff,2.579601611458335e7,2.2902875114583384e7,-2.8931409999999665e6
Paris,18,96,900000,3,reachable_union,881fb46663fffff,2.599073652083335e7,2.3943572052083388e7,-2.0471644687499627e6
Paris,18,96,900000,3,reachable_union,881fb46665fffff,2.589727087500002e7,2.175931836458337e7,-4.1379525104166493e6
Paris,18,96,900000,3,reachable_union,881fb46667fffff,2.5883442000000022e7,2.273607268750008e7,-3.147369312499944e6
Paris,18,96,900000,3,reachable_union,881fb46669fffff,2.561470542708337e7,2.223856300000008e7,-3.376142427083291e6
Paris,18,96,900000,3,reachable_union,881fb4666bfffff,2.600793078125004e7,2.3828733052083388e7,-2.179197729166653e6
Paris,18,96,900000,3,reachable_union,881fb4666dfffff,2.5670629104166694e7,2.1433983177083366e7,-4.236645927083328e6
Paris,18,96,900000,3,reachable_union,881fb46681fffff,2.174041691666669e7,1.6695932406249955e7,-5.044484510416735e6
Paris,18,96,900000,3,reachable_union,881fb46683fffff,2.078977071875001e7,1.6587655479166646e7,-4.202115239583366e6
Paris,18,96,900000,3,reachable_union,881fb46685fffff,2.2119046406250004e7,1.671626658333329e7,-5.4027798229167145e6
Paris,18,96,900000,3,reachable_union,881fb46687fffff,2.164103863541669e7,1.6615324958333295e7,-5.025713677083395e6
Paris,18,96,900000,3,reachable_union,881fb46689fffff,2.1283674520833347e7,1.6493255874999987e7,-4.79041864583336e6
Paris,18,96,900000,3,reachable_union,881fb4668bfffff,2.0940913656250022e7,1.6638125999999972e7,-4.30278765625005e6
Paris,18,96,900000,3,reachable_union,881fb4668dfffff,2.194982245833335e7,1.6634377354166623e7,-5.3154451041667275e6
Paris,18,96,900000,3,reachable_union,881fb46691fffff,2.049548297916666e7,1.666238779166664e7,-3.8330951875000205e6
Paris,18,96,900000,3,reachable_union,881fb46693fffff,2.002541463541666e7,1.655107887499998e7,-3.474335760416681e6
Paris,18,96,900000,3,reachable_union,881fb46695fffff,2.0728207708333332e7,1.66529045208333e7,-4.0753031875000317e6
Paris,18,96,900000,3,reachable_union,881fb46697fffff,2.092698875e7,1.672270547916664e7,-4.20428327083336e6
Paris,18,96,900000,3,reachable_union,881fb46699fffff,2.0578222541666657e7,1.6465051093749983e7,-4.1131714479166735e6
Paris,18,96,900000,3,reachable_union,881fb4669bfffff,2.1578442604166657e7,1.6679136739583317e7,-4.89930586458334e6
Paris,18,96,900000,3,reachable_union,881fb4669dfffff,2.096802408333332e7,1.6716599833333286e7,-4.251424250000035e6
Paris,18,96,900000,3,reachable_union,881fb466a1fffff,2.2800383114583343e7,1.690519159374999e7,-5.895191520833354e6
Paris,18,96,900000,3,reachable_union,881fb466a3fffff,2.199914183333334e7,1.6440462927083306e7,-5.5586789062500335e6
Paris,18,96,900000,3,reachable_union,881fb466a5fffff,2.200692679166667e7,1.6898683135416683e7,-5.108243656249989e6
Paris,18,96,900000,3,reachable_union,881fb466a7fffff,2.1952256645833347e7,1.6920890052083332e7,-5.031366593750015e6
Paris,18,96,900000,3,reachable_union,881fb466a9fffff,2.1914829458333343e7,1.6627243489583319e7,-5.287585968750024e6
Paris,18,96,900000,3,reachable_union,881fb466abfffff,2.1893300468750004e7,1.6602958322916642e7,-5.290342145833362e6
Paris,18,96,900000,3,reachable_union,881fb466adfffff,2.299437344791669e7,1.7579501541666668e7,-5.414871906250022e6
Paris,18,96,900000,3,reachable_union,881fb466b1fffff,2.0999679562500015e7,1.63910359270833e7,-4.6086436354167145e6
Paris,18,96,900000,3,reachable_union,881fb466b3fffff,2.0951047583333336e7,1.6481623354166651e7,-4.469424229166685e6
Paris,18,96,900000,3,reachable_union,881fb466b5fffff,2.2112927635416664e7,1.6677208833333312e7,-5.435718802083353e6
Paris,18,96,900000,3,reachable_union,881fb466b7fffff,2.1807126250000007e7,1.665537730208332e7,-5.151748947916687e6
Paris,18,96,900000,3,reachable_union,881fb466b9fffff,2.107222484375e7,1.6599648218749974e7,-4.472576625000026e6
Paris,18,96,900000,3,reachable_union,881fb466bbfffff,2.048089226041667e7,1.6486318364583291e7,-3.9945738958333805e6
Paris,18,96,900000,3,reachable_union,881fb466bdfffff,2.147943238541667e7,1.6509150187499972e7,-4.9702821979167e6
Paris,18,96,900000,3,reachable_union,881fb466c1fffff,2.297014979166669e7,1.8012951010416683e7,-4.957198781250007e6
Paris,18,96,900000,3,reachable_union,881fb466c3fffff,2.170379788541666e7,1.6579394760416644e7,-5.124403125000017e6
Paris,18,96,900000,3,reachable_union,881fb466c5fffff,2.2705988916666683e7,1.7463290624999993e7,-5.24269829166669e6
Paris,18,96,900000,3,reachable_union,881fb466c7fffff,2.0929053229166668e7,1.646479913541665e7,-4.464254093750019e6
Paris,18,96,900000,3,reachable_union,881fb466c9fffff,2.177713922916667e7,1.6960609010416657e7,-4.816530218750015e6
Paris,18,96,900000,3,reachable_union,881fb466cbfffff,2.222792337500001e7,1.7140171875000007e7,-5.087751500000004e6
Paris,18,96,900000,3,reachable_union,881fb466cdfffff,2.242773338541668e7,1.7724422499999996e7,-4.703310885416683e6
Paris,18,96,900000,3,reachable_union,881fb466d1fffff,2.1731324437500004e7,1.6703495135416644e7,-5.02782930208336e6
Paris,18,96,900000,3,reachable_union,881fb466d3fffff,2.1534301135416668e7,1.6591469583333304e7,-4.942831552083364e6
Paris,18,96,900000,3,reachable_union,881fb466d5fffff,2.1702339135416657e7,1.684116734374999e7,-4.861171791666668e6
Paris,18,96,900000,3,reachable_union,881fb466d7fffff,2.1449883385416657e7,1.6692546666666636e7,-4.7573367187500205e6
Paris,18,96,900000,3,reachable_union,881fb466d9fffff,2.1432086968749996e7,1.6837640833333313e7,-4.594446135416683e6
Paris,18,96,900000,3,reachable_union,881fb466dbfffff,2.1933432822916668e7,1.7214624916666664e7,-4.718807906250004e6
Paris,18,96,900000,3,reachable_union,881fb466ddfffff,2.0850434864583325e7,1.633713479166664e7,-4.513300072916685e6
Paris,18,96,900000,3,reachable_union,881fb466e1fffff,2.288149675000001e7,1.721139007291665e7,-5.670106677083362e6
Paris,18,96,900000,3,reachable_union,881fb466e3fffff,2.200458902083333e7,1.6557485645833304e7,-5.447103375000024e6
Paris,18,96,900000,3,reachable_union,881fb466e5fffff,2.3063160218750026e7,1.817326222916667e7,-4.889897989583354e6
Paris,18,96,900000,3,reachable_union,881fb466e7fffff,2.2714587645833347e7,1.7287148552083343e7,-5.427439093750004e6
Paris,18,96,900000,3,reachable_union,881fb466e9fffff,2.2727350562500022e7,1.7907731791666694e7,-4.819618770833328e6
Paris,18,96,900000,3,reachable_union,881fb466ebfffff,2.2226549708333336e7,1.678732602083333e7,-5.439223687500007e6
Paris,18,96,900000,3,reachable_union,881fb466edfffff,2.3528047968750007e7,1.8651659072916698e7,-4.87638889583331e6
Paris,18,96,900000,3,reachable_union,881fb46701fffff,2.4762576531250022e7,2.1943514802083313e7,-2.819061729166709e6
Paris,18,96,900000,3,reachable_union,881fb46703fffff,2.4676453218750026e7,2.1662582718749985e7,-3.013870500000041e6
Paris,18,96,900000,3,reachable_union,881fb46705fffff,2.3774714458333362e7,2.159484735416666e7,-2.1798671041667014e6
Paris,18,96,900000,3,reachable_union,881fb46707fffff,2.3938655708333362e7,2.1573078781249993e7,-2.3655769270833693e6
Paris,18,96,900000,3,reachable_union,881fb46709fffff,2.4771149552083354e7,2.1594289041666664e7,-3.1768605104166903e6
Paris,18,96,900000,3,reachable_union,881fb4670bfffff,2.545794706250001e7,2.170388707291666e7,-3.7540599895833507e6
Paris,18,96,900000,3,reachable_union,881fb4670dfffff,2.4015819208333366e7,2.1660372406249985e7,-2.3554468020833805e6
Paris,18,96,900000,3,reachable_union,881fb46711fffff,2.513505750000002e7,2.088498956250002e7,-4.2500679375e6
Paris,18,96,900000,3,reachable_union,881fb46713fffff,2.4954901562500015e7,2.0700896354166687e7,-4.254005208333328e6
Paris,18,96,900000,3,reachable_union,881fb46715fffff,2.4495803614583373e7,2.1131265531250022e7,-3.3645380833333507e6
Paris,18,96,900000,3,reachable_union,881fb46717fffff,2.445685861458336e7,1.9834725364583336e7,-4.622133250000022e6
Paris,18,96,900000,3,reachable_union,881fb46719fffff,2.601829873958333e7,2.163419766666668e7,-4.384101072916649e6
Paris,18,96,900000,3,reachable_union,881fb4671bfffff,2.5375939083333332e7,2.050089252083336e7,-4.875046562499974e6
Paris,18,96,900000,3,reachable_union,881fb4671dfffff,2.5419174302083343e7,2.1443754770833343e7,-3.97541953125e6
Paris,18,96,900000,3,reachable_union,881fb46721fffff,2.2745428302083347e7,2.0983637656250045e7,-1.7617906458333023e6
Paris,18,96,900000,3,reachable_union,881fb46723fffff,2.3604460739583343e7,2.1107886010416705e7,-2.496574729166638e6
Paris,18,96,900000,3,reachable_union,881fb46725fffff,2.2455995854166687e7,2.095012836458335e7,-1.5058674895833358e6
Paris,18,96,900000,3,reachable_union,881fb46727fffff,2.2597861333333347e7,2.09445473854167e7,-1.6533139479166456e6
Paris,18,96,900000,3,reachable_union,881fb46729fffff,2.3092357385416705e7,2.1250756145833377e7,-1.8416012395833284e6
Paris,18,96,900000,3,reachable_union,881fb4672bfffff,2.282608735416668e7,2.1246582156250022e7,-1.5795051979166567e6
Paris,18,96,900000,3,reachable_union,881fb4672dfffff,2.269147591666669e7,2.0964443677083354e7,-1.7270322395833358e6
Paris,18,96,900000,3,reachable_union,881fb46731fffff,2.374048253125e7,2.0876055760416698e7,-2.8644267708333023e6
Paris,18,96,900000,3,reachable_union,881fb46733fffff,2.31159071875e7,1.922675308333334e7,-3.8891541041666605e6
Paris,18,96,900000,3,reachable_union,881fb46735fffff,2.311465318749998e7,2.0981651177083377e7,-2.1330020104166046e6
Paris,18,96,900000,3,reachable_union,881fb46737fffff,2.266121150000001e7,2.02878255520833e7,-2.3733859479167126e6
Paris,18,96,900000,3,reachable_union,881fb46739fffff,2.487957015625e7,2.1438094000000022e7,-3.4414761562499776e6
Paris,18,96,900000,3,reachable_union,881fb4673bfffff,2.3524322177083306e7,2.039900865624999e7,-3.125313520833317e6
Paris,18,96,900000,3,reachable_union,881fb4673dfffff,2.3726609697916634e7,2.1346750406250056e7,-2.3798592916665785e6
Paris,18,96,900000,3,reachable_union,881fb46741fffff,2.4228393770833325e7,2.0877905375000037e7,-3.3504883958332874e6
Paris,18,96,900000,3,reachable_union,881fb46743fffff,2.501337661458333e7,2.1314367520833373e7,-3.6990090937499553e6
Paris,18,96,900000,3,reachable_union,881fb46745fffff,2.324744940624999e7,2.094568893750003e7,-2.301760468749959e6
Paris,18,96,900000,3,reachable_union,881fb46747fffff,2.380492336458331e7,2.131135791666672e7,-2.4935654479165897e6
Paris,18,96,900000,3,reachable_union,881fb46749fffff,2.489790154166667e7,2.0613547124999996e7,-4.284354416666675e6
Paris,18,96,900000,3,reachable_union,881fb4674bfffff,2.512894509375e7,2.059753390625e7,-4.5314111875e6
Paris,18,96,900000,3,reachable_union,881fb4674dfffff,2.469665247916667e7,2.066682254166665e7,-4.0298299375000224e6
Paris,18,96,900000,3,reachable_union,881fb46751fffff,2.5392471270833325e7,2.0082098229166634e7,-5.31037304166669e6
Paris,18,96,900000,3,reachable_union,881fb46753fffff,2.585295885416665e7,2.0729056729166627e7,-5.123902125000022e6
Paris,18,96,900000,3,reachable_union,881fb46755fffff,2.5175117374999996e7,2.1125455062500034e7,-4.0496623124999627e6
Paris,18,96,900000,3,reachable_union,881fb46757fffff,2.5538728833333317e7,2.1287873552083366e7,-4.250855281249952e6
Paris,18,96,900000,3,reachable_union,881fb46759fffff,2.5677835072916668e7,2.1152202437500045e7,-4.525632635416623e6
Paris,18,96,900000,3,reachable_union,881fb4675bfffff,2.5959393270833317e7,2.1452968239583388e7,-4.506425031249929e6
Paris,18,96,900000,3,reachable_union,881fb4675dfffff,2.5297459770833325e7,2.0395028375e7,-4.902431395833325e6
Paris,18,96,900000,3,reachable_union,881fb46761fffff,2.2769418177083325e7,2.1042903718750037e7,-1.7265144583332874e6
Paris,18,96,900000,3,reachable_union,881fb46763fffff,2.341615280208332e7,2.1522694708333373e7,-1.8934580937499478e6
Paris,18,96,900000,3,reachable_union,881fb46765fffff,2.2424342833333332e7,2.0952354218750015e7,-1.4719886145833172e6
Paris,18,96,900000,3,reachable_union,881fb46767fffff,2.289916727083332e7,2.1245389031250056e7,-1.653778239583265e6
Paris,18,96,900000,3,reachable_union,881fb46769fffff,2.286190762499999e7,2.0956666770833336e7,-1.905240854166653e6
Paris,18,96,900000,3,reachable_union,881fb4676bfffff,2.326169990624999e7,2.125845556250007e7,-2.003244343749918e6
Paris,18,96,900000,3,reachable_union,881fb4676dfffff,2.2499029822916664e7,2.0848203364583336e7,-1.6508264583333284e6
Paris,18,96,900000,3,reachable_union,881fb46e01fffff,1.8980456812499985e7,1.5446008333333334e7,-3.534448479166651e6
Paris,18,96,900000,3,reachable_union,881fb46e03fffff,2.011381685416668e7,1.6406859531250006e7,-3.7069573229166735e6
Paris,18,96,900000,3,reachable_union,881fb46e05fffff,1.8663954052083317e7,1.611702161458332e7,-2.5469324374999963e6
Paris,18,96,900000,3,reachable_union,881fb46e07fffff,2.0140298489583347e7,1.640958677083333e7,-3.7307117187500168e6
Paris,18,96,900000,3,reachable_union,881fb46e09fffff,1.9497945333333325e7,1.6359552645833325e7,-3.1383926875e6
Paris,18,96,900000,3,reachable_union,881fb46e0bfffff,1.9851352218749996e7,1.610001882291666e7,-3.751333395833336e6
Paris,18,96,900000,3,reachable_union,881fb46e0dfffff,1.833011423958333e7,1.6054878781249994e7,-2.275235458333334e6
Paris,18,96,900000,3,reachable_union,881fb46e11fffff,1.9158092510416646e7,1.6240005489583336e7,-2.9180870208333097e6
Paris,18,96,900000,3,reachable_union,881fb46e13fffff,1.7951584614583336e7,1.5899752052083349e7,-2.051832562499987e6
Paris,18,96,900000,3,reachable_union,881fb46e15fffff,1.883466307291665e7,1.6066491958333343e7,-2.768171114583306e6
Paris,18,96,900000,3,reachable_union,881fb46e17fffff,1.8448531260416664e7,1.63114810416667e7,-2.1370502187499646e6
Paris,18,96,900000,3,reachable_union,881fb46e19fffff,1.9894930552083325e7,1.717734454166665e7,-2.7175860104166754e6
Paris,18,96,900000,3,reachable_union,881fb46e1bfffff,1.9625247124999985e7,1.765200623958332e7,-1.9732408854166642e6
Paris,18,96,900000,3,reachable_union,881fb46e1dfffff,2.0123031270833336e7,1.6348254864583341e7,-3.7747764062499944e6
Paris,18,96,900000,3,reachable_union,881fb46e39fffff,1.9107715177083306e7,1.6238227479166662e7,-2.8694876979166437e6
Paris,18,96,900000,3,reachable_union,881fb46e3bfffff,1.858243983333332e7,1.6263327656250006e7,-2.3191121770833153e6
Paris,18,96,900000,3,reachable_union,881fb46e41fffff,1.9867835072916664e7,1.7416127218750022e7,-2.451707854166642e6
Paris,18,96,900000,3,reachable_union,881fb46e43fffff,1.9766056864583332e7,1.7875973468750007e7,-1.8900833958333246e6
Paris,18,96,900000,3,reachable_union,881fb46e45fffff,1.782864227083333e7,1.6677660291666677e7,-1.1509819791666511e6
Paris,18,96,900000,3,reachable_union,881fb46e47fffff,1.9406519937499985e7,1.6344995760416653e7,-3.061524177083332e6
Paris,18,96,900000,3,reachable_union,881fb46e49fffff,1.8546821270833325e7,1.7705799708333373e7,-841021.5624999516
Paris,18,96,900000,3,reachable_union,881fb46e4bfffff,1.9812565000000004e7,1.8727215739583366e7,-1.085349260416638e6
Paris,18,96,900000,3,reachable_union,881fb46e4dfffff,1.899039197916666e7,1.8115118760416675e7,-875273.2187499851
Paris,18,96,900000,3,reachable_union,881fb46e51fffff,2.0377161125000007e7,1.8029926166666713e7,-2.347234958333295e6
Paris,18,96,900000,3,reachable_union,881fb46e53fffff,2.047884023958334e7,1.7743243604166675e7,-2.735596635416664e6
Paris,18,96,900000,3,reachable_union,881fb46e55fffff,2.0211977500000004e7,1.703839864583333e7,-3.1735788541666754e6
Paris,18,96,900000,3,reachable_union,881fb46e57fffff,2.0419004239583336e7,1.6788634395833343e7,-3.6303698437499925e6
Paris,18,96,900000,3,reachable_union,881fb46e59fffff,1.8755579281250004e7,1.7010680729166653e7,-1.7448985520833507e6
Paris,18,96,900000,3,reachable_union,881fb46e5bfffff,2.1200631739583325e7,1.775486764583335e7,-3.445764093749974e6
Paris,18,96,900000,3,reachable_union,881fb46e5dfffff,1.9649146708333313e7,1.797206589583337e7,-1.6770808124999441e6
Paris,18,96,900000,3,reachable_union,881fb46e61fffff,1.8203683645833336e7,1.616439939583332e7,-2.039284250000015e6
Paris,18,96,900000,3,reachable_union,881fb46e63fffff,1.846509389583333e7,1.6161974312499989e7,-2.3031195833333395e6
Paris,18,96,900000,3,reachable_union,881fb46e69fffff,1.7348008552083336e7,1.5864934468749994e7,-1.4830740833333414e6
Paris,18,96,900000,3,reachable_union,881fb46e6bfffff,1.8515141197916664e7,1.6295673437499993e7,-2.2194677604166716e6
Paris,18,96,900000,3,reachable_union,881fb46e6dfffff,1.6508836291666662e7,1.558893205208332e7,-919904.2395833414
Paris,18,96,900000,3,reachable_union,881fb46e81fffff,1.9300817114583302e7,1.6345100593749987e7,-2.9557165208333153e6
Paris,18,96,900000,3,reachable_union,881fb46e83fffff,1.7243943187500007e7,1.4664263760416685e7,-2.579679427083323e6
Paris,18,96,900000,3,reachable_union,881fb46e85fffff,1.958881272916665e7,1.5889008093749948e7,-3.6998046354167014e6
Paris,18,96,900000,3,reachable_union,881fb46e87fffff,1.7984527052083302e7,1.5485938895833319e7,-2.4985881562499832e6
Paris,18,96,900000,3,reachable_union,881fb46e89fffff,1.894098268749998e7,1.615751537499995e7,-2.7834673125000317e6
Paris,18,96,900000,3,reachable_union,881fb46e8bfffff,1.8476889166666657e7,1.5397386697916655e7,-3.079502468750002e6
Paris,18,96,900000,3,reachable_union,881fb46e8dfffff,1.89481770520833e7,1.6131554947916629e7,-2.81662210416667e6
Paris,18,96,900000,3,reachable_union,881fb46e91fffff,1.7076141770833295e7,1.3552064604166647e7,-3.5240771666666474e6
Paris,18,96,900000,3,reachable_union,881fb46e93fffff,1.7331775197916627e7,1.3734658187499978e7,-3.5971170104166493e6
Paris,18,96,900000,3,reachable_union,881fb46e95fffff,1.6924272114583302e7,1.3781170927083295e7,-3.1431011875000075e6
Paris,18,96,900000,3,reachable_union,881fb46e97fffff,1.730799282291663e7,1.4538323291666651e7,-2.7696695312499795e6
Paris,18,96,900000,3,reachable_union,881fb46e99fffff,1.778038699999996e7,1.3965338218749983e7,-3.815048781249976e6
Paris,18,96,900000,3,reachable_union,881fb46e9bfffff,1.8814644802083313e7,1.4604307114583287e7,-4.210337687500026e6
Paris,18,96,900000,3,reachable_union,881fb46e9dfffff,1.695123045833331e7,1.3384529458333343e7,-3.5667009999999665e6
Paris,18,96,900000,3,reachable_union,881fb46eb9fffff,1.720855878124995e7,1.482123708333332e7,-2.3873216979166307e6
Paris,18,96,900000,3,reachable_union,881fb46ebbfffff,1.7834876114583276e7,1.4900574979166633e7,-2.9343011354166437e6
Paris,18,96,900000,3,reachable_union,881fb46ec1fffff,1.935904790624998e7,1.5867388041666606e7,-3.491659864583375e6
Paris,18,96,900000,3,reachable_union,881fb46ec3fffff,1.9342875947916653e7,1.5776408781249957e7,-3.566467166666696e6
Paris,18,96,900000,3,reachable_union,881fb46ec5fffff,1.7704395093749993e7,1.5738602281249952e7,-1.965792812500041e6
Paris,18,96,900000,3,reachable_union,881fb46ec7fffff,1.8932508552083317e7,1.622626016666663e7,-2.7062483854166865e6
Paris,18,96,900000,3,reachable_union,881fb46ec9fffff,1.9859936208333325e7,1.72552876041666e7,-2.604648604166724e6
Paris,18,96,900000,3,reachable_union,881fb46ecbfffff,1.951348457291664e7,1.625761028124994e7,-3.2558742916667014e6
Paris,18,96,900000,3,reachable_union,881fb46ecdfffff,1.951816228124998e7,1.727950706249993e7,-2.238655218750052e6
Paris,18,96,900000,3,reachable_union,881fb46ed1fffff,1.9153430302083313e7,1.5521474031249976e7,-3.6319562708333377e6
Paris,18,96,900000,3,reachable_union,881fb46ed3fffff,1.91177491145833e7,1.4734687749999987e7,-4.383061364583312e6
Paris,18,96,900000,3,reachable_union,881fb46ed5fffff,1.9622440833333317e7,1.5661972718749968e7,-3.960468114583349e6
Paris,18,96,900000,3,reachable_union,881fb46ed7fffff,1.7870153739583306e7,1.4120188677083336e7,-3.74996506249997e6
Paris,18,96,900000,3,reachable_union,881fb46ed9fffff,2.0106113531249974e7,1.6474588562499959e7,-3.631524968750015e6
Paris,18,96,900000,3,reachable_union,881fb46edbfffff,1.9774268458333332e7,1.5043395635416608e7,-4.730872822916724e6
Paris,18,96,900000,3,reachable_union,881fb46eddfffff,2.0151443656249978e7,1.658168485416662e7,-3.569758802083358e6
Paris,18,96,900000,3,reachable_union,881fb46ee1fffff,1.7071866749999978e7,1.5464858781249974e7,-1.6070079687500037e6
Paris,18,96,900000,3,reachable_union,881fb46ee3fffff,1.796392827083331e7,1.5729006531249968e7,-2.2349217395833414e6
Paris,18,96,900000,3,reachable_union,881fb46ee9fffff,1.8545454187499985e7,1.6461608312499983e7,-2.0838458750000019e6
Paris,18,96,900000,3,reachable_union,881fb46eebfffff,1.7410848052083313e7,1.5559505249999981e7,-1.851342802083332e6
Paris,18,96,900000,3,reachable_union,881fb46eedfffff,1.823381980208331e7,1.6238420812499966e7,-1.9953989895833433e6
Paris,18,96,900000,3,reachable_union,881fb470b3fffff,1.8558506062500004e7,1.6084583854166647e7,-2.4739222083333563e6
Paris,18,96,900000,3,reachable_union,881fb470b7fffff,1.8653307666666675e7,1.5960232437500002e7,-2.6930752291666735e6
Paris,18,96,900000,3,reachable_union,881fb47401fffff,2.084826639583334e7,1.6747746322916664e7,-4.1005200729166754e6
Paris,18,96,900000,3,reachable_union,881fb47403fffff,1.9722852666666638e7,1.6416091739583312e7,-3.3067609270833265e6
Paris,18,96,900000,3,reachable_union,881fb47405fffff,2.149307384375003e7,1.725364130208332e7,-4.239432541666709e6
Paris,18,96,900000,3,reachable_union,881fb47407fffff,1.921074833333331e7,1.574562488541662e7,-3.4651234479166903e6
Paris,18,96,900000,3,reachable_union,881fb47409fffff,1.902883846874998e7,1.6240226229166638e7,-2.7886122395833433e6
Paris,18,96,900000,3,reachable_union,881fb4740bfffff,1.9662440208333317e7,1.6092148572916647e7,-3.57029163541667e6
Paris,18,96,900000,3,reachable_union,881fb4740dfffff,2.124026337500002e7,1.6793252833333317e7,-4.447010541666701e6
Paris,18,96,900000,3,reachable_union,881fb47411fffff,2.0196801281249993e7,1.6792266583333325e7,-3.404534697916668e6
Paris,18,96,900000,3,reachable_union,881fb47413fffff,2.1225936812500026e7,1.746157312499997e7,-3.764363687500056e6
Paris,18,96,900000,3,reachable_union,881fb47415fffff,1.8956614302083317e7,1.6365566697916636e7,-2.591047604166681e6
Paris,18,96,900000,3,reachable_union,881fb47417fffff,2.0959501614583343e7,1.7677422364583325e7,-3.2820792500000186e6
Paris,18,96,900000,3,reachable_union,881fb47419fffff,2.1018760322916687e7,1.7011191249999966e7,-4.00756907291672e6
Paris,18,96,900000,3,reachable_union,881fb4741bfffff,2.143842931250003e7,1.764085926041668e7,-3.7975700520833507e6
Paris,18,96,900000,3,reachable_union,881fb4741dfffff,2.030449449999998e7,1.6616160156249974e7,-3.6883343437500075e6
Paris,18,96,900000,3,reachable_union,881fb47421fffff,2.0728746531250007e7,1.70256391770833e7,-3.703107354166709e6
Paris,18,96,900000,3,reachable_union,881fb47423fffff,2.109101148958335e7,1.7117190781249963e7,-3.973820708333388e6
Paris,18,96,900000,3,reachable_union,881fb47425fffff,2.1119199291666687e7,1.7176559802083302e7,-3.9426394895833842e6
Paris,18,96,900000,3,reachable_union,881fb47427fffff,2.121583437500001e7,1.809056038541674e7,-3.1252739895832725e6
Paris,18,96,900000,3,reachable_union,881fb47429fffff,2.0566293364583325e7,1.6618001406249981e7,-3.9482919583333433e6
Paris,18,96,900000,3,reachable_union,881fb4742bfffff,2.1224082489583347e7,1.6758094593749996e7,-4.465987895833351e6
Paris,18,96,900000,3,reachable_union,881fb4742dfffff,2.0753315770833343e7,1.693499542708331e7,-3.8183203437500335e6
Paris,18,96,900000,3,reachable_union,881fb47431fffff,2.1360467979166683e7,1.719311348958332e7,-4.167354489583362e6
Paris,18,96,900000,3,reachable_union,881fb47433fffff,2.1366326531250022e7,1.821207629166673e7,-3.154250239583291e6
Paris,18,96,900000,3,reachable_union,881fb47435fffff,2.1497152093750045e7,1.8098430145833418e7,-3.398721947916627e6
Paris,18,96,900000,3,reachable_union,881fb47437fffff,2.157806388541671e7,1.7998553375000026e7,-3.579510510416683e6
Paris,18,96,900000,3,reachable_union,881fb47439fffff,2.090689047916668e7,1.674327846875e7,-4.163612010416679e6
Paris,18,96,900000,3,reachable_union,881fb4743bfffff,2.1023473364583354e7,1.727799365624997e7,-3.7454797083333842e6
Paris,18,96,900000,3,reachable_union,881fb4743dfffff,2.109215581250002e7,1.6811991333333317e7,-4.280164479166701e6
Paris,18,96,900000,3,reachable_union,881fb47441fffff,1.8448413843749993e7,1.560153462499995e7,-2.846879218750043e6
Paris,18,96,900000,3,reachable_union,881fb47443fffff,1.9280271614583336e7,1.6235549458333336e7,-3.04472215625e6
Paris,18,96,900000,3,reachable_union,881fb47445fffff,1.898002914583334e7,1.6599118562499983e7,-2.3809105833333563e6
Paris,18,96,900000,3,reachable_union,881fb47447fffff,2.0147006020833336e7,1.6564112437499987e7,-3.582893583333349e6
Paris,18,96,900000,3,reachable_union,881fb4744bfffff,1.856829350000001e7,1.628943196875e7,-2.278861531250011e6
Paris,18,96,900000,3,reachable_union,881fb47451fffff,1.9371061927083325e7,1.6267158822916666e7,-3.1039031041666586e6
Paris,18,96,900000,3,reachable_union,881fb47453fffff,2.0387590375000007e7,1.673236093750001e7,-3.655229437499998e6
Paris,18,96,900000,3,reachable_union,881fb47455fffff,1.8754585489583332e7,1.6133098739583327e7,-2.6214867500000056e6
Paris,18,96,900000,3,reachable_union,881fb47457fffff,1.9502699958333332e7,1.6318439499999996e7,-3.184260458333336e6
Paris,18,96,900000,3,reachable_union,881fb47459fffff,2.0358890249999996e7,1.7019706968750037e7,-3.339183281249959e6
Paris,18,96,900000,3,reachable_union,881fb4745bfffff,1.9084115604166668e7,1.6257274833333332e7,-2.826840770833336e6
Paris,18,96,900000,3,reachable_union,881fb4745dfffff,2.0513719864583336e7,1.6604971937500019e7,-3.908747927083317e6
Paris,18,96,900000,3,reachable_union,881fb47461fffff,2.1090199489583354e7,1.6852243583333336e7,-4.237955906250019e6
Paris,18,96,900000,3,reachable_union,881fb47463fffff,2.1160563677083354e7,1.690251098958333e7,-4.258052687500026e6
Paris,18,96,900000,3,reachable_union,881fb47465fffff,1.9879717260416664e7,1.671040166666666e7,-3.1693155937500037e6
Paris,18,96,900000,3,reachable_union,881fb47467fffff,2.0892358427083347e7,1.6821757333333336e7,-4.070601093750011e6
Paris,18,96,900000,3,reachable_union,881fb47469fffff,1.9572444583333332e7,1.6664356166666672e7,-2.9080884166666605e6
Paris,18,96,900000,3,reachable_union,881fb4746bfffff,1.9625459552083332e7,1.6527349802083325e7,-3.0981097500000075e6
Paris,18,96,900000,3,reachable_union,881fb4746dfffff,2.0335593906250015e7,1.6856325791666675e7,-3.4792681145833395e6
Paris,18,96,900000,3,reachable_union,881fb47481fffff,2.4174136552083373e7,2.359440699999999e7,-579729.5520833842
Paris,18,96,900000,3,reachable_union,881fb47483fffff,2.308298387500005e7,2.0322479197916675e7,-2.760504677083373e6
Paris,18,96,900000,3,reachable_union,881fb47485fffff,2.3031278895833377e7,2.0165262687500022e7,-2.8660162083333544e6
Paris,18,96,900000,3,reachable_union,881fb47487fffff,2.2593850208333377e7,1.804557632291666e7,-4.548273885416716e6
Paris,18,96,900000,3,reachable_union,881fb47489fffff,2.24699236354167e7,1.9265084854166683e7,-3.2048387812500186e6
Paris,18,96,900000,3,reachable_union,881fb4748bfffff,2.2625095395833373e7,1.995961881250001e7,-2.665476583333362e6
Paris,18,96,900000,3,reachable_union,881fb4748dfffff,2.1668889479166716e7,1.8426246416666664e7,-3.242643062500052e6
Paris,18,96,900000,3,reachable_union,881fb47491fffff,2.1636380520833366e7,1.799216188541667e7,-3.644218635416694e6
Paris,18,96,900000,3,reachable_union,881fb47493fffff,2.2481966947916713e7,1.7512267729166646e7,-4.969699218750067e6
Paris,18,96,900000,3,reachable_union,881fb47495fffff,2.1795619270833366e7,1.8203731562500004e7,-3.591887708333362e6
Paris,18,96,900000,3,reachable_union,881fb47497fffff,2.2123333343750045e7,1.7943785364583332e7,-4.1795479791667126e6
Paris,18,96,900000,3,reachable_union,881fb47499fffff,2.121098494791668e7,1.756849284374998e7,-3.6424921041666977e6
Paris,18,96,900000,3,reachable_union,881fb4749bfffff,2.1354328468750007e7,1.8017358270833332e7,-3.3369701979166754e6
Paris,18,96,900000,3,reachable_union,881fb4749dfffff,2.18927439791667e7,1.816393213541668e7,-3.7288118437500224e6
Paris,18,96,900000,3,reachable_union,881fb474a1fffff,2.3776181760416713e7,1.9122194895833366e7,-4.653986864583347e6
Paris,18,96,900000,3,reachable_union,881fb474a3fffff,2.3140834395833377e7,1.9390665093750015e7,-3.750169302083362e6
Paris,18,96,900000,3,reachable_union,881fb474a5fffff,2.3405245979166716e7,1.887327731250003e7,-4.531968666666687e6
Paris,18,96,900000,3,reachable_union,881fb474a7fffff,2.4225713906250052e7,1.986314020833332e7,-4.362573697916731e6
Paris,18,96,900000,3,reachable_union,881fb474a9fffff,2.2530903125000056e7,1.8425768916666694e7,-4.105134208333362e6
Paris,18,96,900000,3,reachable_union,881fb474abfffff,2.3255060916666716e7,1.8509181625000026e7,-4.74587929166669e6
Paris,18,96,900000,3,reachable_union,881fb474adfffff,2.251160034375006e7,1.839094438541668e7,-4.1206559583333805e6
Paris,18,96,900000,3,reachable_union,881fb474b1fffff,2.4597295989583373e7,2.233732150000002e7,-2.2599744895833544e6
Paris,18,96,900000,3,reachable_union,881fb474b3fffff,2.3786142666666716e7,1.939949355208335e7,-4.386649114583366e6
Paris,18,96,900000,3,reachable_union,881fb474b5fffff,2.336179127083337e7,1.948422529166668e7,-3.8775659791666903e6
Paris,18,96,900000,3,reachable_union,881fb474b7fffff,2.4626843666666705e7,1.9795583395833325e7,-4.8312602708333805e6
Paris,18,96,900000,3,reachable_union,881fb474b9fffff,2.296532381250005e7,1.8414917510416694e7,-4.550406302083354e6
Paris,18,96,900000,3,reachable_union,881fb474bbfffff,2.1819612385416698e7,1.7680774687499978e7,-4.13883769791672e6
Paris,18,96,900000,3,reachable_union,881fb474bdfffff,2.530956535416671e7,2.433448468750002e7,-975080.6666666903
Paris,18,96,900000,3,reachable_union,881fb474c1fffff,2.1428575895833362e7,1.774126020833332e7,-3.687315687500041e6
Paris,18,96,900000,3,reachable_union,881fb474c3fffff,2.15973916666667e7,1.829007387500002e7,-3.307317791666683e6
Paris,18,96,900000,3,reachable_union,881fb474c5fffff,2.0049326812500004e7,1.690147828124999e7,-3.147848531250015e6
Paris,18,96,900000,3,reachable_union,881fb474c7fffff,2.153358459375004e7,1.8167987989583384e7,-3.3655966041666567e6
Paris,18,96,900000,3,reachable_union,881fb474c9fffff,2.158958962500004e7,1.7774225364583332e7,-3.815364260416709e6
Paris,18,96,900000,3,reachable_union,881fb474cbfffff,2.165669598958337e7,1.820422112500001e7,-3.452474864583358e6
Paris,18,96,900000,3,reachable_union,881fb474cdfffff,2.132309473958337e7,1.81442718020834e7,-3.17882293749997e6
Paris,18,96,900000,3,reachable_union,881fb474d1fffff,2.146578178125003e7,1.8057840614583332e7,-3.4079411666666977e6
Paris,18,96,900000,3,reachable_union,881fb474d3fffff,2.14534010104167e7,1.7831352999999966e7,-3.622048010416735e6
Paris,18,96,900000,3,reachable_union,881fb474d5fffff,2.1720512520833377e7,1.8031033281250022e7,-3.6894792395833544e6
Paris,18,96,900000,3,reachable_union,881fb474d7fffff,2.1832002208333373e7,1.815290026041668e7,-3.679101947916694e6
Paris,18,96,900000,3,reachable_union,881fb474d9fffff,2.111460864583335e7,1.7972374833333332e7,-3.1422338125000186e6
Paris,18,96,900000,3,reachable_union,881fb474dbfffff,2.1416640500000034e7,1.798633263541668e7,-3.4303078645833544e6
Paris,18,96,900000,3,reachable_union,881fb474ddfffff,2.1266170312500026e7,1.7873906875000004e7,-3.3922634375000224e6
Paris,18,96,900000,3,reachable_union,881fb474e1fffff,2.1226700645833362e7,1.8069999958333354e7,-3.1567006875000075e6
Paris,18,96,900000,3,reachable_union,881fb474e3fffff,2.164611881250005e7,1.8321313062500026e7,-3.3248057500000224e6
Paris,18,96,900000,3,reachable_union,881fb474e5fffff,2.1299437302083362e7,1.7938370937500037e7,-3.3610663645833246e6
Paris,18,96,900000,3,reachable_union,881fb474e7fffff,2.2225936635416728e7,1.861715381250003e7,-3.6087828229166977e6
Paris,18,96,900000,3,reachable_union,881fb474e9fffff,2.0453871010416675e7,1.7172531427083366e7,-3.2813395833333097e6
Paris,18,96,900000,3,reachable_union,881fb474ebfffff,2.145991206250001e7,1.8406941854166728e7,-3.0529702083332837e6
Paris,18,96,900000,3,reachable_union,881fb474edfffff,2.137219511458334e7,1.841755837500005e7,-2.954636739583291e6
Paris,18,96,900000,3,reachable_union,881fb47501fffff,2.1129068583333347e7,1.6787686062500022e7,-4.341382520833325e6
Paris,18,96,900000,3,reachable_union,881fb47503fffff,2.1330376812500015e7,1.679996666666669e7,-4.530410145833325e6
Paris,18,96,900000,3,reachable_union,881fb47505fffff,2.152691575000002e7,1.6635750343750007e7,-4.891165406250011e6
Paris,18,96,900000,3,reachable_union,881fb47507fffff,2.1984306406250022e7,1.6914788406250037e7,-5.069517999999985e6
Paris,18,96,900000,3,reachable_union,881fb47509fffff,1.957577196874999e7,1.6148499479166707e7,-3.427272489583282e6
Paris,18,96,900000,3,reachable_union,881fb4750bfffff,2.092778991666668e7,1.6594460979166681e7,-4.333328937499998e6
Paris,18,96,900000,3,reachable_union,881fb4750dfffff,1.9757683072916653e7,1.623082093750002e7,-3.5268621354166325e6
Paris,18,96,900000,3,reachable_union,881fb47511fffff,2.1699646750000022e7,1.8101120447916698e7,-3.5985263020833246e6
Paris,18,96,900000,3,reachable_union,881fb47513fffff,2.194100293750001e7,1.8461844156250026e7,-3.479158781249985e6
Paris,18,96,900000,3,reachable_union,881fb47515fffff,2.2015823083333343e7,1.7286368541666698e7,-4.729454541666646e6
Paris,18,96,900000,3,reachable_union,881fb47517fffff,2.1873813812500007e7,1.8160003031250034e7,-3.713810781249974e6
Paris,18,96,900000,3,reachable_union,881fb47519fffff,2.1044085552083343e7,1.7050795041666683e7,-3.9932905104166605e6
Paris,18,96,900000,3,reachable_union,881fb4751bfffff,2.1352314385416698e7,1.766845507291668e7,-3.6838593125000186e6
Paris,18,96,900000,3,reachable_union,881fb4751dfffff,2.159109518750001e7,1.724449912500002e7,-4.346596062499993e6
Paris,18,96,900000,3,reachable_union,881fb47521fffff,2.1842682708333343e7,1.6950811729166698e7,-4.891870979166646e6
Paris,18,96,900000,3,reachable_union,881fb47523fffff,2.202365407291668e7,1.76326419791667e7,-4.391012093749978e6
Paris,18,96,900000,3,reachable_union,881fb47525fffff,2.1500292447916687e7,1.68219073229167e7,-4.678385124999985e6
Paris,18,96,900000,3,reachable_union,881fb47527fffff,2.1767483322916683e7,1.7705783479166687e7,-4.0616998437499963e6
Paris,18,96,900000,3,reachable_union,881fb47529fffff,2.1696155822916683e7,1.6836792958333362e7,-4.859362864583321e6
Paris,18,96,900000,3,reachable_union,881fb4752bfffff,2.1996168458333347e7,1.6900970000000015e7,-5.095198458333332e6
Paris,18,96,900000,3,reachable_union,881fb4752dfffff,2.109718180208335e7,1.6649079812500022e7,-4.448101989583328e6
Paris,18,96,900000,3,reachable_union,881fb47531fffff,2.211132450000002e7,1.8508727364583384e7,-3.6025971354166344e6
Paris,18,96,900000,3,reachable_union,881fb47533fffff,2.3276890989583347e7,1.893152853125007e7,-4.345362458333276e6
Paris,18,96,900000,3,reachable_union,881fb47535fffff,2.2209274750000007e7,1.7995670177083347e7,-4.21360457291666e6
Paris,18,96,900000,3,reachable_union,881fb47537fffff,2.254085817708335e7,1.868621209375005e7,-3.8546460833333023e6
Paris,18,96,900000,3,reachable_union,881fb47539fffff,2.2060676656250022e7,1.7298231520833384e7,-4.762445135416638e6
Paris,18,96,900000,3,reachable_union,881fb4753bfffff,2.231796842708335e7,1.8282421114583366e7,-4.035547312499985e6
Paris,18,96,900000,3,reachable_union,881fb4753dfffff,2.2293241395833354e7,1.743939984375005e7,-4.853841552083306e6
Paris,18,96,900000,3,reachable_union,881fb47541fffff,1.923060447916665e7,1.6468992489583349e7,-2.7616119895833004e6
Paris,18,96,900000,3,reachable_union,881fb47543fffff,2.0274634083333336e7,1.6729386031250026e7,-3.5452480520833097e6
Paris,18,96,900000,3,reachable_union,881fb47545fffff,2.1546917479166683e7,1.6762283125000019e7,-4.784634354166664e6
Paris,18,96,900000,3,reachable_union,881fb47547fffff,2.05548530625e7,1.6220455968750019e7,-4.334397093749981e6
Paris,18,96,900000,3,reachable_union,881fb4754bfffff,1.8946761114583336e7,1.650313991666667e7,-2.443621197916666e6
Paris,18,96,900000,3,reachable_union,881fb47551fffff,1.955716036458332e7,1.642988632291668e7,-3.127274041666642e6
Paris,18,96,900000,3,reachable_union,881fb47553fffff,2.0469865291666657e7,1.675705572916669e7,-3.7128095624999665e6
Paris,18,96,900000,3,reachable_union,881fb47555fffff,2.0395500906250004e7,1.6696168937500017e7,-3.699331968749987e6
Paris,18,96,900000,3,reachable_union,881fb47557fffff,2.1016539125000007e7,1.6738926531250013e7,-4.277612593749994e6
Paris,18,96,900000,3,reachable_union,881fb47559fffff,1.9532956374999996e7,1.6586374885416683e7,-2.9465814895833135e6
Paris,18,96,900000,3,reachable_union,881fb4755bfffff,1.972006906249999e7,1.6519494864583325e7,-3.200574197916664e6
Paris,18,96,900000,3,reachable_union,881fb4755dfffff,1.944651489583333e7,1.6592280468750006e7,-2.854234427083323e6
Paris,18,96,900000,3,reachable_union,881fb47561fffff,1.9778437395833325e7,1.638392414583335e7,-3.394513249999974e6
Paris,18,96,900000,3,reachable_union,881fb47563fffff,2.068727594791667e7,1.6300577416666688e7,-4.386698531249983e6
Paris,18,96,900000,3,reachable_union,881fb47565fffff,1.8908586229166664e7,1.601030518750002e7,-2.8982810416666437e6
Paris,18,96,900000,3,reachable_union,881fb47567fffff,2.0549752270833332e7,1.619201119791669e7,-4.357741072916642e6
Paris,18,96,900000,3,reachable_union,881fb47569fffff,2.034553709375e7,1.6338154041666698e7,-4.0073830520833023e6
Paris,18,96,900000,3,reachable_union,881fb4756bfffff,2.0085017322916664e7,1.6134881312500032e7,-3.9501360104166325e6
Paris,18,96,900000,3,reachable_union,881fb4756dfffff,1.9429627635416668e7,1.621928532291666e7,-3.2103423125000075e6
Paris,18,96,900000,3,reachable_union,881fb47581fffff,2.2925841364583354e7,1.8786742427083384e7,-4.13909893749997e6
Paris,18,96,900000,3,reachable_union,881fb47583fffff,2.3722822166666694e7,1.8674186812500067e7,-5.048635354166627e6
Paris,18,96,900000,3,reachable_union,881fb47585fffff,2.2772536104166668e7,1.8959130000000063e7,-3.8134061041666046e6
Paris,18,96,900000,3,reachable_union,881fb47587fffff,2.4321216406250007e7,1.8920726958333407e7,-5.400489447916601e6
Paris,18,96,900000,3,reachable_union,881fb47589fffff,2.253983425000002e7,1.8770220979166713e7,-3.769613270833306e6
Paris,18,96,900000,3,reachable_union,881fb4758bfffff,2.3554593875000015e7,1.8612916750000045e7,-4.94167712499997e6
Paris,18,96,900000,3,reachable_union,881fb4758dfffff,2.242558077083335e7,1.8770471885416713e7,-3.655108885416638e6
Paris,18,96,900000,3,reachable_union,881fb47591fffff,2.469673058333335e7,1.934064337500004e7,-5.35608720833331e6
Paris,18,96,900000,3,reachable_union,881fb47593fffff,2.532097473958335e7,2.1253016093750056e7,-4.067958645833295e6
Paris,18,96,900000,3,reachable_union,881fb47595fffff,2.490146054166668e7,1.905285142708339e7,-5.848609114583287e6
Paris,18,96,900000,3,reachable_union,881fb47597fffff,2.542842283333336e7,2.0682546104166716e7,-4.745876729166642e6
Paris,18,96,900000,3,reachable_union,881fb47599fffff,2.4094197270833354e7,1.8891656697916735e7,-5.2025405729166195e6
Paris,18,96,900000,3,reachable_union,881fb4759bfffff,2.5147274447916694e7,2.0256100750000022e7,-4.891173697916672e6
Paris,18,96,900000,3,reachable_union,881fb4759dfffff,2.4720983093750007e7,1.8736309208333403e7,-5.984673885416605e6
Paris,18,96,900000,3,reachable_union,881fb475a1fffff,2.484103734374999e7,2.023637719791665e7,-4.60466014583334e6
Paris,18,96,900000,3,reachable_union,881fb475a3fffff,2.5151670499999985e7,2.064733183333335e7,-4.504338666666634e6
Paris,18,96,900000,3,reachable_union,881fb475a5fffff,2.2830679552083354e7,1.9068619010416675e7,-3.762060541666679e6
Paris,18,96,900000,3,reachable_union,881fb475a7fffff,2.463694883333331e7,1.966740139583337e7,-4.96954743749994e6
Paris,18,96,900000,3,reachable_union,881fb475a9fffff,2.4369494541666664e7,1.881828111458335e7,-5.551213427083313e6
Paris,18,96,900000,3,reachable_union,881fb475abfffff,2.472491860416666e7,2.0256252208333313e7,-4.468666395833347e6
Paris,18,96,900000,3,reachable_union,881fb475adfffff,2.2945592093750015e7,1.892273732291666e7,-4.0228547708333544e6
Paris,18,96,900000,3,reachable_union,881fb475b1fffff,2.531905653124998e7,1.9357748208333377e7,-5.961308322916605e6
Paris,18,96,900000,3,reachable_union,881fb475b3fffff,2.5616955500000004e7,2.1093368781250063e7,-4.52358671874994e6
Paris,18,96,900000,3,reachable_union,881fb475b5fffff,2.503732205208331e7,1.9607636208333366e7,-5.429685843749944e6
Paris,18,96,900000,3,reachable_union,881fb475b7fffff,2.521128284374999e7,2.020048150000004e7,-5.010801343749948e6
Paris,18,96,900000,3,reachable_union,881fb475b9fffff,2.483478202083331e7,1.8943226020833354e7,-5.891555999999955e6
Paris,18,96,900000,3,reachable_union,881fb475bbfffff,2.5075893270833325e7,2.05924386666667e7,-4.483454604166623e6
Paris,18,96,900000,3,reachable_union,881fb475bdfffff,2.4917489177083317e7,1.9130335270833332e7,-5.787153906249985e6
Paris,18,96,900000,3,reachable_union,881fb475c1fffff,2.190749596875003e7,1.839230412500001e7,-3.5151918437500186e6
Paris,18,96,900000,3,reachable_union,881fb475c3fffff,2.2453647260416683e7,1.844502253125e7,-4.008624729166683e6
Paris,18,96,900000,3,reachable_union,881fb475c5fffff,2.2281873114583366e7,1.8529441562500022e7,-3.7524315520833433e6
Paris,18,96,900000,3,reachable_union,881fb475c7fffff,2.180104916666668e7,1.8444266302083336e7,-3.3567828645833433e6
Paris,18,96,900000,3,reachable_union,881fb475c9fffff,2.1376822322916687e7,1.8311884937499996e7,-3.0649373854166903e6
Paris,18,96,900000,3,reachable_union,881fb475cbfffff,2.205581496875003e7,1.845386277083334e7,-3.6019521979166903e6
Paris,18,96,900000,3,reachable_union,881fb475cdfffff,2.1705204770833366e7,1.822349930208335e7,-3.481705468750015e6
Paris,18,96,900000,3,reachable_union,881fb475d1fffff,2.2183010000000022e7,1.851416652083334e7,-3.668843479166683e6
Paris,18,96,900000,3,reachable_union,881fb475d3fffff,2.283860901041667e7,1.853115804166668e7,-4.307450968749993e6
Paris,18,96,900000,3,reachable_union,881fb475d5fffff,2.2441907385416687e7,1.8426537489583366e7,-4.015369895833321e6
Paris,18,96,900000,3,reachable_union,881fb475d7fffff,2.324138657291668e7,1.867360740625001e7,-4.567779166666668e6
Paris,18,96,900000,3,reachable_union,881fb475d9fffff,2.1909053510416687e7,1.8351648541666668e7,-3.5574049687500186e6
Paris,18,96,900000,3,reachable_union,881fb475dbfffff,2.2430336541666687e7,1.8679936666666675e7,-3.750399875000011e6
Paris,18,96,900000,3,reachable_union,881fb475ddfffff,2.227068794791669e7,1.859495719791668e7,-3.675730750000011e6
Paris,18,96,900000,3,reachable_union,881fb475e1fffff,2.2114978437500026e7,1.8578196229166675e7,-3.5367822083333507e6
Paris,18,96,900000,3,reachable_union,881fb475e3fffff,2.282705195833335e7,1.8674179010416687e7,-4.152872947916664e6
Paris,18,96,900000,3,reachable_union,881fb475e5fffff,2.2329200135416694e7,1.880706644791669e7,-3.5221336875000037e6
Paris,18,96,900000,3,reachable_union,881fb475e7fffff,2.2956918635416687e7,1.8732076406250034e7,-4.224842229166653e6
Paris,18,96,900000,3,reachable_union,881fb475e9fffff,2.20228270729167e7,1.872530872916667e7,-3.29751834375003e6
Paris,18,96,900000,3,reachable_union,881fb475ebfffff,2.199864792708335e7,1.8379377229166698e7,-3.619270697916653e6
Paris,18,96,900000,3,reachable_union,881fb475edfffff,2.218326310416669e7,1.864765130208335e7,-3.5356118020833395e6
Paris,18,96,900000,3,reachable_union,881fb47633fffff,2.0173804281250007e7,1.6701857104166677e7,-3.47194717708333e6
Paris,18,96,900000,3,reachable_union,881fb47637fffff,1.8731922343750004e7,1.5851137979166685e7,-2.880784364583319e6
Paris,18,96,900000,3,reachable_union,881fb47681fffff,1.853640638541668e7,1.695831207291665e7,-1.5780943125000298e6
Paris,18,96,900000,3,reachable_union,881fb47683fffff,1.8849869281250015e7,1.6616858145833323e7,-2.233011135416692e6
Paris,18,96,900000,3,reachable_union,881fb47685fffff,1.868660866666668e7,1.6017472885416659e7,-2.6691357812500205e6
Paris,18,96,900000,3,reachable_union,881fb47687fffff,2.0095596947916683e7,1.656194296875e7,-3.533653979166683e6
Paris,18,96,900000,3,reachable_union,881fb4768dfffff,1.8444048218750015e7,1.6711201760416666e7,-1.7328464583333489e6
Paris,18,96,900000,3,reachable_union,881fb47695fffff,2.0032406562500015e7,1.6281443239583325e7,-3.7509633229166903e6
Paris,18,96,900000,3,reachable_union,881fb47697fffff,2.0398161812500022e7,1.6842818177083332e7,-3.5553436354166903e6
Paris,18,96,900000,3,reachable_union,881fb476a1fffff,2.1464856406250015e7,1.701386901041664e7,-4.450987395833373e6
Paris,18,96,900000,3,reachable_union,881fb476a3fffff,2.1606109656250007e7,1.7689655958333336e7,-3.9164536979166716e6
Paris,18,96,900000,3,reachable_union,881fb476a5fffff,2.0887674572916687e7,1.7294103427083332e7,-3.5935711458333544e6
Paris,18,96,900000,3,reachable_union,881fb476a7fffff,2.0615109645833362e7,1.7133321437499985e7,-3.481788208333377e6
Paris,18,96,900000,3,reachable_union,881fb476a9fffff,2.072003496875002e7,1.681068448958333e7,-3.9093504791666903e6
Paris,18,96,900000,3,reachable_union,881fb476abfffff,1.9915159364583343e7,1.6586178958333327e7,-3.3289804062500168e6
Paris,18,96,900000,3,reachable_union,881fb476adfffff,1.9528555833333354e7,1.7002336354166668e7,-2.5262194791666865e6
Paris,18,96,900000,3,reachable_union,881fb476b1fffff,2.064349536458335e7,1.7070438208333325e7,-3.573057156250026e6
Paris,18,96,900000,3,reachable_union,881fb476b3fffff,2.0633029916666683e7,1.684709812499998e7,-3.7859317916667014e6
Paris,18,96,900000,3,reachable_union,881fb476b5fffff,2.1112397062500022e7,1.7408316437500015e7,-3.7040806250000075e6
Paris,18,96,900000,3,reachable_union,881fb476b7fffff,2.151895716666667e7,1.7808259322916683e7,-3.710697843749989e6
Paris,18,96,900000,3,reachable_union,881fb476b9fffff,2.053193169791669e7,1.6643218072916672e7,-3.8887136250000186e6
Paris,18,96,900000,3,reachable_union,881fb476bbfffff,2.0500996958333366e7,1.6913383624999996e7,-3.5876133333333693e6
Paris,18,96,900000,3,reachable_union,881fb476bdfffff,2.1252279666666698e7,1.724791999999999e7,-4.004359666666709e6
Paris,18,96,900000,3,reachable_union,881fb476e1fffff,1.851424525000001e7,1.697936269791666e7,-1.5348825520833507e6
Paris,18,96,900000,3,reachable_union,881fb476e3fffff,1.9264147927083354e7,1.686503149999999e7,-2.3991164270833656e6
Paris,18,96,900000,3,reachable_union,881fb476e5fffff,1.878479932291667e7,1.609111779166668e7,-2.6936815312499925e6
Paris,18,96,900000,3,reachable_union,881fb476e7fffff,2.131738917708335e7,1.7155402239583366e7,-4.161986937499985e6
Paris,18,96,900000,3,reachable_union,881fb476e9fffff,1.846369209375001e7,1.679182583333334e7,-1.6718662604166716e6
Paris,18,96,900000,3,reachable_union,881fb476ebfffff,1.8293962875000015e7,1.6125314416666662e7,-2.1686484583333526e6
Paris,18,96,900000,3,reachable_union,881fb476edfffff,1.8975574510416694e7,1.7205860666666646e7,-1.7697138437500484e6
Paris,18,96,900000,3,reachable_union,881fb47733fffff,1.914032133333335e7,1.6426652479166673e7,-2.713668854166677e6
Paris,18,96,900000,3,reachable_union,881fb47737fffff,1.89947372812501e7,1.6250711447916688e7,-2.744025833333412e6
Paris,18,96,60000,3,mean_intersection,881fb09141fffff,1.5658104e7,1.2205074e7,-3.45303e6
Paris,18,96,60000,3,mean_intersection,881fb09143fffff,1.5499384e7,1.2271183e7,-3.228201e6
Paris,18,96,60000,3,mean_intersection,881fb09145fffff,1.5768745e7,1.23696e7,-3.399145e6
Paris,18,96,60000,3,mean_intersection,881fb09147fffff,1.5430333e7,1.2280776e7,-3.149557e6
Paris,18,96,60000,3,mean_intersection,881fb09149fffff,1.5875563e7,1.2279672e7,-3.595891e6
Paris,18,96,60000,3,mean_intersection,881fb0914bfffff,1.6223673e7,1.2220095e7,-4.003578e6
Paris,18,96,60000,3,mean_intersection,881fb0914dfffff,1.5893311e7,1.2814815e7,-3.078496e6
Paris,18,96,60000,3,mean_intersection,881fb0915dfffff,1.5203247e7,1.2106428e7,-3.096819e6
Paris,18,96,60000,3,mean_intersection,881fb09161fffff,1.5027927e7,1.2067312e7,-2.960615e6
Paris,18,96,60000,3,mean_intersection,881fb09165fffff,1.5435511e7,1.2070634e7,-3.364877e6
Paris,18,96,60000,3,mean_intersection,881fb09169fffff,1.5437541e7,1.2509353e7,-2.928188e6
Paris,18,96,60000,3,mean_intersection,881fb0916bfffff,1.4869062e7,1.20737e7,-2.795362e6
Paris,18,96,60000,3,mean_intersection,881fb0916dfffff,1.6326227e7,1.2231587e7,-4.09464e6
Paris,18,96,60000,3,mean_intersection,881fb09301fffff,1.8367371e7,1.2258741e7,-6.10863e6
Paris,18,96,60000,3,mean_intersection,881fb09303fffff,1.7399114e7,1.229159e7,-5.107524e6
Paris,18,96,60000,3,mean_intersection,881fb09305fffff,1.7906975e7,1.2255006e7,-5.651969e6
Paris,18,96,60000,3,mean_intersection,881fb09307fffff,1.7982737e7,1.2261457e7,-5.72128e6
Paris,18,96,60000,3,mean_intersection,881fb09309fffff,1.8312257e7,1.2260276e7,-6.051981e6
Paris,18,96,60000,3,mean_intersection,881fb0930bfffff,1.6917773e7,1.2329803e7,-4.58797e6
Paris,18,96,60000,3,mean_intersection,881fb0930dfffff,1.8795229e7,1.2259884e7,-6.535345e6
Paris,18,96,60000,3,mean_intersection,881fb09321fffff,1.6557573e7,1.2090642e7,-4.466931e6
Paris,18,96,60000,3,mean_intersection,881fb09323fffff,1.5606219e7,1.2182883e7,-3.423336e6
Paris,18,96,60000,3,mean_intersection,881fb09325fffff,1.6945972e7,1.2434511e7,-4.511461e6
Paris,18,96,60000,3,mean_intersection,881fb09327fffff,1.5542592e7,1.2273218e7,-3.269374e6
Paris,18,96,60000,3,mean_intersection,881fb09329fffff,1.7348592e7,1.2247723e7,-5.100869e6
Paris,18,96,60000,3,mean_intersection,881fb0932bfffff,1.7574107e7,1.2249862e7,-5.324245e6
Paris,18,96,60000,3,mean_intersection,881fb0932dfffff,1.7045655e7,1.2178765e7,-4.86689e6
Paris,18,96,60000,3,mean_intersection,881fb09331fffff,1.6989032e7,1.2312607e7,-4.676425e6
Paris,18,96,60000,3,mean_intersection,881fb09335fffff,1.7064008e7,1.2291654e7,-4.772354e6
Paris,18,96,60000,3,mean_intersection,881fb09337fffff,1.6517999e7,1.2240606e7,-4.277393e6
Paris,18,96,60000,3,mean_intersection,881fb09339fffff,1.7314669e7,1.2268198e7,-5.046471e6
Paris,18,96,60000,3,mean_intersection,881fb0933dfffff,1.762482e7,1.2254546e7,-5.370274e6
Paris,18,96,60000,3,mean_intersection,881fb09341fffff,1.6969889e7,1.2750145e7,-4.219744e6
Paris,18,96,60000,3,mean_intersection,881fb09343fffff,1.6965655e7,1.2259994e7,-4.705661e6
Paris,18,96,60000,3,mean_intersection,881fb09345fffff,1.8022263e7,1.3449159e7,-4.573104e6
Paris,18,96,60000,3,mean_intersection,881fb09347fffff,1.7996774e7,1.2771472e7,-5.225302e6
Paris,18,96,60000,3,mean_intersection,881fb09349fffff,1.7292468e7,1.2571055e7,-4.721413e6
Paris,18,96,60000,3,mean_intersection,881fb0934bfffff,1.5988769e7,1.2137957e7,-3.850812e6
Paris,18,96,60000,3,mean_intersection,881fb0934dfffff,1.7234199e7,1.3442304e7,-3.791895e6
Paris,18,96,60000,3,mean_intersection,881fb09355fffff,1.8141585e7,1.226535e7,-5.876235e6
Paris,18,96,60000,3,mean_intersection,881fb0935dfffff,1.7631989e7,1.2472857e7,-5.159132e6
Paris,18,96,60000,3,mean_intersection,881fb09361fffff,1.8549087e7,1.3192476e7,-5.356611e6
Paris,18,96,60000,3,mean_intersection,881fb09363fffff,1.7537456e7,1.2349761e7,-5.187695e6
Paris,18,96,60000,3,mean_intersection,881fb09365fffff,1.7811633e7,1.3154331e7,-4.657302e6
Paris,18,96,60000,3,mean_intersection,881fb09367fffff,1.751313e7,1.2187225e7,-5.325905e6
Paris,18,96,60000,3,mean_intersection,881fb09369fffff,1.9374656e7,1.4514782e7,-4.859874e6
Paris,18,96,60000,3,mean_intersection,881fb0936bfffff,1.8164631e7,1.2935558e7,-5.229073e6
Paris,18,96,60000,3,mean_intersection,881fb0936dfffff,1.8513803e7,1.405737e7,-4.456433e6
Paris,18,96,60000,3,mean_intersection,881fb09a41fffff,1.5553482e7,1.2497368e7,-3.056114e6
Paris,18,96,60000,3,mean_intersection,881fb09a43fffff,1.530599e7,1.20946e7,-3.21139e6
Paris,18,96,60000,3,mean_intersection,881fb09a45fffff,1.579045e7,1.2219674e7,-3.570776e6
Paris,18,96,60000,3,mean_intersection,881fb09a47fffff,1.5289263e7,1.2053238e7,-3.236025e6
Paris,18,96,60000,3,mean_intersection,881fb09a49fffff,1.5818711e7,1.217789e7,-3.640821e6
Paris,18,96,60000,3,mean_intersection,881fb09a4bfffff,1.5315438e7,1.2104694e7,-3.210744e6
Paris,18,96,60000,3,mean_intersection,881fb09a4dfffff,1.6173743e7,1.2195942e7,-3.977801e6
Paris,18,96,60000,3,mean_intersection,881fb09a59fffff,1.5004281e7,1.2110396e7,-2.893885e6
Paris,18,96,60000,3,mean_intersection,881fb09a5dfffff,1.5030352e7,1.2037206e7,-2.993146e6
Paris,18,96,60000,3,mean_intersection,881fb09a61fffff,1.4993945e7,1.2113248e7,-2.880697e6
Paris,18,96,60000,3,mean_intersection,881fb09a65fffff,1.5262669e7,1.2151019e7,-3.11165e6
Paris,18,96,60000,3,mean_intersection,881fb09a69fffff,1.4753728e7,1.2451836e7,-2.301892e6
Paris,18,96,60000,3,mean_intersection,881fb09a6bfffff,1.4807892e7,1.2072483e7,-2.735409e6
Paris,18,96,60000,3,mean_intersection,881fb09a6dfffff,1.5134197e7,1.2118124e7,-3.016073e6
Paris,18,96,60000,3,mean_intersection,881fb09b41fffff,1.6106683e7,1.2076222e7,-4.030461e6
Paris,18,96,60000,3,mean_intersection,881fb09b43fffff,1.6854097e7,1.2114551e7,-4.739546e6
Paris,18,96,60000,3,mean_intersection,881fb09b45fffff,1.6422064e7,1.2054051e7,-4.368013e6
Paris,18,96,60000,3,mean_intersection,881fb09b47fffff,1.5063808e7,1.1933566e7,-3.130242e6
Paris,18,96,60000,3,mean_intersection,881fb09b49fffff,1.658275e7,1.2102889e7,-4.479861e6
Paris,18,96,60000,3,mean_intersection,881fb09b4bfffff,1.5519543e7,1.2048728e7,-3.470815e6
Paris,18,96,60000,3,mean_intersection,881fb09b4dfffff,1.5491308e7,1.2137895e7,-3.353413e6
Paris,18,96,60000,3,mean_intersection,881fb09b59fffff,1.5762701e7,1.2210296e7,-3.552405e6
Paris,18,96,60000,3,mean_intersection,881fb09b5dfffff,1.6133907e7,1.2164513e7,-3.969394e6
Paris,18,96,60000,3,mean_intersection,881fb09b61fffff,1.5369959e7,1.2134356e7,-3.235603e6
Paris,18,96,60000,3,mean_intersection,881fb09b69fffff,1.4823114e7,1.224253e7,-2.580584e6
Paris,18,96,60000,3,mean_intersection,881fb09b6bfffff,1.4693457e7,1.1933464e7,-2.759993e6
Paris,18,96,60000,3,mean_intersection,881fb09b6dfffff,1.5394004e7,1.2289002e7,-3.105002e6
Paris,18,96,60000,3,mean_intersection,881fb42801fffff,1.6567345e7,1.292618e7,-3.641165e6
Paris,18,96,60000,3,mean_intersection,881fb42803fffff,1.6520656e7,1.2944358e7,-3.576298e6
Paris,18,96,60000,3,mean_intersection,881fb42805fffff,1.5907204e7,1.2789919e7,-3.117285e6
Paris,18,96,60000,3,mean_intersection,881fb42807fffff,1.6318252e7,1.2961113e7,-3.357139e6
Paris,18,96,60000,3,mean_intersection,881fb4280dfffff,1.5758873e7,1.2171936e7,-3.586937e6
Paris,18,96,60000,3,mean_intersection,881fb42821fffff,1.8022949e7,1.3106723e7,-4.916226e6
Paris,18,96,60000,3,mean_intersection,881fb42823fffff,1.7369617e7,1.2884014e7,-4.485603e6
Paris,18,96,60000,3,mean_intersection,881fb42825fffff,1.9241567e7,1.4061223e7,-5.180344e6
Paris,18,96,60000,3,mean_intersection,881fb42827fffff,1.8351133e7,1.3888772e7,-4.462361e6
Paris,18,96,60000,3,mean_intersection,881fb42829fffff,1.7347082e7,1.3107439e7,-4.239643e6
Paris,18,96,60000,3,mean_intersection,881fb4282bfffff,1.6999667e7,1.2944488e7,-4.055179e6
Paris,18,96,60000,3,mean_intersection,881fb4282dfffff,1.700409e7,1.3554981e7,-3.449109e6
Paris,18,96,60000,3,mean_intersection,881fb42831fffff,1.7544061e7,1.3114361e7,-4.4297e6
Paris,18,96,60000,3,mean_intersection,881fb42835fffff,1.7593882e7,1.2994546e7,-4.599336e6
Paris,18,96,60000,3,mean_intersection,881fb42837fffff,1.8645133e7,1.6646033e7,-1.9991e6
Paris,18,96,60000,3,mean_intersection,881fb42839fffff,1.6889986e7,1.2958316e7,-3.93167e6
Paris,18,96,60000,3,mean_intersection,881fb4283dfffff,1.6324296e7,1.2711911e7,-3.612385e6
Paris,18,96,60000,3,mean_intersection,881fb42861fffff,1.7165966e7,1.2959393e7,-4.206573e6
Paris,18,96,60000,3,mean_intersection,881fb42863fffff,1.6868909e7,1.2943215e7,-3.925694e6
Paris,18,96,60000,3,mean_intersection,881fb42865fffff,1.7537747e7,1.4796365e7,-2.741382e6
Paris,18,96,60000,3,mean_intersection,881fb42867fffff,1.7442484e7,1.4663912e7,-2.778572e6
Paris,18,96,60000,3,mean_intersection,881fb42869fffff,1.5597445e7,1.2312467e7,-3.284978e6
Paris,18,96,60000,3,mean_intersection,881fb4286bfffff,1.6653869e7,1.2972134e7,-3.681735e6
Paris,18,96,60000,3,mean_intersection,881fb4286dfffff,1.595869e7,1.295219e7,-3.0065e6
Paris,18,96,60000,3,mean_intersection,881fb42901fffff,1.8849934e7,1.4255688e7,-4.594246e6
Paris,18,96,60000,3,mean_intersection,881fb42903fffff,1.8965037e7,1.4386049e7,-4.578988e6
Paris,18,96,60000,3,mean_intersection,881fb42905fffff,1.960824e7,1.4722336e7,-4.885904e6
Paris,18,96,60000,3,mean_intersection,881fb42907fffff,1.9104306e7,1.4660804e7,-4.443502e6
Paris,18,96,60000,3,mean_intersection,881fb42909fffff,1.9329297e7,1.445109e7,-4.878207e6
Paris,18,96,60000,3,mean_intersection,881fb4290bfffff,1.8491671e7,1.4653435e7,-3.838236e6
Paris,18,96,60000,3,mean_intersection,881fb4290dfffff,1.959122e7,1.4724117e7,-4.867103e6
Paris,18,96,60000,3,mean_intersection,881fb42911fffff,1.8032788e7,1.4662455e7,-3.370333e6
Paris,18,96,60000,3,mean_intersection,881fb42913fffff,1.7442127e7,1.4081077e7,-3.36105e6
Paris,18,96,60000,3,mean_intersection,881fb42915fffff,1.8090384e7,1.4667039e7,-3.423345e6
Paris,18,96,60000,3,mean_intersection,881fb42917fffff,1.7775331e7,1.4848367e7,-2.926964e6
Paris,18,96,60000,3,mean_intersection,881fb42919fffff,1.8404805e7,1.4665169e7,-3.739636e6
Paris,18,96,60000,3,mean_intersection,881fb4291bfffff,1.7703804e7,1.4075719e7,-3.628085e6
Paris,18,96,60000,3,mean_intersection,881fb4291dfffff,1.8891179e7,1.4670618e7,-4.220561e6
Paris,18,96,60000,3,mean_intersection,881fb42921fffff,1.9912013e7,1.524623e7,-4.665783e6
Paris,18,96,60000,3,mean_intersection,881fb42923fffff,1.9394593e7,1.4102608e7,-5.291985e6
Paris,18,96,60000,3,mean_intersection,881fb42925fffff,2.0524948e7,1.5980329e7,-4.544619e6
Paris,18,96,60000,3,mean_intersection,881fb42927fffff,1.9993042e7,1.4964586e7,-5.028456e6
Paris,18,96,60000,3,mean_intersection,881fb42929fffff,1.7395897e7,1.4596662e7,-2.799235e6
Paris,18,96,60000,3,mean_intersection,881fb4292bfffff,1.85059e7,1.4226684e7,-4.279216e6
Paris,18,96,60000,3,mean_intersection,881fb4292dfffff,1.8354607e7,1.5006768e7,-3.347839e6
Paris,18,96,60000,3,mean_intersection,881fb42931fffff,1.8390006e7,1.4031767e7,-4.358239e6
Paris,18,96,60000,3,mean_intersection,881fb42933fffff,1.8038968e7,1.480856e7,-3.230408e6
Paris,18,96,60000,3,mean_intersection,881fb42935fffff,1.8792761e7,1.4397022e7,-4.395739e6
Paris,18,96,60000,3,mean_intersection,881fb42937fffff,1.8353352e7,1.4430895e7,-3.922457e6
Paris,18,96,60000,3,mean_intersection,881fb42939fffff,1.8982279e7,1.4671481e7,-4.310798e6
Paris,18,96,60000,3,mean_intersection,881fb4293bfffff,1.850752e7,1.4303944e7,-4.203576e6
Paris,18,96,60000,3,mean_intersection,881fb4293dfffff,1.8354077e7,1.4410998e7,-3.943079e6
Paris,18,96,60000,3,mean_intersection,881fb42941fffff,1.8119591e7,1.412432e7,-3.995271e6
Paris,18,96,60000,3,mean_intersection,881fb42943fffff,1.8905134e7,1.4438729e7,-4.466405e6
Paris,18,96,60000,3,mean_intersection,881fb42945fffff,1.9652295e7,1.4343968e7,-5.308327e6
Paris,18,96,60000,3,mean_intersection,881fb42947fffff,1.8408178e7,1.4135137e7,-4.273041e6
Paris,18,96,60000,3,mean_intersection,881fb42949fffff,1.6646119e7,1.2935158e7,-3.710961e6
Paris,18,96,60000,3,mean_intersection,881fb4294bfffff,1.8973203e7,1.4394424e7,-4.578779e6
Paris,18,96,60000,3,mean_intersection,881fb4294dfffff,1.6837468e7,1.3728542e7,-3.108926e6
Paris,18,96,60000,3,mean_intersection,881fb42951fffff,1.7752091e7,1.408085e7,-3.671241e6
Paris,18,96,60000,3,mean_intersection,881fb42953fffff,1.7428917e7,1.3898845e7,-3.530072e6
Paris,18,96,60000,3,mean_intersection,881fb42955fffff,1.9764601e7,1.4666985e7,-5.097616e6
Paris,18,96,60000,3,mean_intersection,881fb42957fffff,1.9012956e7,1.4008202e7,-5.004754e6
Paris,18,96,60000,3,mean_intersection,881fb42959fffff,1.790864e7,1.4398679e7,-3.509961e6
Paris,18,96,60000,3,mean_intersection,881fb4295bfffff,1.7533919e7,1.466901e7,-2.864909e6
Paris,18,96,60000,3,mean_intersection,881fb4295dfffff,1.9480148e7,1.4074249e7,-5.405899e6
Paris,18,96,60000,3,mean_intersection,881fb42961fffff,1.9477729e7,1.468511e7,-4.792619e6
Paris,18,96,60000,3,mean_intersection,881fb42963fffff,1.9844187e7,1.5610932e7,-4.233255e6
Paris,18,96,60000,3,mean_intersection,881fb42965fffff,1.9750158e7,1.5179814e7,-4.570344e6
Paris,18,96,60000,3,mean_intersection,881fb42967fffff,1.960982e7,1.5712073e7,-3.897747e6
Paris,18,96,60000,3,mean_intersection,881fb42969fffff,2.0245646e7,1.529976e7,-4.945886e6
Paris,18,96,60000,3,mean_intersection,881fb4296bfffff,1.9388429e7,1.4337906e7,-5.050523e6
Paris,18,96,60000,3,mean_intersection,881fb4296dfffff,1.9860618e7,1.4895841e7,-4.964777e6
Paris,18,96,60000,3,mean_intersection,881fb42981fffff,1.6841036e7,1.372589e7,-3.115146e6
Paris,18,96,60000,3,mean_intersection,881fb42983fffff,1.6818878e7,1.3732134e7,-3.086744e6
Paris,18,96,60000,3,mean_intersection,881fb42985fffff,1.7011698e7,1.2753988e7,-4.25771e6
Paris,18,96,60000,3,mean_intersection,881fb42987fffff,1.7052039e7,1.3095963e7,-3.956076e6
Paris,18,96,60000,3,mean_intersection,881fb42989fffff,1.6803943e7,1.3580863e7,-3.22308e6
Paris,18,96,60000,3,mean_intersection,881fb4298bfffff,1.6451089e7,1.3618607e7,-2.832482e6
Paris,18,96,60000,3,mean_intersection,881fb4298dfffff,1.7460473e7,1.3687208e7,-3.773265e6
Paris,18,96,60000,3,mean_intersection,881fb429a1fffff,1.8122293e7,1.3866801e7,-4.255492e6
Paris,18,96,60000,3,mean_intersection,881fb429a3fffff,1.7374657e7,1.3185014e7,-4.189643e6
Paris,18,96,60000,3,mean_intersection,881fb429a5fffff,1.8592361e7,1.447308e7,-4.119281e6
Paris,18,96,60000,3,mean_intersection,881fb429a7fffff,1.705362e7,1.310712e7,-3.9465e6
Paris,18,96,60000,3,mean_intersection,881fb429a9fffff,1.8399806e7,1.3518774e7,-4.881032e6
Paris,18,96,60000,3,mean_intersection,881fb429abfffff,1.7677264e7,1.3652915e7,-4.024349e6
Paris,18,96,60000,3,mean_intersection,881fb429adfffff,1.8876725e7,1.4372113e7,-4.504612e6
Paris,18,96,60000,3,mean_intersection,881fb429b1fffff,1.6888295e7,1.3433334e7,-3.454961e6
Paris,18,96,60000,3,mean_intersection,881fb429b5fffff,1.6871121e7,1.3127243e7,-3.743878e6
Paris,18,96,60000,3,mean_intersection,881fb429b7fffff,1.6836647e7,1.3045219e7,-3.791428e6
Paris,18,96,60000,3,mean_intersection,881fb429b9fffff,1.6750041e7,1.3679182e7,-3.070859e6
Paris,18,96,60000,3,mean_intersection,881fb429bdfffff,1.7395894e7,1.3730498e7,-3.665396e6
Paris,18,96,60000,3,mean_intersection,881fb429c1fffff,1.7170998e7,1.3811921e7,-3.359077e6
Paris,18,96,60000,3,mean_intersection,881fb429c3fffff,1.7134397e7,1.3705226e7,-3.429171e6
Paris,18,96,60000,3,mean_intersection,881fb429c5fffff,1.7864007e7,1.4829465e7,-3.034542e6
Paris,18,96,60000,3,mean_intersection,881fb429c7fffff,1.7527954e7,1.3968133e7,-3.559821e6
Paris,18,96,60000,3,mean_intersection,881fb429c9fffff,1.7949398e7,1.3788045e7,-4.161353e6
Paris,18,96,60000,3,mean_intersection,881fb429cbfffff,1.7447623e7,1.3300847e7,-4.146776e6
Paris,18,96,60000,3,mean_intersection,881fb429cdfffff,1.7947905e7,1.4031541e7,-3.916364e6
Paris,18,96,60000,3,mean_intersection,881fb429d5fffff,1.651738e7,1.312364e7,-3.39374e6
Paris,18,96,60000,3,mean_intersection,881fb429ddfffff,1.6701446e7,1.3602939e7,-3.098507e6
Paris,18,96,60000,3,mean_intersection,881fb429e1fffff,1.9108167e7,1.4567698e7,-4.540469e6
Paris,18,96,60000,3,mean_intersection,881fb429e3fffff,1.8295673e7,1.4807735e7,-3.487938e6
Paris,18,96,60000,3,mean_intersection,881fb429e5fffff,1.9726381e7,1.5708544e7,-4.017837e6
Paris,18,96,60000,3,mean_intersection,881fb429e7fffff,1.8354643e7,1.488591e7,-3.468733e6
Paris,18,96,60000,3,mean_intersection,881fb429e9fffff,1.8127977e7,1.4800021e7,-3.327956e6
Paris,18,96,60000,3,mean_intersection,881fb429ebfffff,1.8155228e7,1.4023949e7,-4.131279e6
Paris,18,96,60000,3,mean_intersection,881fb429edfffff,1.8500528e7,1.4874787e7,-3.625741e6
Paris,18,96,60000,3,mean_intersection,881fb42b01fffff,1.8285953e7,1.407673e7,-4.209223e6
Paris,18,96,60000,3,mean_intersection,881fb42b03fffff,1.7923573e7,1.3507066e7,-4.416507e6
Paris,18,96,60000,3,mean_intersection,881fb42b05fffff,1.6842164e7,1.2968602e7,-3.873562e6
Paris,18,96,60000,3,mean_intersection,881fb42b07fffff,1.708839e7,1.307564e7,-4.01275e6
Paris,18,96,60000,3,mean_intersection,881fb42b0dfffff,1.885505e7,1.3105246e7,-5.749804e6
Paris,18,96,60000,3,mean_intersection,881fb42b15fffff,1.682369e7,1.3051798e7,-3.771892e6
Paris,18,96,60000,3,mean_intersection,881fb42b17fffff,1.556701e7,1.2091324e7,-3.475686e6
Paris,18,96,60000,3,mean_intersection,881fb42b21fffff,1.8326257e7,1.4376037e7,-3.95022e6
Paris,18,96,60000,3,mean_intersection,881fb42b23fffff,1.7834029e7,1.4276688e7,-3.557341e6
Paris,18,96,60000,3,mean_intersection,881fb42b25fffff,1.8481938e7,1.4678581e7,-3.803357e6
Paris,18,96,60000,3,mean_intersection,881fb42b27fffff,1.7592417e7,1.4558135e7,-3.034282e6
Paris,18,96,60000,3,mean_intersection,881fb42b29fffff,1.8409978e7,1.4071213e7,-4.338765e6
Paris,18,96,60000,3,mean_intersection,881fb42b2bfffff,1.6740507e7,1.3291657e7,-3.44885e6
Paris,18,96,60000,3,mean_intersection,881fb42b2dfffff,1.7070695e7,1.4085489e7,-2.985206e6
Paris,18,96,60000,3,mean_intersection,881fb42b31fffff,1.7928925e7,1.2909285e7,-5.01964e6
Paris,18,96,60000,3,mean_intersection,881fb42b33fffff,1.6208529e7,1.2952897e7,-3.255632e6
Paris,18,96,60000,3,mean_intersection,881fb42b35fffff,1.8198889e7,1.3994827e7,-4.204062e6
Paris,18,96,60000,3,mean_intersection,881fb42b37fffff,1.6723776e7,1.2942644e7,-3.781132e6
Paris,18,96,60000,3,mean_intersection,881fb42b39fffff,1.7371617e7,1.3248533e7,-4.123084e6
Paris,18,96,60000,3,mean_intersection,881fb42b3bfffff,1.7027848e7,1.2727912e7,-4.299936e6
Paris,18,96,60000,3,mean_intersection,881fb42b3dfffff,1.6281338e7,1.2841297e7,-3.440041e6
Paris,18,96,60000,3,mean_intersection,881fb42b61fffff,1.7680956e7,1.3037694e7,-4.643262e6
Paris,18,96,60000,3,mean_intersection,881fb42b63fffff,1.8454422e7,1.396629e7,-4.488132e6
Paris,18,96,60000,3,mean_intersection,881fb42b65fffff,1.8657944e7,1.4581486e7,-4.076458e6
Paris,18,96,60000,3,mean_intersection,881fb42b67fffff,1.9429738e7,1.7468983e7,-1.960755e6
Paris,18,96,60000,3,mean_intersection,881fb42b69fffff,1.7050302e7,1.3850252e7,-3.20005e6
Paris,18,96,60000,3,mean_intersection,881fb42b6bfffff,1.8336228e7,1.3496736e7,-4.839492e6
Paris,18,96,60000,3,mean_intersection,881fb42b6dfffff,1.6311463e7,1.3755862e7,-2.555601e6
Paris,18,96,60000,3,mean_intersection,881fb46001fffff,1.6610229e7,1.4229836e7,-2.380393e6
Paris,18,96,60000,3,mean_intersection,881fb46003fffff,1.6270926e7,1.3915946e7,-2.35498e6
Paris,18,96,60000,3,mean_intersection,881fb46007fffff,1.653872e7,1.3962457e7,-2.576263e6
Paris,18,96,60000,3,mean_intersection,881fb46009fffff,1.6064673e7,1.3530768e7,-2.533905e6
Paris,18,96,60000,3,mean_intersection,881fb4600bfffff,1.6409539e7,1.4004813e7,-2.404726e6
Paris,18,96,60000,3,mean_intersection,881fb46011fffff,1.6139375e7,1.4370225e7,-1.76915e6
Paris,18,96,60000,3,mean_intersection,881fb46013fffff,1.6017766e7,1.4798558e7,-1.219208e6
Paris,18,96,60000,3,mean_intersection,881fb46015fffff,1.5315177e7,1.3721016e7,-1.594161e6
Paris,18,96,60000,3,mean_intersection,881fb46017fffff,1.5143611e7,1.4461827e7,-681784.0
Paris,18,96,60000,3,mean_intersection,881fb46019fffff,1.68579e7,1.5676991e7,-1.180909e6
Paris,18,96,60000,3,mean_intersection,881fb4601bfffff,1.6872507e7,1.548403e7,-1.388477e6
Paris,18,96,60000,3,mean_intersection,881fb4601dfffff,1.6350427e7,1.411079e7,-2.239637e6
Paris,18,96,60000,3,mean_intersection,881fb46031fffff,1.5260693e7,1.3492535e7,-1.768158e6
Paris,18,96,60000,3,mean_intersection,881fb46033fffff,1.6029541e7,1.4845367e7,-1.184174e6
Paris,18,96,60000,3,mean_intersection,881fb46035fffff,1.4867761e7,1.2793642e7,-2.074119e6
Paris,18,96,60000,3,mean_intersection,881fb46037fffff,1.5588052e7,1.4128424e7,-1.459628e6
Paris,18,96,60000,3,mean_intersection,881fb46039fffff,1.5104522e7,1.2819933e7,-2.284589e6
Paris,18,96,60000,3,mean_intersection,881fb4603bfffff,1.4905283e7,1.3451382e7,-1.453901e6
Paris,18,96,60000,3,mean_intersection,881fb4603dfffff,1.6043888e7,1.3916342e7,-2.127546e6
Paris,18,96,60000,3,mean_intersection,881fb46043fffff,1.540348e7,1.3482126e7,-1.921354e6
Paris,18,96,60000,3,mean_intersection,881fb4604bfffff,1.6184016e7,1.364186e7,-2.542156e6
Paris,18,96,60000,3,mean_intersection,881fb46051fffff,1.5569347e7,1.4111457e7,-1.45789e6
Paris,18,96,60000,3,mean_intersection,881fb46053fffff,1.5732977e7,1.4097381e7,-1.635596e6
Paris,18,96,60000,3,mean_intersection,881fb46055fffff,1.5796591e7,1.3869807e7,-1.926784e6
Paris,18,96,60000,3,mean_intersection,881fb46057fffff,1.6914756e7,1.4998194e7,-1.916562e6
Paris,18,96,60000,3,mean_intersection,881fb46059fffff,1.6924595e7,1.5240156e7,-1.684439e6
Paris,18,96,60000,3,mean_intersection,881fb4605bfffff,1.716741e7,1.5123412e7,-2.043998e6
Paris,18,96,60000,3,mean_intersection,881fb4605dfffff,1.6837596e7,1.4928917e7,-1.908679e6
Paris,18,96,60000,3,mean_intersection,881fb46081fffff,1.729904e7,1.5685066e7,-1.613974e6
Paris,18,96,60000,3,mean_intersection,881fb46083fffff,1.7504681e7,1.5275626e7,-2.229055e6
Paris,18,96,60000,3,mean_intersection,881fb46085fffff,1.6745998e7,1.5243258e7,-1.50274e6
Paris,18,96,60000,3,mean_intersection,881fb46087fffff,1.699861e7,1.5870154e7,-1.128456e6
Paris,18,96,60000,3,mean_intersection,881fb46089fffff,1.8033293e7,1.5436676e7,-2.596617e6
Paris,18,96,60000,3,mean_intersection,881fb4608bfffff,1.7412972e7,1.5231038e7,-2.181934e6
Paris,18,96,60000,3,mean_intersection,881fb4608dfffff,1.7327989e7,1.5227022e7,-2.100967e6
Paris,18,96,60000,3,mean_intersection,881fb46091fffff,1.7968328e7,1.5735249e7,-2.233079e6
Paris,18,96,60000,3,mean_intersection,881fb46093fffff,1.9091886e7,1.5286098e7,-3.805788e6
Paris,18,96,60000,3,mean_intersection,881fb46095fffff,1.7942033e7,1.5227652e7,-2.714381e6
Paris,18,96,60000,3,mean_intersection,881fb46097fffff,1.8066591e7,1.5537102e7,-2.529489e6
Paris,18,96,60000,3,mean_intersection,881fb46099fffff,1.8375257e7,1.6728325e7,-1.646932e6
Paris,18,96,60000,3,mean_intersection,881fb4609bfffff,1.7917425e7,1.6750137e7,-1.167288e6
Paris,18,96,60000,3,mean_intersection,881fb4609dfffff,1.8010737e7,1.5930053e7,-2.080684e6
Paris,18,96,60000,3,mean_intersection,881fb460a1fffff,1.6407721e7,1.5458528e7,-949193.0
Paris,18,96,60000,3,mean_intersection,881fb460a3fffff,1.6553288e7,1.5261932e7,-1.291356e6
Paris,18,96,60000,3,mean_intersection,881fb460a5fffff,1.5886437e7,1.5123425e7,-763012.0
Paris,18,96,60000,3,mean_intersection,881fb460a7fffff,1.6024264e7,1.5212241e7,-812023.0
Paris,18,96,60000,3,mean_intersection,881fb460a9fffff,1.6398843e7,1.5256734e7,-1.142109e6
Paris,18,96,60000,3,mean_intersection,881fb460abfffff,1.6538146e7,1.5378086e7,-1.16006e6
Paris,18,96,60000,3,mean_intersection,881fb460adfffff,1.6156123e7,1.5235378e7,-920745.0
Paris,18,96,60000,3,mean_intersection,881fb460b1fffff,1.7662608e7,1.5474622e7,-2.187986e6
Paris,18,96,60000,3,mean_intersection,881fb460b3fffff,1.7932518e7,1.5847266e7,-2.085252e6
Paris,18,96,60000,3,mean_intersection,881fb460b5fffff,1.6820061e7,1.6058144e7,-761917.0
Paris,18,96,60000,3,mean_intersection,881fb460b7fffff,1.6576683e7,1.5308686e7,-1.267997e6
Paris,18,96,60000,3,mean_intersection,881fb460b9fffff,1.7126354e7,1.517911e7,-1.947244e6
Paris,18,96,60000,3,mean_intersection,881fb460bbfffff,1.8022645e7,1.554708e7,-2.475565e6
Paris,18,96,60000,3,mean_intersection,881fb460bdfffff,1.7050525e7,1.5505523e7,-1.545002e6
Paris,18,96,60000,3,mean_intersection,881fb460c1fffff,1.7958943e7,1.5722756e7,-2.236187e6
Paris,18,96,60000,3,mean_intersection,881fb460c3fffff,1.9026089e7,1.5681966e7,-3.344123e6
Paris,18,96,60000,3,mean_intersection,881fb460c5fffff,1.7114079e7,1.5242673e7,-1.871406e6
Paris,18,96,60000,3,mean_intersection,881fb460c7fffff,1.7461173e7,1.545672e7,-2.004453e6
Paris,18,96,60000,3,mean_intersection,881fb460c9fffff,1.8546645e7,1.560353e7,-2.943115e6
Paris,18,96,60000,3,mean_intersection,881fb460cbfffff,1.9009811e7,1.5706541e7,-3.30327e6
Paris,18,96,60000,3,mean_intersection,881fb460cdfffff,1.7453269e7,1.5605952e7,-1.847317e6
Paris,18,96,60000,3,mean_intersection,881fb460d1fffff,1.9355546e7,1.6242453e7,-3.113093e6
Paris,18,96,60000,3,mean_intersection,881fb460d3fffff,1.930871e7,1.6788855e7,-2.519855e6
Paris,18,96,60000,3,mean_intersection,881fb460d5fffff,1.8721937e7,1.5530486e7,-3.191451e6
Paris,18,96,60000,3,mean_intersection,881fb460d7fffff,1.8950706e7,1.5994616e7,-2.95609e6
Paris,18,96,60000,3,mean_intersection,881fb460d9fffff,1.9259346e7,1.725496e7,-2.004386e6
Paris,18,96,60000,3,mean_intersection,881fb460dbfffff,1.9542884e7,1.7473252e7,-2.069632e6
Paris,18,96,60000,3,mean_intersection,881fb460ddfffff,1.9138697e7,1.5759111e7,-3.379586e6
Paris,18,96,60000,3,mean_intersection,881fb460e1fffff,1.6506529e7,1.5155251e7,-1.351278e6
Paris,18,96,60000,3,mean_intersection,881fb460e3fffff,1.57109e7,1.458804e7,-1.12286e6
Paris,18,96,60000,3,mean_intersection,881fb460e5fffff,1.6068238e7,1.5197514e7,-870724.0
Paris,18,96,60000,3,mean_intersection,881fb460e7fffff,1.6215596e7,1.5280568e7,-935028.0
Paris,18,96,60000,3,mean_intersection,881fb460e9fffff,1.6771406e7,1.5658662e7,-1.112744e6
Paris,18,96,60000,3,mean_intersection,881fb460ebfffff,1.7240255e7,1.5555671e7,-1.684584e6
Paris,18,96,60000,3,mean_intersection,881fb460edfffff,1.5244421e7,1.4588994e7,-655427.0
Paris,18,96,60000,3,mean_intersection,881fb46181fffff,1.4471803e7,1.3678025e7,-793778.0
Paris,18,96,60000,3,mean_intersection,881fb46183fffff,1.4437896e7,1.3373937e7,-1.063959e6
Paris,18,96,60000,3,mean_intersection,881fb46187fffff,1.4957085e7,1.421378e7,-743305.0
Paris,18,96,60000,3,mean_intersection,881fb46189fffff,1.4497223e7,1.2691934e7,-1.805289e6
Paris,18,96,60000,3,mean_intersection,881fb4618bfffff,1.4921849e7,1.3738543e7,-1.183306e6
Paris,18,96,60000,3,mean_intersection,881fb46191fffff,1.4533123e7,1.3948332e7,-584791.0
Paris,18,96,60000,3,mean_intersection,881fb46193fffff,1.4774299e7,1.4712658e7,-61641.0
Paris,18,96,60000,3,mean_intersection,881fb46195fffff,1.3762446e7,1.3329526e7,-432920.0
Paris,18,96,60000,3,mean_intersection,881fb46197fffff,1.3924767e7,1.339928e7,-525487.0
Paris,18,96,60000,3,mean_intersection,881fb46199fffff,1.5367788e7,1.4994033e7,-373755.0
Paris,18,96,60000,3,mean_intersection,881fb4619bfffff,1.5681343e7,1.5300773e7,-380570.0
Paris,18,96,60000,3,mean_intersection,881fb4619dfffff,1.4720599e7,1.3667705e7,-1.052894e6
Paris,18,96,60000,3,mean_intersection,881fb461b9fffff,1.3848475e7,1.2717821e7,-1.130654e6
Paris,18,96,60000,3,mean_intersection,881fb461bbfffff,1.3609572e7,1.3131105e7,-478467.0
Paris,18,96,60000,3,mean_intersection,881fb461c3fffff,1.5484738e7,1.3747166e7,-1.737572e6
Paris,18,96,60000,3,mean_intersection,881fb461cbfffff,1.5379336e7,1.3607635e7,-1.771701e6
Paris,18,96,60000,3,mean_intersection,881fb461d1fffff,1.5592514e7,1.4663648e7,-928866.0
Paris,18,96,60000,3,mean_intersection,881fb461d3fffff,1.5800446e7,1.5148668e7,-651778.0
Paris,18,96,60000,3,mean_intersection,881fb461d5fffff,1.5090224e7,1.3723224e7,-1.367e6
Paris,18,96,60000,3,mean_intersection,881fb461d7fffff,1.497561e7,1.4466336e7,-509274.0
Paris,18,96,60000,3,mean_intersection,881fb461d9fffff,1.6112744e7,1.5100968e7,-1.011776e6
Paris,18,96,60000,3,mean_intersection,881fb461dbfffff,1.617606e7,1.5296211e7,-879849.0
Paris,18,96,60000,3,mean_intersection,881fb461ddfffff,1.5701624e7,1.4087993e7,-1.613631e6
Paris,18,96,60000,3,mean_intersection,881fb46201fffff,1.6634807e7,1.3371547e7,-3.26326e6
Paris,18,96,60000,3,mean_intersection,881fb46203fffff,1.6704286e7,1.3884875e7,-2.819411e6
Paris,18,96,60000,3,mean_intersection,881fb46207fffff,1.5225211e7,1.2722623e7,-2.502588e6
Paris,18,96,60000,3,mean_intersection,881fb46209fffff,1.6301681e7,1.2877837e7,-3.423844e6
Paris,18,96,60000,3,mean_intersection,881fb4620bfffff,1.6803275e7,1.3773021e7,-3.030254e6
Paris,18,96,60000,3,mean_intersection,881fb46211fffff,1.7537265e7,1.3505544e7,-4.031721e6
Paris,18,96,60000,3,mean_intersection,881fb46213fffff,1.7226302e7,1.51253e7,-2.101002e6
Paris,18,96,60000,3,mean_intersection,881fb46215fffff,1.6963525e7,1.402885e7,-2.934675e6
Paris,18,96,60000,3,mean_intersection,881fb46217fffff,1.6749319e7,1.4412983e7,-2.336336e6
Paris,18,96,60000,3,mean_intersection,881fb46219fffff,1.7992181e7,1.3625136e7,-4.367045e6
Paris,18,96,60000,3,mean_intersection,881fb4621bfffff,1.8522896e7,1.4220608e7,-4.302288e6
Paris,18,96,60000,3,mean_intersection,881fb4621dfffff,1.7543424e7,1.3400078e7,-4.143346e6
Paris,18,96,60000,3,mean_intersection,881fb46231fffff,1.5355973e7,1.3482524e7,-1.873449e6
Paris,18,96,60000,3,mean_intersection,881fb46233fffff,1.603362e7,1.5094201e7,-939419.0
Paris,18,96,60000,3,mean_intersection,881fb46235fffff,1.5624586e7,1.3138811e7,-2.485775e6
Paris,18,96,60000,3,mean_intersection,881fb46237fffff,1.6438409e7,1.4747222e7,-1.691187e6
Paris,18,96,60000,3,mean_intersection,881fb46239fffff,1.6564293e7,1.3840898e7,-2.723395e6
Paris,18,96,60000,3,mean_intersection,881fb4623bfffff,1.6613895e7,1.4879599e7,-1.734296e6
Paris,18,96,60000,3,mean_intersection,881fb4623dfffff,1.5175114e7,1.283222e7,-2.342894e6
Paris,18,96,60000,3,mean_intersection,881fb46243fffff,1.7323215e7,1.3224035e7,-4.09918e6
Paris,18,96,60000,3,mean_intersection,881fb4624bfffff,1.5655869e7,1.300347e7,-2.652399e6
Paris,18,96,60000,3,mean_intersection,881fb46251fffff,1.8463611e7,1.3422484e7,-5.041127e6
Paris,18,96,60000,3,mean_intersection,881fb46253fffff,1.7791729e7,1.394532e7,-3.846409e6
Paris,18,96,60000,3,mean_intersection,881fb46255fffff,1.5998842e7,1.2756695e7,-3.242147e6
Paris,18,96,60000,3,mean_intersection,881fb46257fffff,1.7600351e7,1.346548e7,-4.134871e6
Paris,18,96,60000,3,mean_intersection,881fb46259fffff,1.5988053e7,1.3043284e7,-2.944769e6
Paris,18,96,60000,3,mean_intersection,881fb4625bfffff,1.7065688e7,1.3414693e7,-3.650995e6
Paris,18,96,60000,3,mean_intersection,881fb4625dfffff,1.6843186e7,1.3202832e7,-3.640354e6
Paris,18,96,60000,3,mean_intersection,881fb46281fffff,1.6511651e7,1.4157747e7,-2.353904e6
Paris,18,96,60000,3,mean_intersection,881fb46283fffff,1.6939745e7,1.4170395e7,-2.76935e6
Paris,18,96,60000,3,mean_intersection,881fb46285fffff,1.8203924e7,1.5240653e7,-2.963271e6
Paris,18,96,60000,3,mean_intersection,881fb46287fffff,1.9053397e7,1.5743562e7,-3.309835e6
Paris,18,96,60000,3,mean_intersection,881fb46289fffff,1.8643976e7,1.5917748e7,-2.726228e6
Paris,18,96,60000,3,mean_intersection,881fb4628bfffff,1.8379755e7,1.5086638e7,-3.293117e6
Paris,18,96,60000,3,mean_intersection,881fb4628dfffff,1.8425895e7,1.5915638e7,-2.510257e6
Paris,18,96,60000,3,mean_intersection,881fb46291fffff,2.0071944e7,1.6163268e7,-3.908676e6
Paris,18,96,60000,3,mean_intersection,881fb46293fffff,2.0387799e7,1.7129661e7,-3.258138e6
Paris,18,96,60000,3,mean_intersection,881fb46295fffff,1.9745333e7,1.6093328e7,-3.652005e6
Paris,18,96,60000,3,mean_intersection,881fb46297fffff,2.0050869e7,1.675753e7,-3.293339e6
Paris,18,96,60000,3,mean_intersection,881fb46299fffff,2.0084924e7,1.6280223e7,-3.804701e6
Paris,18,96,60000,3,mean_intersection,881fb4629bfffff,2.0365478e7,1.7257508e7,-3.10797e6
Paris,18,96,60000,3,mean_intersection,881fb4629dfffff,1.8204636e7,1.4983007e7,-3.221629e6
Paris,18,96,60000,3,mean_intersection,881fb462a1fffff,1.8002194e7,1.5681964e7,-2.32023e6
Paris,18,96,60000,3,mean_intersection,881fb462a3fffff,1.8893445e7,1.597872e7,-2.914725e6
Paris,18,96,60000,3,mean_intersection,881fb462a5fffff,1.7191794e7,1.5919253e7,-1.272541e6
Paris,18,96,60000,3,mean_intersection,881fb462a7fffff,1.7914822e7,1.6049658e7,-1.865164e6
Paris,18,96,60000,3,mean_intersection,881fb462a9fffff,1.8741271e7,1.6013282e7,-2.727989e6
Paris,18,96,60000,3,mean_intersection,881fb462abfffff,1.8955333e7,1.6022275e7,-2.933058e6
Paris,18,96,60000,3,mean_intersection,881fb462adfffff,1.6281691e7,1.3866949e7,-2.414742e6
Paris,18,96,60000,3,mean_intersection,881fb462b1fffff,1.9519105e7,1.6077129e7,-3.441976e6
Paris,18,96,60000,3,mean_intersection,881fb462b3fffff,1.9604709e7,1.7369622e7,-2.235087e6
Paris,18,96,60000,3,mean_intersection,881fb462b5fffff,1.9128315e7,1.6058637e7,-3.069678e6
Paris,18,96,60000,3,mean_intersection,881fb462b7fffff,1.9386518e7,1.686317e7,-2.523348e6
Paris,18,96,60000,3,mean_intersection,881fb462b9fffff,1.9462776e7,1.6050371e7,-3.412405e6
Paris,18,96,60000,3,mean_intersection,881fb462bbfffff,1.9755324e7,1.6654746e7,-3.100578e6
Paris,18,96,60000,3,mean_intersection,881fb462bdfffff,1.9109578e7,1.606227e7,-3.047308e6
Paris,18,96,60000,3,mean_intersection,881fb462c1fffff,1.9022882e7,1.6095375e7,-2.927507e6
Paris,18,96,60000,3,mean_intersection,881fb462c3fffff,1.9321241e7,1.6048269e7,-3.272972e6
Paris,18,96,60000,3,mean_intersection,881fb462c5fffff,1.8690437e7,1.5866091e7,-2.824346e6
Paris,18,96,60000,3,mean_intersection,881fb462c7fffff,1.9180636e7,1.5984924e7,-3.195712e6
Paris,18,96,60000,3,mean_intersection,881fb462c9fffff,1.9011156e7,1.592035e7,-3.090806e6
Paris,18,96,60000,3,mean_intersection,881fb462cbfffff,1.9468493e7,1.580194e7,-3.666553e6
Paris,18,96,60000,3,mean_intersection,881fb462cdfffff,1.8260387e7,1.5611548e7,-2.648839e6
Paris,18,96,60000,3,mean_intersection,881fb462d1fffff,1.9279464e7,1.5520715e7,-3.758749e6
Paris,18,96,60000,3,mean_intersection,881fb462d3fffff,1.8903672e7,1.5688691e7,-3.214981e6
Paris,18,96,60000,3,mean_intersection,881fb462d5fffff,1.7186023e7,1.3696582e7,-3.489441e6
Paris,18,96,60000,3,mean_intersection,881fb462d7fffff,1.8788316e7,1.5155033e7,-3.633283e6
Paris,18,96,60000,3,mean_intersection,881fb462d9fffff,1.9742008e7,1.6252168e7,-3.48984e6
Paris,18,96,60000,3,mean_intersection,881fb462dbfffff,1.9635023e7,1.6133507e7,-3.501516e6
Paris,18,96,60000,3,mean_intersection,881fb462ddfffff,1.9759983e7,1.6275042e7,-3.484941e6
Paris,18,96,60000,3,mean_intersection,881fb462e1fffff,1.7443703e7,1.5697231e7,-1.746472e6
Paris,18,96,60000,3,mean_intersection,881fb462e3fffff,1.7685131e7,1.5569511e7,-2.11562e6
Paris,18,96,60000,3,mean_intersection,881fb462e5fffff,1.7092553e7,1.5755338e7,-1.337215e6
Paris,18,96,60000,3,mean_intersection,881fb462e7fffff,1.795844e7,1.5775393e7,-2.183047e6
Paris,18,96,60000,3,mean_intersection,881fb462e9fffff,1.7635629e7,1.5995942e7,-1.639687e6
Paris,18,96,60000,3,mean_intersection,881fb462ebfffff,1.8865629e7,1.6032015e7,-2.833614e6
Paris,18,96,60000,3,mean_intersection,881fb462edfffff,1.6936107e7,1.5907922e7,-1.028185e6
Paris,18,96,60000,3,mean_intersection,881fb46401fffff,1.9838856e7,1.4565393e7,-5.273463e6
Paris,18,96,60000,3,mean_intersection,881fb46403fffff,1.9601482e7,1.4442643e7,-5.158839e6
Paris,18,96,60000,3,mean_intersection,881fb46405fffff,1.9107075e7,1.4273853e7,-4.833222e6
Paris,18,96,60000,3,mean_intersection,881fb46407fffff,1.9335297e7,1.443227e7,-4.903027e6
Paris,18,96,60000,3,mean_intersection,881fb46409fffff,2.0081394e7,1.5040056e7,-5.041338e6
Paris,18,96,60000,3,mean_intersection,881fb4640bfffff,1.9866954e7,1.4460333e7,-5.406621e6
Paris,18,96,60000,3,mean_intersection,881fb4640dfffff,2.0267627e7,1.5308683e7,-4.958944e6
Paris,18,96,60000,3,mean_intersection,881fb46411fffff,1.8357274e7,1.3784551e7,-4.572723e6
Paris,18,96,60000,3,mean_intersection,881fb46413fffff,1.6676702e7,1.3721453e7,-2.955249e6
Paris,18,96,60000,3,mean_intersection,881fb46415fffff,1.8757382e7,1.3938575e7,-4.818807e6
Paris,18,96,60000,3,mean_intersection,881fb46417fffff,1.834986e7,1.3784168e7,-4.565692e6
Paris,18,96,60000,3,mean_intersection,881fb46419fffff,1.9486904e7,1.3942592e7,-5.544312e6
Paris,18,96,60000,3,mean_intersection,881fb4641bfffff,1.6921758e7,1.2920058e7,-4.0017e6
Paris,18,96,60000,3,mean_intersection,881fb4641dfffff,1.875181e7,1.3853801e7,-4.898009e6
Paris,18,96,60000,3,mean_intersection,881fb46421fffff,1.8475811e7,1.3951049e7,-4.524762e6
Paris,18,96,60000,3,mean_intersection,881fb46423fffff,1.8103261e7,1.3920691e7,-4.18257e6
Paris,18,96,60000,3,mean_intersection,881fb46425fffff,1.9199128e7,1.3991753e7,-5.207375e6
Paris,18,96,60000,3,mean_intersection,881fb46427fffff,1.7807414e7,1.3873434e7,-3.93398e6
Paris,18,96,60000,3,mean_intersection,881fb46429fffff,1.9775439e7,1.4006227e7,-5.769212e6
Paris,18,96,60000,3,mean_intersection,881fb4642bfffff,1.9489523e7,1.3995793e7,-5.49373e6
Paris,18,96,60000,3,mean_intersection,881fb4642dfffff,1.9367654e7,1.3988049e7,-5.379605e6
Paris,18,96,60000,3,mean_intersection,881fb46431fffff,1.8706334e7,1.3795597e7,-4.910737e6
Paris,18,96,60000,3,mean_intersection,881fb46433fffff,1.9483068e7,1.3529792e7,-5.953276e6
Paris,18,96,60000,3,mean_intersection,881fb46435fffff,1.8445044e7,1.364914e7,-4.795904e6
Paris,18,96,60000,3,mean_intersection,881fb46437fffff,1.8625219e7,1.3456387e7,-5.168832e6
Paris,18,96,60000,3,mean_intersection,881fb46439fffff,1.8790655e7,1.394331e7,-4.847345e6
Paris,18,96,60000,3,mean_intersection,881fb4643bfffff,1.9177715e7,1.3946127e7,-5.231588e6
Paris,18,96,60000,3,mean_intersection,881fb4643dfffff,1.8470766e7,1.3791816e7,-4.67895e6
Paris,18,96,60000,3,mean_intersection,881fb46441fffff,2.1140498e7,1.7527364e7,-3.613134e6
Paris,18,96,60000,3,mean_intersection,881fb46443fffff,2.0851265e7,1.6062065e7,-4.7892e6
Paris,18,96,60000,3,mean_intersection,881fb46445fffff,2.0910344e7,1.737595e7,-3.534394e6
Paris,18,96,60000,3,mean_intersection,881fb46447fffff,2.0762886e7,1.6190771e7,-4.572115e6
Paris,18,96,60000,3,mean_intersection,881fb46449fffff,2.1249201e7,1.7566888e7,-3.682313e6
Paris,18,96,60000,3,mean_intersection,881fb4644bfffff,2.1058095e7,1.6733598e7,-4.324497e6
Paris,18,96,60000,3,mean_intersection,881fb4644dfffff,2.1157147e7,1.7508288e7,-3.648859e6
Paris,18,96,60000,3,mean_intersection,881fb46451fffff,2.0403777e7,1.4578099e7,-5.825678e6
Paris,18,96,60000,3,mean_intersection,881fb46453fffff,2.002478e7,1.4036225e7,-5.988555e6
Paris,18,96,60000,3,mean_intersection,881fb46455fffff,2.0604408e7,1.5268307e7,-5.336101e6
Paris,18,96,60000,3,mean_intersection,881fb46457fffff,2.0214264e7,1.451554e7,-5.698724e6
Paris,18,96,60000,3,mean_intersection,881fb46459fffff,2.0494407e7,1.5578594e7,-4.915813e6
Paris,18,96,60000,3,mean_intersection,881fb4645bfffff,2.0270499e7,1.5133312e7,-5.137187e6
Paris,18,96,60000,3,mean_intersection,881fb4645dfffff,2.0819022e7,1.6012591e7,-4.806431e6
Paris,18,96,60000,3,mean_intersection,881fb46461fffff,2.0274951e7,1.4749343e7,-5.525608e6
Paris,18,96,60000,3,mean_intersection,881fb46463fffff,2.0050055e7,1.4454812e7,-5.595243e6
Paris,18,96,60000,3,mean_intersection,881fb46465fffff,2.0048204e7,1.5627396e7,-4.420808e6
Paris,18,96,60000,3,mean_intersection,881fb46467fffff,1.990724e7,1.4777024e7,-5.130216e6
Paris,18,96,60000,3,mean_intersection,881fb46469fffff,2.059663e7,1.6181429e7,-4.415201e6
Paris,18,96,60000,3,mean_intersection,881fb4646bfffff,2.0502213e7,1.5020988e7,-5.481225e6
Paris,18,96,60000,3,mean_intersection,881fb4646dfffff,2.0533457e7,1.6171814e7,-4.361643e6
Paris,18,96,60000,3,mean_intersection,881fb46481fffff,1.7310778e7,1.2621851e7,-4.688927e6
Paris,18,96,60000,3,mean_intersection,881fb46483fffff,1.717513e7,1.2607404e7,-4.567726e6
Paris,18,96,60000,3,mean_intersection,881fb46485fffff,1.7334987e7,1.2618732e7,-4.716255e6
Paris,18,96,60000,3,mean_intersection,881fb46487fffff,1.5980836e7,1.22125e7,-3.768336e6
Paris,18,96,60000,3,mean_intersection,881fb46489fffff,1.7050872e7,1.2670615e7,-4.380257e6
Paris,18,96,60000,3,mean_intersection,881fb4648bfffff,1.6816847e7,1.2196284e7,-4.620563e6
Paris,18,96,60000,3,mean_intersection,881fb4648dfffff,1.7495237e7,1.3179644e7,-4.315593e6
Paris,18,96,60000,3,mean_intersection,881fb46491fffff,1.6799789e7,1.2840989e7,-3.9588e6
Paris,18,96,60000,3,mean_intersection,881fb46493fffff,1.6109857e7,1.2258112e7,-3.851745e6
Paris,18,96,60000,3,mean_intersection,881fb46495fffff,1.5920368e7,1.2464938e7,-3.45543e6
Paris,18,96,60000,3,mean_intersection,881fb46497fffff,1.5482974e7,1.2593032e7,-2.889942e6
Paris,18,96,60000,3,mean_intersection,881fb46499fffff,1.6204262e7,1.2223261e7,-3.981001e6
Paris,18,96,60000,3,mean_intersection,881fb4649bfffff,1.6204749e7,1.2456917e7,-3.747832e6
Paris,18,96,60000,3,mean_intersection,881fb4649dfffff,1.60309e7,1.2180119e7,-3.850781e6
Paris,18,96,60000,3,mean_intersection,881fb464a1fffff,1.7035851e7,1.2224615e7,-4.811236e6
Paris,18,96,60000,3,mean_intersection,881fb464a3fffff,1.5857382e7,1.2431269e7,-3.426113e6
Paris,18,96,60000,3,mean_intersection,881fb464a5fffff,1.7360699e7,1.2224966e7,-5.135733e6
Paris,18,96,60000,3,mean_intersection,881fb464a7fffff,1.617915e7,1.221916e7,-3.95999e6
Paris,18,96,60000,3,mean_intersection,881fb464a9fffff,1.743539e7,1.2629909e7,-4.805481e6
Paris,18,96,60000,3,mean_intersection,881fb464abfffff,1.6091774e7,1.258176e7,-3.510014e6
Paris,18,96,60000,3,mean_intersection,881fb464adfffff,1.7605311e7,1.2213629e7,-5.391682e6
Paris,18,96,60000,3,mean_intersection,881fb464b1fffff,1.5421378e7,1.2610159e7,-2.811219e6
Paris,18,96,60000,3,mean_intersection,881fb464b3fffff,1.5360303e7,1.2648504e7,-2.711799e6
Paris,18,96,60000,3,mean_intersection,881fb464b5fffff,1.5327673e7,1.2607764e7,-2.719909e6
Paris,18,96,60000,3,mean_intersection,881fb464b7fffff,1.529469e7,1.2622948e7,-2.671742e6
Paris,18,96,60000,3,mean_intersection,881fb464b9fffff,1.5962837e7,1.2113213e7,-3.849624e6
Paris,18,96,60000,3,mean_intersection,881fb464bbfffff,1.5471724e7,1.2619733e7,-2.851991e6
Paris,18,96,60000,3,mean_intersection,881fb464bdfffff,1.5958705e7,1.2616068e7,-3.342637e6
Paris,18,96,60000,3,mean_intersection,881fb464c1fffff,1.7665934e7,1.3231388e7,-4.434546e6
Paris,18,96,60000,3,mean_intersection,881fb464c3fffff,1.6799532e7,1.219803e7,-4.601502e6
Paris,18,96,60000,3,mean_intersection,881fb464c5fffff,1.7671317e7,1.3609659e7,-4.061658e6
Paris,18,96,60000,3,mean_intersection,881fb464c7fffff,1.8220179e7,1.2978187e7,-5.241992e6
Paris,18,96,60000,3,mean_intersection,881fb464c9fffff,1.7899997e7,1.3003868e7,-4.896129e6
Paris,18,96,60000,3,mean_intersection,881fb464cbfffff,1.7691063e7,1.2717418e7,-4.973645e6
Paris,18,96,60000,3,mean_intersection,881fb464cdfffff,1.612048e7,1.2815278e7,-3.305202e6
Paris,18,96,60000,3,mean_intersection,881fb464d1fffff,1.5607412e7,1.2134126e7,-3.473286e6
Paris,18,96,60000,3,mean_intersection,881fb464d3fffff,1.6212808e7,1.2611975e7,-3.600833e6
Paris,18,96,60000,3,mean_intersection,881fb464d5fffff,1.6615682e7,1.218554e7,-4.430142e6
Paris,18,96,60000,3,mean_intersection,881fb464d7fffff,1.629256e7,1.2605877e7,-3.686683e6
Paris,18,96,60000,3,mean_intersection,881fb464d9fffff,1.8200195e7,1.2970815e7,-5.22938e6
Paris,18,96,60000,3,mean_intersection,881fb464dbfffff,1.7479157e7,1.3103116e7,-4.376041e6
Paris,18,96,60000,3,mean_intersection,881fb464ddfffff,1.6262601e7,1.2516592e7,-3.746009e6
Paris,18,96,60000,3,mean_intersection,881fb464e1fffff,1.8025636e7,1.3257733e7,-4.767903e6
Paris,18,96,60000,3,mean_intersection,881fb464e3fffff,1.734652e7,1.25969e7,-4.74962e6
Paris,18,96,60000,3,mean_intersection,881fb464e5fffff,1.8595137e7,1.3341808e7,-5.253329e6
Paris,18,96,60000,3,mean_intersection,881fb464e7fffff,1.8193667e7,1.2242067e7,-5.9516e6
Paris,18,96,60000,3,mean_intersection,881fb464e9fffff,1.8192532e7,1.3589206e7,-4.603326e6
Paris,18,96,60000,3,mean_intersection,881fb464ebfffff,1.741518e7,1.2194924e7,-5.220256e6
Paris,18,96,60000,3,mean_intersection,881fb464edfffff,1.8508807e7,1.3512008e7,-4.996799e6
Paris,18,96,60000,3,mean_intersection,881fb46501fffff,1.7874942e7,1.5105043e7,-2.769899e6
Paris,18,96,60000,3,mean_intersection,881fb46503fffff,1.788275e7,1.5064626e7,-2.818124e6
Paris,18,96,60000,3,mean_intersection,881fb46505fffff,1.8169082e7,1.5579608e7,-2.589474e6
Paris,18,96,60000,3,mean_intersection,881fb46507fffff,1.7359427e7,1.4718152e7,-2.641275e6
Paris,18,96,60000,3,mean_intersection,881fb46509fffff,1.8559744e7,1.4929411e7,-3.630333e6
Paris,18,96,60000,3,mean_intersection,881fb4650bfffff,1.9376965e7,1.5392394e7,-3.984571e6
Paris,18,96,60000,3,mean_intersection,881fb4650dfffff,1.8391864e7,1.5393217e7,-2.998647e6
Paris,18,96,60000,3,mean_intersection,881fb46511fffff,1.8161928e7,1.3590802e7,-4.571126e6
Paris,18,96,60000,3,mean_intersection,881fb46513fffff,1.6884724e7,1.330563e7,-3.579094e6
Paris,18,96,60000,3,mean_intersection,881fb46515fffff,1.7622994e7,1.4903031e7,-2.719963e6
Paris,18,96,60000,3,mean_intersection,881fb46517fffff,1.6967748e7,1.4717417e7,-2.250331e6
Paris,18,96,60000,3,mean_intersection,881fb46519fffff,1.7796278e7,1.3386045e7,-4.410233e6
Paris,18,96,60000,3,mean_intersection,881fb4651bfffff,1.8413542e7,1.3777078e7,-4.636464e6
Paris,18,96,60000,3,mean_intersection,881fb4651dfffff,1.7925692e7,1.5057069e7,-2.868623e6
Paris,18,96,60000,3,mean_intersection,881fb46521fffff,1.6757598e7,1.537636e7,-1.381238e6
Paris,18,96,60000,3,mean_intersection,881fb46523fffff,1.6516448e7,1.4668976e7,-1.847472e6
Paris,18,96,60000,3,mean_intersection,881fb46525fffff,1.7356242e7,1.532023e7,-2.036012e6
Paris,18,96,60000,3,mean_intersection,881fb46527fffff,1.6989051e7,1.4935727e7,-2.053324e6
Paris,18,96,60000,3,mean_intersection,881fb46529fffff,1.7540669e7,1.5391113e7,-2.149556e6
Paris,18,96,60000,3,mean_intersection,881fb4652bfffff,1.7432529e7,1.5565299e7,-1.86723e6
Paris,18,96,60000,3,mean_intersection,881fb4652dfffff,1.715369e7,1.5870089e7,-1.283601e6
Paris,18,96,60000,3,mean_intersection,881fb46531fffff,1.7379647e7,1.4396917e7,-2.98273e6
Paris,18,96,60000,3,mean_intersection,881fb46533fffff,1.7222042e7,1.5035663e7,-2.186379e6
Paris,18,96,60000,3,mean_intersection,881fb46535fffff,1.734744e7,1.5400284e7,-1.947156e6
Paris,18,96,60000,3,mean_intersection,881fb46537fffff,1.7895562e7,1.490129e7,-2.994272e6
Paris,18,96,60000,3,mean_intersection,881fb46539fffff,1.8755053e7,1.5424355e7,-3.330698e6
Paris,18,96,60000,3,mean_intersection,881fb4653bfffff,1.7303636e7,1.5223966e7,-2.07967e6
Paris,18,96,60000,3,mean_intersection,881fb4653dfffff,1.7635083e7,1.5382747e7,-2.252336e6
Paris,18,96,60000,3,mean_intersection,881fb46541fffff,1.9478436e7,1.5465587e7,-4.012849e6
Paris,18,96,60000,3,mean_intersection,881fb46543fffff,1.9593484e7,1.5937496e7,-3.655988e6
Paris,18,96,60000,3,mean_intersection,881fb46545fffff,1.8858828e7,1.5588049e7,-3.270779e6
Paris,18,96,60000,3,mean_intersection,881fb46547fffff,1.9181615e7,1.5959333e7,-3.222282e6
Paris,18,96,60000,3,mean_intersection,881fb46549fffff,1.9852765e7,1.7327159e7,-2.525606e6
Paris,18,96,60000,3,mean_intersection,881fb4654bfffff,1.9886752e7,1.6988324e7,-2.898428e6
Paris,18,96,60000,3,mean_intersection,881fb4654dfffff,1.9540344e7,1.6248131e7,-3.292213e6
Paris,18,96,60000,3,mean_intersection,881fb46551fffff,1.9286829e7,1.5214616e7,-4.072213e6
Paris,18,96,60000,3,mean_intersection,881fb46553fffff,1.9235749e7,1.4157331e7,-5.078418e6
Paris,18,96,60000,3,mean_intersection,881fb46555fffff,1.8846539e7,1.5379904e7,-3.466635e6
Paris,18,96,60000,3,mean_intersection,881fb46557fffff,1.8898714e7,1.5564592e7,-3.334122e6
Paris,18,96,60000,3,mean_intersection,881fb46559fffff,1.9935028e7,1.5638468e7,-4.29656e6
Paris,18,96,60000,3,mean_intersection,881fb4655bfffff,1.9809313e7,1.4506367e7,-5.302946e6
Paris,18,96,60000,3,mean_intersection,881fb4655dfffff,1.9904636e7,1.6386422e7,-3.518214e6
Paris,18,96,60000,3,mean_intersection,881fb46561fffff,1.8889723e7,1.6425005e7,-2.464718e6
Paris,18,96,60000,3,mean_intersection,881fb46563fffff,1.8339552e7,1.5535562e7,-2.80399e6
Paris,18,96,60000,3,mean_intersection,881fb46565fffff,1.7556075e7,1.5335017e7,-2.221058e6
Paris,18,96,60000,3,mean_intersection,881fb46567fffff,1.8119734e7,1.5735865e7,-2.383869e6
Paris,18,96,60000,3,mean_intersection,881fb46569fffff,1.8350552e7,1.5695711e7,-2.654841e6
Paris,18,96,60000,3,mean_intersection,881fb4656bfffff,1.8599865e7,1.5735914e7,-2.863951e6
Paris,18,96,60000,3,mean_intersection,881fb4656dfffff,1.8264373e7,1.6275031e7,-1.989342e6
Paris,18,96,60000,3,mean_intersection,881fb46581fffff,1.7290176e7,1.2188379e7,-5.101797e6
Paris,18,96,60000,3,mean_intersection,881fb46583fffff,1.6072257e7,1.2375864e7,-3.696393e6
Paris,18,96,60000,3,mean_intersection,881fb46585fffff,1.7616679e7,1.2282957e7,-5.333722e6
Paris,18,96,60000,3,mean_intersection,881fb46587fffff,1.6356614e7,1.2203295e7,-4.153319e6
Paris,18,96,60000,3,mean_intersection,881fb46589fffff,1.7281305e7,1.2210823e7,-5.070482e6
Paris,18,96,60000,3,mean_intersection,881fb4658bfffff,1.596616e7,1.2407265e7,-3.558895e6
Paris,18,96,60000,3,mean_intersection,881fb4658dfffff,1.7150035e7,1.2226807e7,-4.923228e6
Paris,18,96,60000,3,mean_intersection,881fb46591fffff,1.7016941e7,1.2119291e7,-4.89765e6
Paris,18,96,60000,3,mean_intersection,881fb46593fffff,1.6459907e7,1.2229406e7,-4.230501e6
Paris,18,96,60000,3,mean_intersection,881fb46595fffff,1.6862369e7,1.2186628e7,-4.675741e6
Paris,18,96,60000,3,mean_intersection,881fb46597fffff,1.5093278e7,1.2456965e7,-2.636313e6
Paris,18,96,60000,3,mean_intersection,881fb46599fffff,1.7572978e7,1.22154e7,-5.357578e6
Paris,18,96,60000,3,mean_intersection,881fb4659bfffff,1.6446204e7,1.2228852e7,-4.217352e6
Paris,18,96,60000,3,mean_intersection,881fb4659dfffff,1.830698e7,1.2223152e7,-6.083828e6
Paris,18,96,60000,3,mean_intersection,881fb465a1fffff,1.6256173e7,1.2135895e7,-4.120278e6
Paris,18,96,60000,3,mean_intersection,881fb465a3fffff,1.6351352e7,1.2204147e7,-4.147205e6
Paris,18,96,60000,3,mean_intersection,881fb465a5fffff,1.6012677e7,1.2213391e7,-3.799286e6
Paris,18,96,60000,3,mean_intersection,881fb465a7fffff,1.5872848e7,1.2221154e7,-3.651694e6
Paris,18,96,60000,3,mean_intersection,881fb465a9fffff,1.6646946e7,1.2189354e7,-4.457592e6
Paris,18,96,60000,3,mean_intersection,881fb465abfffff,1.6850042e7,1.2211406e7,-4.638636e6
Paris,18,96,60000,3,mean_intersection,881fb465adfffff,1.590779e7,1.2161445e7,-3.746345e6
Paris,18,96,60000,3,mean_intersection,881fb465b1fffff,1.5247588e7,1.2425048e7,-2.82254e6
Paris,18,96,60000,3,mean_intersection,881fb465b3fffff,1.5898887e7,1.2216657e7,-3.68223e6
Paris,18,96,60000,3,mean_intersection,881fb465b5fffff,1.5890801e7,1.2135043e7,-3.755758e6
Paris,18,96,60000,3,mean_intersection,881fb465b7fffff,1.6738732e7,1.2124329e7,-4.614403e6
Paris,18,96,60000,3,mean_intersection,881fb465b9fffff,1.5218272e7,1.2060461e7,-3.157811e6
Paris,18,96,60000,3,mean_intersection,881fb465bbfffff,1.4988595e7,1.2426468e7,-2.562127e6
Paris,18,96,60000,3,mean_intersection,881fb465bdfffff,1.6179457e7,1.2189941e7,-3.989516e6
Paris,18,96,60000,3,mean_intersection,881fb465c1fffff,1.7330436e7,1.2749882e7,-4.580554e6
Paris,18,96,60000,3,mean_intersection,881fb465c3fffff,1.6590538e7,1.2621406e7,-3.969132e6
Paris,18,96,60000,3,mean_intersection,881fb465c5fffff,1.7294218e7,1.2849862e7,-4.444356e6
Paris,18,96,60000,3,mean_intersection,881fb465c7fffff,1.8689893e7,1.3350819e7,-5.339074e6
Paris,18,96,60000,3,mean_intersection,881fb465c9fffff,1.7975625e7,1.3357264e7,-4.618361e6
Paris,18,96,60000,3,mean_intersection,881fb465cbfffff,1.7971983e7,1.3447827e7,-4.524156e6
Paris,18,96,60000,3,mean_intersection,881fb465cdfffff,1.8143896e7,1.3681414e7,-4.462482e6
Paris,18,96,60000,3,mean_intersection,881fb465d1fffff,1.8851883e7,1.2899285e7,-5.952598e6
Paris,18,96,60000,3,mean_intersection,881fb465d3fffff,1.780115e7,1.2224504e7,-5.576646e6
Paris,18,96,60000,3,mean_intersection,881fb465d5fffff,1.8007819e7,1.2191793e7,-5.816026e6
Paris,18,96,60000,3,mean_intersection,881fb465d7fffff,1.6488007e7,1.2612295e7,-3.875712e6
Paris,18,96,60000,3,mean_intersection,881fb465d9fffff,1.9138078e7,1.3474204e7,-5.663874e6
Paris,18,96,60000,3,mean_intersection,881fb465dbfffff,1.8213208e7,1.2291443e7,-5.921765e6
Paris,18,96,60000,3,mean_intersection,881fb465ddfffff,1.8532465e7,1.2689806e7,-5.842659e6
Paris,18,96,60000,3,mean_intersection,881fb465e1fffff,1.6290143e7,1.2233871e7,-4.056272e6
Paris,18,96,60000,3,mean_intersection,881fb465e3fffff,1.71684e7,1.2189283e7,-4.979117e6
Paris,18,96,60000,3,mean_intersection,881fb465e5fffff,1.5804639e7,1.2171933e7,-3.632706e6
Paris,18,96,60000,3,mean_intersection,881fb465e7fffff,1.6848959e7,1.2240122e7,-4.608837e6
Paris,18,96,60000,3,mean_intersection,881fb465e9fffff,1.5389927e7,1.2715493e7,-2.674434e6
Paris,18,96,60000,3,mean_intersection,881fb465ebfffff,1.6900256e7,1.2168143e7,-4.732113e6
Paris,18,96,60000,3,mean_intersection,881fb465edfffff,1.6438949e7,1.4868329e7,-1.57062e6
Paris,18,96,60000,3,mean_intersection,881fb46601fffff,2.1416481e7,1.9524394e7,-1.892087e6
Paris,18,96,60000,3,mean_intersection,881fb46603fffff,2.1135711e7,1.829441e7,-2.841301e6
Paris,18,96,60000,3,mean_intersection,881fb46605fffff,2.1705699e7,1.9972662e7,-1.733037e6
Paris,18,96,60000,3,mean_intersection,881fb46607fffff,2.1299425e7,1.8585469e7,-2.713956e6
Paris,18,96,60000,3,mean_intersection,881fb46609fffff,2.14733e7,1.9731268e7,-1.742032e6
Paris,18,96,60000,3,mean_intersection,881fb4660bfffff,2.1202691e7,1.8979677e7,-2.223014e6
Paris,18,96,60000,3,mean_intersection,881fb4660dfffff,2.1922263e7,2.0730186e7,-1.192077e6
Paris,18,96,60000,3,mean_intersection,881fb46611fffff,2.0405434e7,1.6495876e7,-3.909558e6
Paris,18,96,60000,3,mean_intersection,881fb46613fffff,2.0398929e7,1.6303009e7,-4.09592e6
Paris,18,96,60000,3,mean_intersection,881fb46615fffff,2.0783719e7,1.7104061e7,-3.679658e6
Paris,18,96,60000,3,mean_intersection,881fb46617fffff,2.0373158e7,1.6289268e7,-4.08389e6
Paris,18,96,60000,3,mean_intersection,881fb46619fffff,2.0574564e7,1.6499892e7,-4.074672e6
Paris,18,96,60000,3,mean_intersection,881fb4661bfffff,2.0096138e7,1.5961575e7,-4.134563e6
Paris,18,96,60000,3,mean_intersection,881fb4661dfffff,2.0795865e7,1.749577e7,-3.300095e6
Paris,18,96,60000,3,mean_intersection,881fb46621fffff,2.1149454e7,1.76319e7,-3.517554e6
Paris,18,96,60000,3,mean_intersection,881fb46623fffff,2.1293759e7,1.7810196e7,-3.483563e6
Paris,18,96,60000,3,mean_intersection,881fb46625fffff,2.136874e7,1.7898006e7,-3.470734e6
Paris,18,96,60000,3,mean_intersection,881fb46627fffff,2.1218955e7,1.7703155e7,-3.5158e6
Paris,18,96,60000,3,mean_intersection,881fb46629fffff,2.1551007e7,1.9473046e7,-2.077961e6
Paris,18,96,60000,3,mean_intersection,881fb4662bfffff,2.1532599e7,1.9009474e7,-2.523125e6
Paris,18,96,60000,3,mean_intersection,881fb4662dfffff,2.1589473e7,1.8634158e7,-2.955315e6
Paris,18,96,60000,3,mean_intersection,881fb46631fffff,2.0907879e7,1.6095905e7,-4.811974e6
Paris,18,96,60000,3,mean_intersection,881fb46633fffff,2.0162562e7,1.5706567e7,-4.455995e6
Paris,18,96,60000,3,mean_intersection,881fb46635fffff,2.1048438e7,1.7005332e7,-4.043106e6
Paris,18,96,60000,3,mean_intersection,881fb46637fffff,2.0826658e7,1.6487264e7,-4.339394e6
Paris,18,96,60000,3,mean_intersection,881fb46639fffff,2.105873e7,1.7597135e7,-3.461595e6
Paris,18,96,60000,3,mean_intersection,881fb4663bfffff,2.0627672e7,1.6366497e7,-4.261175e6
Paris,18,96,60000,3,mean_intersection,881fb4663dfffff,2.1272333e7,1.7835732e7,-3.436601e6
Paris,18,96,60000,3,mean_intersection,881fb46641fffff,2.0431836e7,1.7865442e7,-2.566394e6
Paris,18,96,60000,3,mean_intersection,881fb46643fffff,2.1000171e7,1.8139839e7,-2.860332e6
Paris,18,96,60000,3,mean_intersection,881fb46645fffff,2.1433643e7,1.9264568e7,-2.169075e6
Paris,18,96,60000,3,mean_intersection,881fb46647fffff,2.1395036e7,2.0214954e7,-1.180082e6
Paris,18,96,60000,3,mean_intersection,881fb46649fffff,2.0217358e7,1.6355473e7,-3.861885e6
Paris,18,96,60000,3,mean_intersection,881fb4664bfffff,2.076202e7,1.7450076e7,-3.311944e6
Paris,18,96,60000,3,mean_intersection,881fb4664dfffff,2.1171483e7,1.812992e7,-3.041563e6
Paris,18,96,60000,3,mean_intersection,881fb46651fffff,2.0543133e7,1.6616638e7,-3.926495e6
Paris,18,96,60000,3,mean_intersection,881fb46653fffff,2.0147732e7,1.5757791e7,-4.389941e6
Paris,18,96,60000,3,mean_intersection,881fb46655fffff,2.1037487e7,1.7962485e7,-3.075002e6
Paris,18,96,60000,3,mean_intersection,881fb46657fffff,2.0985889e7,1.7422541e7,-3.563348e6
Paris,18,96,60000,3,mean_intersection,881fb46659fffff,2.0359743e7,1.5888843e7,-4.4709e6
Paris,18,96,60000,3,mean_intersection,881fb4665bfffff,2.0217066e7,1.6181354e7,-4.035712e6
Paris,18,96,60000,3,mean_intersection,881fb4665dfffff,2.1145247e7,1.7063182e7,-4.082065e6
Paris,18,96,60000,3,mean_intersection,881fb46661fffff,2.1479713e7,1.9610604e7,-1.869109e6
Paris,18,96,60000,3,mean_intersection,881fb46663fffff,2.163885e7,1.9803773e7,-1.835077e6
Paris,18,96,60000,3,mean_intersection,881fb46665fffff,2.1593313e7,1.8169498e7,-3.423815e6
Paris,18,96,60000,3,mean_intersection,881fb46667fffff,2.142754e7,1.8935526e7,-2.492014e6
Paris,18,96,60000,3,mean_intersection,881fb46669fffff,2.139085e7,1.875928e7,-2.63157e6
Paris,18,96,60000,3,mean_intersection,881fb4666bfffff,2.1645271e7,1.9950592e7,-1.694679e6
Paris,18,96,60000,3,mean_intersection,881fb4666dfffff,2.1306103e7,1.7685252e7,-3.620851e6
Paris,18,96,60000,3,mean_intersection,881fb46681fffff,1.9024784e7,1.4163625e7,-4.861159e6
Paris,18,96,60000,3,mean_intersection,881fb46683fffff,1.7839554e7,1.4046137e7,-3.793417e6
Paris,18,96,60000,3,mean_intersection,881fb46685fffff,1.939142e7,1.4194985e7,-5.196435e6
Paris,18,96,60000,3,mean_intersection,881fb46687fffff,1.8775261e7,1.4040027e7,-4.735234e6
Paris,18,96,60000,3,mean_intersection,881fb46689fffff,1.8874756e7,1.4022203e7,-4.852553e6
Paris,18,96,60000,3,mean_intersection,881fb4668bfffff,1.834596e7,1.4308067e7,-4.037893e6
Paris,18,96,60000,3,mean_intersection,881fb4668dfffff,1.9080277e7,1.4169872e7,-4.910405e6
Paris,18,96,60000,3,mean_intersection,881fb46691fffff,1.8006714e7,1.4191936e7,-3.814778e6
Paris,18,96,60000,3,mean_intersection,881fb46693fffff,1.7574977e7,1.3753077e7,-3.8219e6
Paris,18,96,60000,3,mean_intersection,881fb46695fffff,1.806312e7,1.4032746e7,-4.030374e6
Paris,18,96,60000,3,mean_intersection,881fb46697fffff,1.8249977e7,1.4191082e7,-4.058895e6
Paris,18,96,60000,3,mean_intersection,881fb46699fffff,1.731494e7,1.4344698e7,-2.970242e6
Paris,18,96,60000,3,mean_intersection,881fb4669bfffff,1.8533037e7,1.4628542e7,-3.904495e6
Paris,18,96,60000,3,mean_intersection,881fb4669dfffff,1.817849e7,1.4194431e7,-3.984059e6
Paris,18,96,60000,3,mean_intersection,881fb466a1fffff,1.9929991e7,1.3866241e7,-6.06375e6
Paris,18,96,60000,3,mean_intersection,881fb466a3fffff,1.9312171e7,1.4015495e7,-5.296676e6
Paris,18,96,60000,3,mean_intersection,881fb466a5fffff,1.9120952e7,1.3922698e7,-5.198254e6
Paris,18,96,60000,3,mean_intersection,881fb466a7fffff,1.9072332e7,1.3991878e7,-5.080454e6
Paris,18,96,60000,3,mean_intersection,881fb466a9fffff,1.8975928e7,1.3934986e7,-5.040942e6
Paris,18,96,60000,3,mean_intersection,881fb466abfffff,1.9020891e7,1.3773741e7,-5.24715e6
Paris,18,96,60000,3,mean_intersection,881fb466adfffff,2.0159113e7,1.4168291e7,-5.990822e6
Paris,18,96,60000,3,mean_intersection,881fb466b1fffff,1.8197952e7,1.3960496e7,-4.237456e6
Paris,18,96,60000,3,mean_intersection,881fb466b3fffff,1.7698374e7,1.3602532e7,-4.095842e6
Paris,18,96,60000,3,mean_intersection,881fb466b5fffff,1.9234345e7,1.398474e7,-5.249605e6
Paris,18,96,60000,3,mean_intersection,881fb466b7fffff,1.8777281e7,1.406515e7,-4.712131e6
Paris,18,96,60000,3,mean_intersection,881fb466b9fffff,1.8393416e7,1.4176348e7,-4.217068e6
Paris,18,96,60000,3,mean_intersection,881fb466bbfffff,1.7847003e7,1.37137e7,-4.133303e6
Paris,18,96,60000,3,mean_intersection,881fb466bdfffff,1.862027e7,1.4163942e7,-4.456328e6
Paris,18,96,60000,3,mean_intersection,881fb466c1fffff,1.9913131e7,1.5375084e7,-4.538047e6
Paris,18,96,60000,3,mean_intersection,881fb466c3fffff,1.8925689e7,1.371227e7,-5.213419e6
Paris,18,96,60000,3,mean_intersection,881fb466c5fffff,1.9470265e7,1.4947607e7,-4.522658e6
Paris,18,96,60000,3,mean_intersection,881fb466c7fffff,1.8492907e7,1.3694541e7,-4.798366e6
Paris,18,96,60000,3,mean_intersection,881fb466c9fffff,1.8947537e7,1.3932842e7,-5.014695e6
Paris,18,96,60000,3,mean_intersection,881fb466cbfffff,1.9547694e7,1.4404284e7,-5.14341e6
Paris,18,96,60000,3,mean_intersection,881fb466cdfffff,1.9443505e7,1.4849068e7,-4.594437e6
Paris,18,96,60000,3,mean_intersection,881fb466d1fffff,1.8966574e7,1.4063752e7,-4.902822e6
Paris,18,96,60000,3,mean_intersection,881fb466d3fffff,1.8705802e7,1.4614204e7,-4.091598e6
Paris,18,96,60000,3,mean_intersection,881fb466d5fffff,1.9052395e7,1.4239602e7,-4.812793e6
Paris,18,96,60000,3,mean_intersection,881fb466d7fffff,1.8709546e7,1.4005518e7,-4.704028e6
Paris,18,96,60000,3,mean_intersection,881fb466d9fffff,1.8652387e7,1.44153e7,-4.237087e6
Paris,18,96,60000,3,mean_intersection,881fb466dbfffff,1.9203897e7,1.5529149e7,-3.674748e6
Paris,18,96,60000,3,mean_intersection,881fb466ddfffff,1.7772582e7,1.3117316e7,-4.655266e6
Paris,18,96,60000,3,mean_intersection,881fb466e1fffff,2.0143303e7,1.5194769e7,-4.948534e6
Paris,18,96,60000,3,mean_intersection,881fb466e3fffff,1.9380901e7,1.3865363e7,-5.515538e6
Paris,18,96,60000,3,mean_intersection,881fb466e5fffff,2.02442e7,1.5441245e7,-4.802955e6
Paris,18,96,60000,3,mean_intersection,881fb466e7fffff,1.994621e7,1.439446e7,-5.55175e6
Paris,18,96,60000,3,mean_intersection,881fb466e9fffff,2.0019203e7,1.5108316e7,-4.910887e6
Paris,18,96,60000,3,mean_intersection,881fb466ebfffff,1.9123345e7,1.4879195e7,-4.24415e6
Paris,18,96,60000,3,mean_intersection,881fb466edfffff,2.0243737e7,1.5493811e7,-4.749926e6
Paris,18,96,60000,3,mean_intersection,881fb46701fffff,2.0844298e7,1.8149435e7,-2.694863e6
Paris,18,96,60000,3,mean_intersection,881fb46703fffff,2.0700013e7,1.8053561e7,-2.646452e6
Paris,18,96,60000,3,mean_intersection,881fb46705fffff,2.0496494e7,1.8099601e7,-2.396893e6
Paris,18,96,60000,3,mean_intersection,881fb46707fffff,2.0523838e7,1.8088129e7,-2.435709e6
Paris,18,96,60000,3,mean_intersection,881fb46709fffff,2.0854385e7,1.8100227e7,-2.754158e6
Paris,18,96,60000,3,mean_intersection,881fb4670bfffff,2.1017165e7,1.8023663e7,-2.993502e6
Paris,18,96,60000,3,mean_intersection,881fb4670dfffff,2.0567073e7,1.8153135e7,-2.413938e6
Paris,18,96,60000,3,mean_intersection,881fb46711fffff,2.089313e7,1.700151e7,-3.89162e6
Paris,18,96,60000,3,mean_intersection,881fb46713fffff,2.0729598e7,1.7647636e7,-3.081962e6
Paris,18,96,60000,3,mean_intersection,881fb46715fffff,2.0677977e7,1.7385081e7,-3.292896e6
Paris,18,96,60000,3,mean_intersection,881fb46717fffff,2.076822e7,1.812016e7,-2.64806e6
Paris,18,96,60000,3,mean_intersection,881fb46719fffff,2.1210228e7,1.8300593e7,-2.909635e6
Paris,18,96,60000,3,mean_intersection,881fb4671bfffff,2.1041878e7,1.7360988e7,-3.68089e6
Paris,18,96,60000,3,mean_intersection,881fb4671dfffff,2.1029337e7,1.7935494e7,-3.093843e6
Paris,18,96,60000,3,mean_intersection,881fb46721fffff,1.996463e7,1.7802833e7,-2.161797e6
Paris,18,96,60000,3,mean_intersection,881fb46723fffff,2.0249247e7,1.7864896e7,-2.384351e6
Paris,18,96,60000,3,mean_intersection,881fb46725fffff,1.9615636e7,1.7788997e7,-1.826639e6
Paris,18,96,60000,3,mean_intersection,881fb46727fffff,1.9570671e7,1.7582035e7,-1.988636e6
Paris,18,96,60000,3,mean_intersection,881fb46729fffff,2.0126197e7,1.7964478e7,-2.161719e6
Paris,18,96,60000,3,mean_intersection,881fb4672bfffff,1.9475204e7,1.7543055e7,-1.932149e6
Paris,18,96,60000,3,mean_intersection,881fb4672dfffff,1.9717032e7,1.7689057e7,-2.027975e6
Paris,18,96,60000,3,mean_intersection,881fb46731fffff,2.0372674e7,1.7252245e7,-3.120429e6
Paris,18,96,60000,3,mean_intersection,881fb46733fffff,2.0127216e7,1.651086e7,-3.616356e6
Paris,18,96,60000,3,mean_intersection,881fb46735fffff,2.0115368e7,1.7690898e7,-2.42447e6
Paris,18,96,60000,3,mean_intersection,881fb46737fffff,2.0119079e7,1.7008532e7,-3.110547e6
Paris,18,96,60000,3,mean_intersection,881fb46739fffff,2.0635896e7,1.8057153e7,-2.578743e6
Paris,18,96,60000,3,mean_intersection,881fb4673bfffff,2.0357594e7,1.7295792e7,-3.061802e6
Paris,18,96,60000,3,mean_intersection,881fb4673dfffff,2.045641e7,1.8044229e7,-2.412181e6
Paris,18,96,60000,3,mean_intersection,881fb46741fffff,2.070085e7,1.777127e7,-2.92958e6
Paris,18,96,60000,3,mean_intersection,881fb46743fffff,2.0804287e7,1.8066669e7,-2.737618e6
Paris,18,96,60000,3,mean_intersection,881fb46745fffff,2.0580192e7,1.7944414e7,-2.635778e6
Paris,18,96,60000,3,mean_intersection,881fb46747fffff,2.0691096e7,1.7994275e7,-2.696821e6
Paris,18,96,60000,3,mean_intersection,881fb46749fffff,2.0824742e7,1.7617277e7,-3.207465e6
Paris,18,96,60000,3,mean_intersection,881fb4674bfffff,2.0873208e7,1.7586503e7,-3.286705e6
Paris,18,96,60000,3,mean_intersection,881fb4674dfffff,2.0676983e7,1.7579424e7,-3.097559e6
Paris,18,96,60000,3,mean_intersection,881fb46751fffff,2.1144647e7,1.7383105e7,-3.761542e6
Paris,18,96,60000,3,mean_intersection,881fb46753fffff,2.1295759e7,1.7448485e7,-3.847274e6
Paris,18,96,60000,3,mean_intersection,881fb46755fffff,2.0939516e7,1.7642422e7,-3.297094e6
Paris,18,96,60000,3,mean_intersection,881fb46757fffff,2.1126887e7,1.806615e7,-3.060737e6
Paris,18,96,60000,3,mean_intersection,881fb46759fffff,2.1370542e7,1.800588e7,-3.364662e6
Paris,18,96,60000,3,mean_intersection,881fb4675bfffff,2.1517356e7,1.8756141e7,-2.761215e6
Paris,18,96,60000,3,mean_intersection,881fb4675dfffff,2.1089001e7,1.7313772e7,-3.775229e6
Paris,18,96,60000,3,mean_intersection,881fb46761fffff,1.9987185e7,1.7860633e7,-2.126552e6
Paris,18,96,60000,3,mean_intersection,881fb46763fffff,2.0335278e7,1.7985785e7,-2.349493e6
Paris,18,96,60000,3,mean_intersection,881fb46765fffff,1.9698515e7,1.7748045e7,-1.95047e6
Paris,18,96,60000,3,mean_intersection,881fb46767fffff,1.9959498e7,1.7877916e7,-2.081582e6
Paris,18,96,60000,3,mean_intersection,881fb46769fffff,2.0162697e7,1.77069e7,-2.455797e6
Paris,18,96,60000,3,mean_intersection,881fb4676bfffff,2.039943e7,1.7882971e7,-2.516459e6
Paris,18,96,60000,3,mean_intersection,881fb4676dfffff,1.9749915e7,1.7593392e7,-2.156523e6
Paris,18,96,60000,3,mean_intersection,881fb46e01fffff,1.629008e7,1.2958208e7,-3.331872e6
Paris,18,96,60000,3,mean_intersection,881fb46e03fffff,1.7508119e7,1.426821e7,-3.239909e6
Paris,18,96,60000,3,mean_intersection,881fb46e05fffff,1.6357525e7,1.3234877e7,-3.122648e6
Paris,18,96,60000,3,mean_intersection,881fb46e07fffff,1.7453449e7,1.4485678e7,-2.967771e6
Paris,18,96,60000,3,mean_intersection,881fb46e09fffff,1.6722633e7,1.3140658e7,-3.581975e6
Paris,18,96,60000,3,mean_intersection,881fb46e0bfffff,1.7006141e7,1.3403848e7,-3.602293e6
Paris,18,96,60000,3,mean_intersection,881fb46e0dfffff,1.5416665e7,1.3591396e7,-1.825269e6
Paris,18,96,60000,3,mean_intersection,881fb46e11fffff,1.6688729e7,1.3341985e7,-3.346744e6
Paris,18,96,60000,3,mean_intersection,881fb46e13fffff,1.5454477e7,1.3045112e7,-2.409365e6
Paris,18,96,60000,3,mean_intersection,881fb46e15fffff,1.624216e7,1.3980984e7,-2.261176e6
Paris,18,96,60000,3,mean_intersection,881fb46e17fffff,1.5945847e7,1.3947703e7,-1.998144e6
Paris,18,96,60000,3,mean_intersection,881fb46e19fffff,1.7004339e7,1.560806e7,-1.396279e6
Paris,18,96,60000,3,mean_intersection,881fb46e1bfffff,1.6826323e7,1.4888964e7,-1.937359e6
Paris,18,96,60000,3,mean_intersection,881fb46e1dfffff,1.7158789e7,1.3530408e7,-3.628381e6
Paris,18,96,60000,3,mean_intersection,881fb46e39fffff,1.6278487e7,1.4160901e7,-2.117586e6
Paris,18,96,60000,3,mean_intersection,881fb46e3bfffff,1.5507901e7,1.329521e7,-2.212691e6
Paris,18,96,60000,3,mean_intersection,881fb46e41fffff,1.624731e7,1.3471635e7,-2.775675e6
Paris,18,96,60000,3,mean_intersection,881fb46e43fffff,1.6179339e7,1.3284167e7,-2.895172e6
Paris,18,96,60000,3,mean_intersection,881fb46e45fffff,1.4826938e7,1.3774994e7,-1.051944e6
Paris,18,96,60000,3,mean_intersection,881fb46e47fffff,1.6227197e7,1.3313359e7,-2.913838e6
Paris,18,96,60000,3,mean_intersection,881fb46e49fffff,1.6015156e7,1.5301719e7,-713437.0
Paris,18,96,60000,3,mean_intersection,881fb46e4bfffff,1.6425737e7,1.5424602e7,-1.001135e6
Paris,18,96,60000,3,mean_intersection,881fb46e4dfffff,1.5721243e7,1.5151444e7,-569799.0
Paris,18,96,60000,3,mean_intersection,881fb46e51fffff,1.842087e7,1.5418355e7,-3.002515e6
Paris,18,96,60000,3,mean_intersection,881fb46e53fffff,1.8170279e7,1.4297106e7,-3.873173e6
Paris,18,96,60000,3,mean_intersection,881fb46e55fffff,1.7377e7,1.5116254e7,-2.260746e6
Paris,18,96,60000,3,mean_intersection,881fb46e57fffff,1.8314391e7,1.374517e7,-4.569221e6
Paris,18,96,60000,3,mean_intersection,881fb46e59fffff,1.5835364e7,1.3258671e7,-2.576693e6
Paris,18,96,60000,3,mean_intersection,881fb46e5bfffff,1.844424e7,1.5285238e7,-3.159002e6
Paris,18,96,60000,3,mean_intersection,881fb46e5dfffff,1.6615017e7,1.5003286e7,-1.611731e6
Paris,18,96,60000,3,mean_intersection,881fb46e61fffff,1.5953554e7,1.3305832e7,-2.647722e6
Paris,18,96,60000,3,mean_intersection,881fb46e63fffff,1.6225966e7,1.3282328e7,-2.943638e6
Paris,18,96,60000,3,mean_intersection,881fb46e69fffff,1.4404129e7,1.2766652e7,-1.637477e6
Paris,18,96,60000,3,mean_intersection,881fb46e6bfffff,1.6298006e7,1.4112914e7,-2.185092e6
Paris,18,96,60000,3,mean_intersection,881fb46e6dfffff,1.3898769e7,1.2755675e7,-1.143094e6
Paris,18,96,60000,3,mean_intersection,881fb46e81fffff,1.6354189e7,1.4130354e7,-2.223835e6
Paris,18,96,60000,3,mean_intersection,881fb46e83fffff,1.4609309e7,1.2422153e7,-2.187156e6
Paris,18,96,60000,3,mean_intersection,881fb46e85fffff,1.6864037e7,1.4412884e7,-2.451153e6
Paris,18,96,60000,3,mean_intersection,881fb46e87fffff,1.5076363e7,1.2290557e7,-2.785806e6
Paris,18,96,60000,3,mean_intersection,881fb46e89fffff,1.5617372e7,1.2445908e7,-3.171464e6
Paris,18,96,60000,3,mean_intersection,881fb46e8bfffff,1.5343617e7,1.2134441e7,-3.209176e6
Paris,18,96,60000,3,mean_intersection,881fb46e8dfffff,1.6420298e7,1.3908564e7,-2.511734e6
Paris,18,96,60000,3,mean_intersection,881fb46e91fffff,1.4097144e7,1.2012954e7,-2.08419e6
Paris,18,96,60000,3,mean_intersection,881fb46e93fffff,1.4703858e7,1.1996064e7,-2.707794e6
Paris,18,96,60000,3,mean_intersection,881fb46e95fffff,1.3726369e7,1.1994718e7,-1.731651e6
Paris,18,96,60000,3,mean_intersection,881fb46e97fffff,1.451536e7,1.2042845e7,-2.472515e6
Paris,18,96,60000,3,mean_intersection,881fb46e99fffff,1.474599e7,1.2034853e7,-2.711137e6
Paris,18,96,60000,3,mean_intersection,881fb46e9bfffff,1.5255492e7,1.2200126e7,-3.055366e6
Paris,18,96,60000,3,mean_intersection,881fb46e9dfffff,1.410658e7,1.1977468e7,-2.129112e6
Paris,18,96,60000,3,mean_intersection,881fb46eb9fffff,1.4452184e7,1.2164277e7,-2.287907e6
Paris,18,96,60000,3,mean_intersection,881fb46ebbfffff,1.4734486e7,1.3018248e7,-1.716238e6
Paris,18,96,60000,3,mean_intersection,881fb46ec1fffff,1.6250793e7,1.3551233e7,-2.69956e6
Paris,18,96,60000,3,mean_intersection,881fb46ec3fffff,1.6176781e7,1.268446e7,-3.492321e6
Paris,18,96,60000,3,mean_intersection,881fb46ec5fffff,1.497723e7,1.2834007e7,-2.143223e6
Paris,18,96,60000,3,mean_intersection,881fb46ec7fffff,1.6036228e7,1.2843909e7,-3.192319e6
Paris,18,96,60000,3,mean_intersection,881fb46ec9fffff,1.6995436e7,1.5003454e7,-1.991982e6
Paris,18,96,60000,3,mean_intersection,881fb46ecbfffff,1.6648265e7,1.2668236e7,-3.980029e6
Paris,18,96,60000,3,mean_intersection,881fb46ecdfffff,1.673732e7,1.4359276e7,-2.378044e6
Paris,18,96,60000,3,mean_intersection,881fb46ed1fffff,1.6341972e7,1.2856902e7,-3.48507e6
Paris,18,96,60000,3,mean_intersection,881fb46ed3fffff,1.5932087e7,1.2159259e7,-3.772828e6
Paris,18,96,60000,3,mean_intersection,881fb46ed5fffff,1.6595262e7,1.2673454e7,-3.921808e6
Paris,18,96,60000,3,mean_intersection,881fb46ed7fffff,1.488561e7,1.2109126e7,-2.776484e6
Paris,18,96,60000,3,mean_intersection,881fb46ed9fffff,1.7362465e7,1.4736764e7,-2.625701e6
Paris,18,96,60000,3,mean_intersection,881fb46edbfffff,1.6872955e7,1.3007911e7,-3.865044e6
Paris,18,96,60000,3,mean_intersection,881fb46eddfffff,1.7342006e7,1.4514284e7,-2.827722e6
Paris,18,96,60000,3,mean_intersection,881fb46ee1fffff,1.4432294e7,1.2808875e7,-1.623419e6
Paris,18,96,60000,3,mean_intersection,881fb46ee3fffff,1.5079032e7,1.3370164e7,-1.708868e6
Paris,18,96,60000,3,mean_intersection,881fb46ee9fffff,1.5972861e7,1.3636999e7,-2.335862e6
Paris,18,96,60000,3,mean_intersection,881fb46eebfffff,1.4852792e7,1.2611025e7,-2.241767e6
Paris,18,96,60000,3,mean_intersection,881fb46eedfffff,1.5494827e7,1.3022949e7,-2.471878e6
Paris,18,96,60000,3,mean_intersection,881fb470b3fffff,1.5731244e7,1.3238311e7,-2.492933e6
Paris,18,96,60000,3,mean_intersection,881fb470b7fffff,1.5862441e7,1.2999791e7,-2.86265e6
Paris,18,96,60000,3,mean_intersection,881fb47401fffff,1.7083124e7,1.3934795e7,-3.148329e6
Paris,18,96,60000,3,mean_intersection,881fb47403fffff,1.691179e7,1.3729277e7,-3.182513e6
Paris,18,96,60000,3,mean_intersection,881fb47405fffff,1.7862618e7,1.4030301e7,-3.832317e6
Paris,18,96,60000,3,mean_intersection,881fb47407fffff,1.6088439e7,1.2998599e7,-3.08984e6
Paris,18,96,60000,3,mean_intersection,881fb47409fffff,1.6145591e7,1.3865385e7,-2.280206e6
Paris,18,96,60000,3,mean_intersection,881fb4740bfffff,1.6448043e7,1.3175518e7,-3.272525e6
Paris,18,96,60000,3,mean_intersection,881fb4740dfffff,1.7230326e7,1.3961922e7,-3.268404e6
Paris,18,96,60000,3,mean_intersection,881fb47411fffff,1.8006451e7,1.4056431e7,-3.95002e6
Paris,18,96,60000,3,mean_intersection,881fb47413fffff,1.8537868e7,1.4549785e7,-3.988083e6
Paris,18,96,60000,3,mean_intersection,881fb47415fffff,1.618159e7,1.3818911e7,-2.362679e6
Paris,18,96,60000,3,mean_intersection,881fb47417fffff,1.8514036e7,1.4812445e7,-3.701591e6
Paris,18,96,60000,3,mean_intersection,881fb47419fffff,1.843148e7,1.4121152e7,-4.310328e6
Paris,18,96,60000,3,mean_intersection,881fb4741bfffff,1.9007361e7,1.4631861e7,-4.3755e6
Paris,18,96,60000,3,mean_intersection,881fb4741dfffff,1.8117305e7,1.3926587e7,-4.190718e6
Paris,18,96,60000,3,mean_intersection,881fb47421fffff,1.7677475e7,1.4517116e7,-3.160359e6
Paris,18,96,60000,3,mean_intersection,881fb47423fffff,1.846983e7,1.4043491e7,-4.426339e6
Paris,18,96,60000,3,mean_intersection,881fb47425fffff,1.8018333e7,1.4401543e7,-3.61679e6
Paris,18,96,60000,3,mean_intersection,881fb47427fffff,1.846473e7,1.5116427e7,-3.348303e6
Paris,18,96,60000,3,mean_intersection,881fb47429fffff,1.7067546e7,1.3594087e7,-3.473459e6
Paris,18,96,60000,3,mean_intersection,881fb4742bfffff,1.7889664e7,1.3960189e7,-3.929475e6
Paris,18,96,60000,3,mean_intersection,881fb4742dfffff,1.7559431e7,1.4309301e7,-3.25013e6
Paris,18,96,60000,3,mean_intersection,881fb47431fffff,1.8763081e7,1.4497946e7,-4.265135e6
Paris,18,96,60000,3,mean_intersection,881fb47433fffff,1.869012e7,1.5572031e7,-3.118089e6
Paris,18,96,60000,3,mean_intersection,881fb47435fffff,1.8998307e7,1.5279289e7,-3.719018e6
Paris,18,96,60000,3,mean_intersection,881fb47437fffff,1.906823e7,1.556333e7,-3.5049e6
Paris,18,96,60000,3,mean_intersection,881fb47439fffff,1.7987603e7,1.3941175e7,-4.046428e6
Paris,18,96,60000,3,mean_intersection,881fb4743bfffff,1.8444262e7,1.4578454e7,-3.865808e6
Paris,18,96,60000,3,mean_intersection,881fb4743dfffff,1.823515e7,1.394553e7,-4.28962e6
Paris,18,96,60000,3,mean_intersection,881fb47441fffff,1.5288087e7,1.30163e7,-2.271787e6
Paris,18,96,60000,3,mean_intersection,881fb47443fffff,1.5941727e7,1.388254e7,-2.059187e6
Paris,18,96,60000,3,mean_intersection,881fb47445fffff,1.5393342e7,1.3630599e7,-1.762743e6
Paris,18,96,60000,3,mean_intersection,881fb47447fffff,1.6391125e7,1.387643e7,-2.514695e6
Paris,18,96,60000,3,mean_intersection,881fb4744bfffff,1.5688398e7,1.3852442e7,-1.835956e6
Paris,18,96,60000,3,mean_intersection,881fb47451fffff,1.6968387e7,1.3524691e7,-3.443696e6
Paris,18,96,60000,3,mean_intersection,881fb47453fffff,1.8093837e7,1.3948016e7,-4.145821e6
Paris,18,96,60000,3,mean_intersection,881fb47455fffff,1.5829336e7,1.3242046e7,-2.58729e6
Paris,18,96,60000,3,mean_intersection,881fb47457fffff,1.6511307e7,1.3827131e7,-2.684176e6
Paris,18,96,60000,3,mean_intersection,881fb47459fffff,1.7237182e7,1.39706e7,-3.266582e6
Paris,18,96,60000,3,mean_intersection,881fb4745bfffff,1.6631132e7,1.3323066e7,-3.308066e6
Paris,18,96,60000,3,mean_intersection,881fb4745dfffff,1.6295032e7,1.3855002e7,-2.44003e6
Paris,18,96,60000,3,mean_intersection,881fb47461fffff,1.7065582e7,1.3949873e7,-3.115709e6
Paris,18,96,60000,3,mean_intersection,881fb47463fffff,1.7568637e7,1.393243e7,-3.636207e6
Paris,18,96,60000,3,mean_intersection,881fb47465fffff,1.6669222e7,1.4376484e7,-2.292738e6
Paris,18,96,60000,3,mean_intersection,881fb47467fffff,1.7176358e7,1.4363534e7,-2.812824e6
Paris,18,96,60000,3,mean_intersection,881fb47469fffff,1.6043428e7,1.3941843e7,-2.101585e6
Paris,18,96,60000,3,mean_intersection,881fb4746bfffff,1.6237384e7,1.3923951e7,-2.313433e6
Paris,18,96,60000,3,mean_intersection,881fb4746dfffff,1.6336253e7,1.3950701e7,-2.385552e6
Paris,18,96,60000,3,mean_intersection,881fb47481fffff,2.0411842e7,1.6900714e7,-3.511128e6
Paris,18,96,60000,3,mean_intersection,881fb47483fffff,2.0056781e7,1.6592872e7,-3.463909e6
Paris,18,96,60000,3,mean_intersection,881fb47485fffff,2.0083579e7,1.6531982e7,-3.551597e6
Paris,18,96,60000,3,mean_intersection,881fb47487fffff,1.9618408e7,1.495111e7,-4.667298e6
Paris,18,96,60000,3,mean_intersection,881fb47489fffff,1.9784888e7,1.6120132e7,-3.664756e6
Paris,18,96,60000,3,mean_intersection,881fb4748bfffff,1.9705206e7,1.660913e7,-3.096076e6
Paris,18,96,60000,3,mean_intersection,881fb4748dfffff,1.9067891e7,1.5132119e7,-3.935772e6
Paris,18,96,60000,3,mean_intersection,881fb47491fffff,1.9104459e7,1.4697601e7,-4.406858e6
Paris,18,96,60000,3,mean_intersection,881fb47493fffff,1.9662218e7,1.4824773e7,-4.837445e6
Paris,18,96,60000,3,mean_intersection,881fb47495fffff,1.9177834e7,1.5373983e7,-3.803851e6
Paris,18,96,60000,3,mean_intersection,881fb47497fffff,1.9442951e7,1.5080337e7,-4.362614e6
Paris,18,96,60000,3,mean_intersection,881fb47499fffff,1.8330963e7,1.4367619e7,-3.963344e6
Paris,18,96,60000,3,mean_intersection,881fb4749bfffff,1.7845706e7,1.4727457e7,-3.118249e6
Paris,18,96,60000,3,mean_intersection,881fb4749dfffff,1.946492e7,1.4729277e7,-4.735643e6
Paris,18,96,60000,3,mean_intersection,881fb474a1fffff,2.0295527e7,1.6073662e7,-4.221865e6
Paris,18,96,60000,3,mean_intersection,881fb474a3fffff,1.9934738e7,1.5715815e7,-4.218923e6
Paris,18,96,60000,3,mean_intersection,881fb474a5fffff,2.0076367e7,1.589857e7,-4.177797e6
Paris,18,96,60000,3,mean_intersection,881fb474a7fffff,2.036363e7,1.6349941e7,-4.013689e6
Paris,18,96,60000,3,mean_intersection,881fb474a9fffff,1.9990275e7,1.4836539e7,-5.153736e6
Paris,18,96,60000,3,mean_intersection,881fb474abfffff,2.0127807e7,1.5287167e7,-4.84064e6
Paris,18,96,60000,3,mean_intersection,881fb474adfffff,1.9775508e7,1.4811002e7,-4.964506e6
Paris,18,96,60000,3,mean_intersection,881fb474b1fffff,2.0681639e7,1.8424799e7,-2.25684e6
Paris,18,96,60000,3,mean_intersection,881fb474b3fffff,2.0262472e7,1.548953e7,-4.772942e6
Paris,18,96,60000,3,mean_intersection,881fb474b5fffff,2.0255955e7,1.5946373e7,-4.309582e6
Paris,18,96,60000,3,mean_intersection,881fb474b7fffff,2.0633861e7,1.7040367e7,-3.593494e6
Paris,18,96,60000,3,mean_intersection,881fb474b9fffff,2.0136187e7,1.640383e7,-3.732357e6
Paris,18,96,60000,3,mean_intersection,881fb474bbfffff,1.9097463e7,1.5078288e7,-4.019175e6
Paris,18,96,60000,3,mean_intersection,881fb474bdfffff,2.0447431e7,1.8672707e7,-1.774724e6
Paris,18,96,60000,3,mean_intersection,881fb474c1fffff,1.8597977e7,1.466064e7,-3.937337e6
Paris,18,96,60000,3,mean_intersection,881fb474c3fffff,1.9148458e7,1.4721549e7,-4.426909e6
Paris,18,96,60000,3,mean_intersection,881fb474c5fffff,1.7314309e7,1.4236402e7,-3.077907e6
Paris,18,96,60000,3,mean_intersection,881fb474c7fffff,1.8951135e7,1.5100332e7,-3.850803e6
Paris,18,96,60000,3,mean_intersection,881fb474c9fffff,1.9308913e7,1.4843552e7,-4.465361e6
Paris,18,96,60000,3,mean_intersection,881fb474cbfffff,1.9884062e7,1.6458275e7,-3.425787e6
Paris,18,96,60000,3,mean_intersection,881fb474cdfffff,1.8524843e7,1.4670231e7,-3.854612e6
Paris,18,96,60000,3,mean_intersection,881fb474d1fffff,1.8731033e7,1.5338034e7,-3.392999e6
Paris,18,96,60000,3,mean_intersection,881fb474d3fffff,1.8666578e7,1.4860305e7,-3.806273e6
Paris,18,96,60000,3,mean_intersection,881fb474d5fffff,1.909146e7,1.4923703e7,-4.167757e6
Paris,18,96,60000,3,mean_intersection,881fb474d7fffff,1.921203e7,1.495396e7,-4.25807e6
Paris,18,96,60000,3,mean_intersection,881fb474d9fffff,1.8591677e7,1.4690298e7,-3.901379e6
Paris,18,96,60000,3,mean_intersection,881fb474dbfffff,1.8627171e7,1.4742164e7,-3.885007e6
Paris,18,96,60000,3,mean_intersection,881fb474ddfffff,1.9146221e7,1.4729501e7,-4.41672e6
Paris,18,96,60000,3,mean_intersection,881fb474e1fffff,1.905787e7,1.5021212e7,-4.036658e6
Paris,18,96,60000,3,mean_intersection,881fb474e3fffff,1.918281e7,1.5136381e7,-4.046429e6
Paris,18,96,60000,3,mean_intersection,881fb474e5fffff,1.8479883e7,1.54406e7,-3.039283e6
Paris,18,96,60000,3,mean_intersection,881fb474e7fffff,1.9803927e7,1.5602015e7,-4.201912e6
Paris,18,96,60000,3,mean_intersection,881fb474e9fffff,1.7877962e7,1.4275922e7,-3.60204e6
Paris,18,96,60000,3,mean_intersection,881fb474ebfffff,1.8858998e7,1.5377686e7,-3.481312e6
Paris,18,96,60000,3,mean_intersection,881fb474edfffff,1.9107967e7,1.5595842e7,-3.512125e6
Paris,18,96,60000,3,mean_intersection,881fb47501fffff,1.8444648e7,1.4383993e7,-4.060655e6
Paris,18,96,60000,3,mean_intersection,881fb47503fffff,1.869921e7,1.4380867e7,-4.318343e6
Paris,18,96,60000,3,mean_intersection,881fb47505fffff,1.878497e7,1.3984114e7,-4.800856e6
Paris,18,96,60000,3,mean_intersection,881fb47507fffff,1.9542573e7,1.4335913e7,-5.20666e6
Paris,18,96,60000,3,mean_intersection,881fb47509fffff,1.6445478e7,1.4021354e7,-2.424124e6
Paris,18,96,60000,3,mean_intersection,881fb4750bfffff,1.77979e7,1.4312918e7,-3.484982e6
Paris,18,96,60000,3,mean_intersection,881fb4750dfffff,1.6374362e7,1.3501472e7,-2.87289e6
Paris,18,96,60000,3,mean_intersection,881fb47511fffff,1.8953377e7,1.5438427e7,-3.51495e6
Paris,18,96,60000,3,mean_intersection,881fb47513fffff,1.9205458e7,1.5659719e7,-3.545739e6
Paris,18,96,60000,3,mean_intersection,881fb47515fffff,1.9489131e7,1.4788311e7,-4.70082e6
Paris,18,96,60000,3,mean_intersection,881fb47517fffff,1.9330862e7,1.5355975e7,-3.974887e6
Paris,18,96,60000,3,mean_intersection,881fb47519fffff,1.7910393e7,1.4382839e7,-3.527554e6
Paris,18,96,60000,3,mean_intersection,881fb4751bfffff,1.8320975e7,1.4824599e7,-3.496376e6
Paris,18,96,60000,3,mean_intersection,881fb4751dfffff,1.8683911e7,1.4413687e7,-4.270224e6
Paris,18,96,60000,3,mean_intersection,881fb47521fffff,1.9238523e7,1.3964955e7,-5.273568e6
Paris,18,96,60000,3,mean_intersection,881fb47523fffff,1.9600461e7,1.4712812e7,-4.887649e6
Paris,18,96,60000,3,mean_intersection,881fb47525fffff,1.8876927e7,1.3961224e7,-4.915703e6
Paris,18,96,60000,3,mean_intersection,881fb47527fffff,1.9305599e7,1.4681111e7,-4.624488e6
Paris,18,96,60000,3,mean_intersection,881fb47529fffff,1.908154e7,1.397069e7,-5.11085e6
Paris,18,96,60000,3,mean_intersection,881fb4752bfffff,1.947452e7,1.4375974e7,-5.098546e6
Paris,18,96,60000,3,mean_intersection,881fb4752dfffff,1.8528296e7,1.3961314e7,-4.566982e6
Paris,18,96,60000,3,mean_intersection,881fb47531fffff,1.9722273e7,1.6176522e7,-3.545751e6
Paris,18,96,60000,3,mean_intersection,881fb47533fffff,2.0344027e7,1.6317153e7,-4.026874e6
Paris,18,96,60000,3,mean_intersection,881fb47535fffff,1.9894919e7,1.5714753e7,-4.180166e6
Paris,18,96,60000,3,mean_intersection,881fb47537fffff,2.0071713e7,1.6259468e7,-3.812245e6
Paris,18,96,60000,3,mean_intersection,881fb47539fffff,1.9605236e7,1.4898989e7,-4.706247e6
Paris,18,96,60000,3,mean_intersection,881fb4753bfffff,1.98308e7,1.5515336e7,-4.315464e6
Paris,18,96,60000,3,mean_intersection,881fb4753dfffff,1.9934324e7,1.5230724e7,-4.7036e6
Paris,18,96,60000,3,mean_intersection,881fb47541fffff,1.63364e7,1.399632e7,-2.34008e6
Paris,18,96,60000,3,mean_intersection,881fb47543fffff,1.6840138e7,1.3939094e7,-2.901044e6
Paris,18,96,60000,3,mean_intersection,881fb47545fffff,1.8811465e7,1.4422342e7,-4.389123e6
Paris,18,96,60000,3,mean_intersection,881fb47547fffff,1.7274277e7,1.3803218e7,-3.471059e6
Paris,18,96,60000,3,mean_intersection,881fb4754bfffff,1.6249494e7,1.4240025e7,-2.009469e6
Paris,18,96,60000,3,mean_intersection,881fb47551fffff,1.6800109e7,1.422957e7,-2.570539e6
Paris,18,96,60000,3,mean_intersection,881fb47553fffff,1.7552936e7,1.427346e7,-3.279476e6
Paris,18,96,60000,3,mean_intersection,881fb47555fffff,1.7441074e7,1.4340131e7,-3.100943e6
Paris,18,96,60000,3,mean_intersection,881fb47557fffff,1.7842279e7,1.4320259e7,-3.52202e6
Paris,18,96,60000,3,mean_intersection,881fb47559fffff,1.6565349e7,1.4352583e7,-2.212766e6
Paris,18,96,60000,3,mean_intersection,881fb4755bfffff,1.6725448e7,1.4319147e7,-2.406301e6
Paris,18,96,60000,3,mean_intersection,881fb4755dfffff,1.6582257e7,1.4203666e7,-2.378591e6
Paris,18,96,60000,3,mean_intersection,881fb47561fffff,1.699683e7,1.4283166e7,-2.713664e6
Paris,18,96,60000,3,mean_intersection,881fb47563fffff,1.8299533e7,1.3836394e7,-4.463139e6
Paris,18,96,60000,3,mean_intersection,881fb47565fffff,1.6262784e7,1.3662338e7,-2.600446e6
Paris,18,96,60000,3,mean_intersection,881fb47567fffff,1.6986079e7,1.3134141e7,-3.851938e6
Paris,18,96,60000,3,mean_intersection,881fb47569fffff,1.7942776e7,1.4343429e7,-3.599347e6
Paris,18,96,60000,3,mean_intersection,881fb4756bfffff,1.72117e7,1.365884e7,-3.55286e6
Paris,18,96,60000,3,mean_intersection,881fb4756dfffff,1.6670538e7,1.4290888e7,-2.37965e6
Paris,18,96,60000,3,mean_intersection,881fb47581fffff,2.0133131e7,1.5556379e7,-4.576752e6
Paris,18,96,60000,3,mean_intersection,881fb47583fffff,2.0218229e7,1.605878e7,-4.159449e6
Paris,18,96,60000,3,mean_intersection,881fb47585fffff,2.0173336e7,1.5556675e7,-4.616661e6
Paris,18,96,60000,3,mean_intersection,881fb47587fffff,2.0551593e7,1.5910668e7,-4.640925e6
Paris,18,96,60000,3,mean_intersection,881fb47589fffff,1.9937396e7,1.5896551e7,-4.040845e6
Paris,18,96,60000,3,mean_intersection,881fb4758bfffff,2.0347201e7,1.6185841e7,-4.16136e6
Paris,18,96,60000,3,mean_intersection,881fb4758dfffff,1.980589e7,1.552571e7,-4.28018e6
Paris,18,96,60000,3,mean_intersection,881fb47591fffff,2.0691919e7,1.5818931e7,-4.872988e6
Paris,18,96,60000,3,mean_intersection,881fb47593fffff,2.1098885e7,1.7869257e7,-3.229628e6
Paris,18,96,60000,3,mean_intersection,881fb47595fffff,2.0864902e7,1.5913005e7,-4.951897e6
Paris,18,96,60000,3,mean_intersection,881fb47597fffff,2.0929587e7,1.7357147e7,-3.57244e6
Paris,18,96,60000,3,mean_intersection,881fb47599fffff,2.0410732e7,1.5512501e7,-4.898231e6
Paris,18,96,60000,3,mean_intersection,881fb4759bfffff,2.0819519e7,1.7233969e7,-3.58555e6
Paris,18,96,60000,3,mean_intersection,881fb4759dfffff,2.0654809e7,1.5790364e7,-4.864445e6
Paris,18,96,60000,3,mean_intersection,881fb475a1fffff,2.0794288e7,1.6917213e7,-3.877075e6
Paris,18,96,60000,3,mean_intersection,881fb475a3fffff,2.1001226e7,1.7394686e7,-3.60654e6
Paris,18,96,60000,3,mean_intersection,881fb475a5fffff,2.0091945e7,1.6337532e7,-3.754413e6
Paris,18,96,60000,3,mean_intersection,881fb475a7fffff,2.0548957e7,1.7046074e7,-3.502883e6
Paris,18,96,60000,3,mean_intersection,881fb475a9fffff,2.0429298e7,1.6406822e7,-4.022476e6
Paris,18,96,60000,3,mean_intersection,881fb475abfffff,2.0735475e7,1.688689e7,-3.848585e6
Paris,18,96,60000,3,mean_intersection,881fb475adfffff,2.011069e7,1.6470482e7,-3.640208e6
Paris,18,96,60000,3,mean_intersection,881fb475b1fffff,2.1107224e7,1.6611668e7,-4.495556e6
Paris,18,96,60000,3,mean_intersection,881fb475b3fffff,2.1415616e7,1.794769e7,-3.467926e6
Paris,18,96,60000,3,mean_intersection,881fb475b5fffff,2.074697e7,1.6964959e7,-3.782011e6
Paris,18,96,60000,3,mean_intersection,881fb475b7fffff,2.0993355e7,1.7639339e7,-3.354016e6
Paris,18,96,60000,3,mean_intersection,881fb475b9fffff,2.0641596e7,1.593421e7,-4.707386e6
Paris,18,96,60000,3,mean_intersection,881fb475bbfffff,2.1115432e7,1.712167e7,-3.993762e6
Paris,18,96,60000,3,mean_intersection,881fb475bdfffff,2.0758283e7,1.5950858e7,-4.807425e6
Paris,18,96,60000,3,mean_intersection,881fb475c1fffff,1.9405294e7,1.5719364e7,-3.68593e6
Paris,18,96,60000,3,mean_intersection,881fb475c3fffff,1.9443488e7,1.5710955e7,-3.732533e6
Paris,18,96,60000,3,mean_intersection,881fb475c5fffff,1.962317e7,1.5617922e7,-4.005248e6
Paris,18,96,60000,3,mean_intersection,881fb475c7fffff,1.9009054e7,1.5757791e7,-3.251263e6
Paris,18,96,60000,3,mean_intersection,881fb475c9fffff,1.8897538e7,1.5568485e7,-3.329053e6
Paris,18,96,60000,3,mean_intersection,881fb475cbfffff,1.9481271e7,1.5375712e7,-4.105559e6
Paris,18,96,60000,3,mean_intersection,881fb475cdfffff,1.9188902e7,1.5594576e7,-3.594326e6
Paris,18,96,60000,3,mean_intersection,881fb475d1fffff,1.9599015e7,1.5480952e7,-4.118063e6
Paris,18,96,60000,3,mean_intersection,881fb475d3fffff,2.001205e7,1.5482027e7,-4.530023e6
Paris,18,96,60000,3,mean_intersection,881fb475d5fffff,1.995404e7,1.5411444e7,-4.542596e6
Paris,18,96,60000,3,mean_intersection,881fb475d7fffff,2.0285664e7,1.5496777e7,-4.788887e6
Paris,18,96,60000,3,mean_intersection,881fb475d9fffff,1.8954602e7,1.5347686e7,-3.606916e6
Paris,18,96,60000,3,mean_intersection,881fb475dbfffff,1.9719888e7,1.5518287e7,-4.201601e6
Paris,18,96,60000,3,mean_intersection,881fb475ddfffff,1.9662804e7,1.54123e7,-4.250504e6
Paris,18,96,60000,3,mean_intersection,881fb475e1fffff,1.9745634e7,1.6153002e7,-3.592632e6
Paris,18,96,60000,3,mean_intersection,881fb475e3fffff,1.9967804e7,1.5806301e7,-4.161503e6
Paris,18,96,60000,3,mean_intersection,881fb475e5fffff,1.9973093e7,1.6279463e7,-3.69363e6
Paris,18,96,60000,3,mean_intersection,881fb475e7fffff,2.0147619e7,1.6242849e7,-3.90477e6
Paris,18,96,60000,3,mean_intersection,881fb475e9fffff,1.9460531e7,1.5867789e7,-3.592742e6
Paris,18,96,60000,3,mean_intersection,881fb475ebfffff,1.9272424e7,1.5730443e7,-3.541981e6
Paris,18,96,60000,3,mean_intersection,881fb475edfffff,1.9669315e7,1.6264255e7,-3.40506e6
Paris,18,96,60000,3,mean_intersection,881fb47633fffff,1.6870232e7,1.3905364e7,-2.964868e6
Paris,18,96,60000,3,mean_intersection,881fb47637fffff,1.6198166e7,1.3617768e7,-2.580398e6
Paris,18,96,60000,3,mean_intersection,881fb47681fffff,1.5613218e7,1.402603e7,-1.587188e6
Paris,18,96,60000,3,mean_intersection,881fb47683fffff,1.5697224e7,1.3892922e7,-1.804302e6
Paris,18,96,60000,3,mean_intersection,881fb47685fffff,1.5555197e7,1.3356628e7,-2.198569e6
Paris,18,96,60000,3,mean_intersection,881fb47687fffff,1.6040976e7,1.3958938e7,-2.082038e6
Paris,18,96,60000,3,mean_intersection,881fb4768dfffff,1.6088363e7,1.4006191e7,-2.082172e6
Paris,18,96,60000,3,mean_intersection,881fb47695fffff,1.5838911e7,1.3727914e7,-2.110997e6
Paris,18,96,60000,3,mean_intersection,881fb47697fffff,1.7868811e7,1.3898939e7,-3.969872e6
Paris,18,96,60000,3,mean_intersection,881fb476a1fffff,1.8919577e7,1.4209841e7,-4.709736e6
Paris,18,96,60000,3,mean_intersection,881fb476a3fffff,1.9313156e7,1.5683939e7,-3.629217e6
Paris,18,96,60000,3,mean_intersection,881fb476a5fffff,1.8242274e7,1.4091895e7,-4.150379e6
Paris,18,96,60000,3,mean_intersection,881fb476a7fffff,1.7767796e7,1.4506615e7,-3.261181e6
Paris,18,96,60000,3,mean_intersection,881fb476a9fffff,1.7986163e7,1.3986684e7,-3.999479e6
Paris,18,96,60000,3,mean_intersection,881fb476abfffff,1.7278928e7,1.4727598e7,-2.55133e6
Paris,18,96,60000,3,mean_intersection,881fb476adfffff,1.7073363e7,1.4165896e7,-2.907467e6
Paris,18,96,60000,3,mean_intersection,881fb476b1fffff,1.8133265e7,1.413956e7,-3.993705e6
Paris,18,96,60000,3,mean_intersection,881fb476b3fffff,1.8035536e7,1.4075206e7,-3.96033e6
Paris,18,96,60000,3,mean_intersection,881fb476b5fffff,1.756153e7,1.4129236e7,-3.432294e6
Paris,18,96,60000,3,mean_intersection,881fb476b7fffff,1.9082383e7,1.4640153e7,-4.44223e6
Paris,18,96,60000,3,mean_intersection,881fb476b9fffff,1.849944e7,1.4424528e7,-4.074912e6
Paris,18,96,60000,3,mean_intersection,881fb476bbfffff,1.7802179e7,1.4138756e7,-3.663423e6
Paris,18,96,60000,3,mean_intersection,881fb476bdfffff,1.8746553e7,1.4329332e7,-4.417221e6
Paris,18,96,60000,3,mean_intersection,881fb476e1fffff,1.5847013e7,1.4031074e7,-1.815939e6
Paris,18,96,60000,3,mean_intersection,881fb476e3fffff,1.6661361e7,1.4026532e7,-2.634829e6
Paris,18,96,60000,3,mean_intersection,881fb476e5fffff,1.5855762e7,1.3892312e7,-1.96345e6
Paris,18,96,60000,3,mean_intersection,881fb476e7fffff,1.6555535e7,1.4047068e7,-2.508467e6
Paris,18,96,60000,3,mean_intersection,881fb476e9fffff,1.5824821e7,1.4027033e7,-1.797788e6
Paris,18,96,60000,3,mean_intersection,881fb476ebfffff,1.5322783e7,1.3932767e7,-1.390016e6
Paris,18,96,60000,3,mean_intersection,881fb476edfffff,1.6541345e7,1.4056409e7,-2.484936e6
Paris,18,96,60000,3,mean_intersection,881fb47733fffff,1.62166e7,1.4318034e7,-1.898566e6
Paris,18,96,60000,3,mean_intersection,881fb47737fffff,1.6166929e7,1.408938e7,-2.077549e6
Paris,18,96,60000,3,reachable_union,881fb09141fffff,2.2691940406250004e7,1.5880354489583349e7,-6.811585916666655e6
Paris,18,96,60000,3,reachable_union,881fb09143fffff,2.2401331822916657e7,1.57657174166667e7,-6.635614406249957e6
Paris,18,96,60000,3,reachable_union,881fb09145fffff,2.310195079166667e7,1.7420567229166694e7,-5.681383562499978e6
Paris,18,96,60000,3,reachable_union,881fb09147fffff,2.2099599572916653e7,1.6196985458333373e7,-5.90261411458328e6
Paris,18,96,60000,3,reachable_union,881fb09149fffff,2.3618616666666675e7,1.672620325000003e7,-6.892413416666646e6
Paris,18,96,60000,3,reachable_union,881fb0914bfffff,2.3704030104166687e7,1.64708220416667e7,-7.233208062499987e6
Paris,18,96,60000,3,reachable_union,881fb0914dfffff,2.334191681250002e7,1.7594058125000004e7,-5.747858687500015e6
Paris,18,96,60000,3,reachable_union,881fb0915dfffff,2.1473845270833302e7,1.5566278510416705e7,-5.907566760416597e6
Paris,18,96,60000,3,reachable_union,881fb09161fffff,2.109298215625e7,1.5457075572916705e7,-5.635906583333295e6
Paris,18,96,60000,3,reachable_union,881fb09165fffff,2.1893053604166664e7,1.626306285416672e7,-5.629990749999944e6
Paris,18,96,60000,3,reachable_union,881fb09169fffff,2.205497608333333e7,1.667290825000006e7,-5.382067833333269e6
Paris,18,96,60000,3,reachable_union,881fb0916bfffff,2.0900662989583313e7,1.5687248916666707e7,-5.213414072916606e6
Paris,18,96,60000,3,reachable_union,881fb0916dfffff,2.313239102083336e7,1.7131902333333388e7,-6.00048868749997e6
Paris,18,96,60000,3,reachable_union,881fb09301fffff,2.6011096218750022e7,1.7301906125000082e7,-8.70919009374994e6
Paris,18,96,60000,3,reachable_union,881fb09303fffff,2.5035269968750037e7,1.72267631979167e7,-7.808506770833336e6
Paris,18,96,60000,3,reachable_union,881fb09305fffff,2.5161172437500045e7,1.7242938979166754e7,-7.918233458333291e6
Paris,18,96,60000,3,reachable_union,881fb09307fffff,2.5073909437500026e7,1.7304775812500067e7,-7.769133624999959e6
Paris,18,96,60000,3,reachable_union,881fb09309fffff,2.6250514531250026e7,1.7336231343750086e7,-8.91428318749994e6
Paris,18,96,60000,3,reachable_union,881fb0930bfffff,2.3933473458333395e7,1.6643765010416733e7,-7.289708447916662e6
Paris,18,96,60000,3,reachable_union,881fb0930dfffff,2.6864872135416675e7,1.739945941666674e7,-9.465412718749937e6
Paris,18,96,60000,3,reachable_union,881fb09321fffff,2.347568247916668e7,1.679217937500006e7,-6.6835031041666195e6
Paris,18,96,60000,3,reachable_union,881fb09323fffff,2.2432831489583332e7,1.6527368697916718e7,-5.905462791666614e6
Paris,18,96,60000,3,reachable_union,881fb09325fffff,2.469696078125003e7,1.738389264583337e7,-7.31306813541666e6
Paris,18,96,60000,3,reachable_union,881fb09327fffff,2.2288948197916657e7,1.6522585125000054e7,-5.766363072916603e6
Paris,18,96,60000,3,reachable_union,881fb09329fffff,2.4645029208333373e7,1.7216596468750082e7,-7.428432739583291e6
Paris,18,96,60000,3,reachable_union,881fb0932bfffff,2.4719581145833366e7,1.729921452083342e7,-7.420366624999944e6
Paris,18,96,60000,3,reachable_union,881fb0932dfffff,2.437818366666669e7,1.717795873958341e7,-7.20022492708328e6
Paris,18,96,60000,3,reachable_union,881fb09331fffff,2.4640964489583388e7,1.7271414625000067e7,-7.369549864583321e6
Paris,18,96,60000,3,reachable_union,881fb09335fffff,2.5288435989583373e7,1.7330778750000063e7,-7.95765723958331e6
Paris,18,96,60000,3,reachable_union,881fb09337fffff,2.4287212770833362e7,1.722596887500007e7,-7.061243895833291e6
Paris,18,96,60000,3,reachable_union,881fb09339fffff,2.482473536458336e7,1.7196614864583418e7,-7.62812049999994e6
Paris,18,96,60000,3,reachable_union,881fb0933dfffff,2.4995369395833366e7,1.725210785416675e7,-7.743261541666616e6
Paris,18,96,60000,3,reachable_union,881fb09341fffff,2.459753745833338e7,1.7754574229166724e7,-6.842963229166657e6
Paris,18,96,60000,3,reachable_union,881fb09343fffff,2.4618547802083384e7,1.7228429270833403e7,-7.390118531249981e6
Paris,18,96,60000,3,reachable_union,881fb09345fffff,2.537995392708337e7,1.896140875000007e7,-6.418545177083299e6
Paris,18,96,60000,3,reachable_union,881fb09347fffff,2.5538756239583366e7,1.7778275010416746e7,-7.7604812291666195e6
Paris,18,96,60000,3,reachable_union,881fb09349fffff,2.4292860916666694e7,1.8139177937500034e7,-6.15368297916666e6
Paris,18,96,60000,3,reachable_union,881fb0934bfffff,2.327516283333336e7,1.6566375656250056e7,-6.708787177083302e6
Paris,18,96,60000,3,reachable_union,881fb0934dfffff,2.4420686500000037e7,1.856004442708335e7,-5.860642072916687e6
Paris,18,96,60000,3,reachable_union,881fb09355fffff,2.5541689833333362e7,1.7349933364583407e7,-8.191756468749955e6
Paris,18,96,60000,3,reachable_union,881fb0935dfffff,2.4673777781250034e7,1.7376446260416742e7,-7.297331520833291e6
Paris,18,96,60000,3,reachable_union,881fb09361fffff,2.6367601687500026e7,1.868473598958337e7,-7.682865697916657e6
Paris,18,96,60000,3,reachable_union,881fb09363fffff,2.510017975000001e7,1.731660615625006e7,-7.783573593749952e6
Paris,18,96,60000,3,reachable_union,881fb09365fffff,2.6070553447916698e7,1.805458392708339e7,-8.015969520833306e6
Paris,18,96,60000,3,reachable_union,881fb09367fffff,2.5428907333333354e7,1.7354845302083403e7,-8.074062031249952e6
Paris,18,96,60000,3,reachable_union,881fb09369fffff,2.8060532593750007e7,2.0728204604166616e7,-7.332327989583392e6
Paris,18,96,60000,3,reachable_union,881fb0936bfffff,2.591727383333336e7,1.8491876072916728e7,-7.425397760416631e6
Paris,18,96,60000,3,reachable_union,881fb0936dfffff,2.6011937947916694e7,1.9398024062500037e7,-6.613913885416657e6
Paris,18,96,60000,3,reachable_union,881fb09a41fffff,2.254032397916667e7,1.6412548375000048e7,-6.127775604166623e6
Paris,18,96,60000,3,reachable_union,881fb09a43fffff,2.185547296875e7,1.5506773218750043e7,-6.348699749999957e6
Paris,18,96,60000,3,reachable_union,881fb09a45fffff,2.2774137958333332e7,1.693684030208336e7,-5.837297656249974e6
Paris,18,96,60000,3,reachable_union,881fb09a47fffff,2.1751156020833313e7,1.591748911458336e7,-5.833666906249953e6
Paris,18,96,60000,3,reachable_union,881fb09a49fffff,2.294018130208334e7,1.7012689218750045e7,-5.927492083333295e6
Paris,18,96,60000,3,reachable_union,881fb09a4bfffff,2.2072572645833332e7,1.6767734500000035e7,-5.304838145833297e6
Paris,18,96,60000,3,reachable_union,881fb09a4dfffff,2.2977176125000004e7,1.6921789427083366e7,-6.055386697916638e6
Paris,18,96,60000,3,reachable_union,881fb09a59fffff,2.1462136229166646e7,1.6002286145833384e7,-5.459850083333261e6
Paris,18,96,60000,3,reachable_union,881fb09a5dfffff,2.1284171822916653e7,1.580958717708337e7,-5.474584645833284e6
Paris,18,96,60000,3,reachable_union,881fb09a61fffff,2.1198093312499966e7,1.6035314302083362e7,-5.162779010416605e6
Paris,18,96,60000,3,reachable_union,881fb09a65fffff,2.173927384374995e7,1.6383800458333362e7,-5.35547338541659e6
Paris,18,96,60000,3,reachable_union,881fb09a69fffff,2.061870309374999e7,1.5359873937500035e7,-5.258829156249953e6
Paris,18,96,60000,3,reachable_union,881fb09a6bfffff,2.0516782104166657e7,1.5142086812500013e7,-5.374695291666644e6
Paris,18,96,60000,3,reachable_union,881fb09a6dfffff,2.137189057291663e7,1.6052530677083332e7,-5.319359895833299e6
Paris,18,96,60000,3,reachable_union,881fb09b41fffff,2.2889696864583306e7,1.4964984937500004e7,-7.924711927083302e6
Paris,18,96,60000,3,reachable_union,881fb09b43fffff,2.4006099354166653e7,1.5737105427083353e7,-8.2689939270833e6
Paris,18,96,60000,3,reachable_union,881fb09b45fffff,2.32841321770833e7,1.5233269114583338e7,-8.050863062499961e6
Paris,18,96,60000,3,reachable_union,881fb09b47fffff,2.132446337499999e7,1.4112596947916672e7,-7.211866427083317e6
Paris,18,96,60000,3,reachable_union,881fb09b49fffff,2.3790724322916653e7,1.6553923427083297e7,-7.236800895833356e6
Paris,18,96,60000,3,reachable_union,881fb09b4bfffff,2.2203162583333295e7,1.5863643947916657e7,-6.339518635416638e6
Paris,18,96,60000,3,reachable_union,881fb09b4dfffff,2.2234686604166638e7,1.5973627697916666e7,-6.261058906249972e6
Paris,18,96,60000,3,reachable_union,881fb09b59fffff,2.228541909374994e7,1.6724321479166627e7,-5.561097614583313e6
Paris,18,96,60000,3,reachable_union,881fb09b5dfffff,2.289126895833328e7,1.6713987239583308e7,-6.177281718749972e6
Paris,18,96,60000,3,reachable_union,881fb09b61fffff,2.193622519791662e7,1.5049292354166657e7,-6.886932843749963e6
Paris,18,96,60000,3,reachable_union,881fb09b69fffff,2.11532248645833e7,1.6468710322916636e7,-4.684514541666662e6
Paris,18,96,60000,3,reachable_union,881fb09b6bfffff,2.0394261354166634e7,1.4645977875000034e7,-5.748283479166601e6
Paris,18,96,60000,3,reachable_union,881fb09b6dfffff,2.2117645447916653e7,1.7035103322916638e7,-5.082542125000015e6
Paris,18,96,60000,3,reachable_union,881fb42801fffff,2.3680974968750045e7,1.706872973958328e7,-6.612245229166765e6
Paris,18,96,60000,3,reachable_union,881fb42803fffff,2.355233796875004e7,1.7250797239583284e7,-6.301540729166757e6
Paris,18,96,60000,3,reachable_union,881fb42805fffff,2.258320140625004e7,1.6634865583333274e7,-5.948335822916767e6
Paris,18,96,60000,3,reachable_union,881fb42807fffff,2.3830643718750052e7,1.7344194895833272e7,-6.48644882291678e6
Paris,18,96,60000,3,reachable_union,881fb4280dfffff,2.232915594791672e7,1.617773722916667e7,-6.15141871875005e6
Paris,18,96,60000,3,reachable_union,881fb42821fffff,2.6263074333333366e7,1.7720826885416605e7,-8.542247447916761e6
Paris,18,96,60000,3,reachable_union,881fb42823fffff,2.4980861031250037e7,1.7246286437499944e7,-7.734574593750093e6
Paris,18,96,60000,3,reachable_union,881fb42825fffff,2.729747416666668e7,1.9741114458333325e7,-7.556359708333354e6
Paris,18,96,60000,3,reachable_union,881fb42827fffff,2.6632393322916694e7,1.9185473718749944e7,-7.44691960416675e6
Paris,18,96,60000,3,reachable_union,881fb42829fffff,2.50807963541667e7,1.8138049864583325e7,-6.942746489583377e6
Paris,18,96,60000,3,reachable_union,881fb4282bfffff,2.4733061916666713e7,1.7201407499999937e7,-7.531654416666776e6
Paris,18,96,60000,3,reachable_union,881fb4282dfffff,2.4872948052083384e7,1.8803828729166687e7,-6.069119322916698e6
Paris,18,96,60000,3,reachable_union,881fb42831fffff,2.5106855968750052e7,1.8007211885416657e7,-7.099644083333395e6
Paris,18,96,60000,3,reachable_union,881fb42835fffff,2.527044905208337e7,1.9152897031249963e7,-6.117552020833407e6
Paris,18,96,60000,3,reachable_union,881fb42837fffff,2.6457592750000037e7,2.4342794531250082e7,-2.1147982187499553e6
Paris,18,96,60000,3,reachable_union,881fb42839fffff,2.4198863312500037e7,1.736874120833327e7,-6.8301221041667685e6
Paris,18,96,60000,3,reachable_union,881fb4283dfffff,2.3952643333333362e7,1.7033819624999963e7,-6.918823708333399e6
Paris,18,96,60000,3,reachable_union,881fb42861fffff,2.4583836489583407e7,1.7848320604166657e7,-6.73551588541675e6
Paris,18,96,60000,3,reachable_union,881fb42863fffff,2.402069165625005e7,1.7792951072916612e7,-6.227740583333436e6
Paris,18,96,60000,3,reachable_union,881fb42865fffff,2.5360758125000034e7,1.992987237499997e7,-5.430885750000063e6
Paris,18,96,60000,3,reachable_union,881fb42867fffff,2.517393585416671e7,1.9888513958333317e7,-5.285421895833392e6
Paris,18,96,60000,3,reachable_union,881fb42869fffff,2.155026423958333e7,1.6169101281249976e7,-5.381162958333353e6
Paris,18,96,60000,3,reachable_union,881fb4286bfffff,2.357740429166673e7,1.7454399281249933e7,-6.123005010416798e6
Paris,18,96,60000,3,reachable_union,881fb4286dfffff,2.2137558114583366e7,1.767897463541664e7,-4.458583479166724e6
Paris,18,96,60000,3,reachable_union,881fb42901fffff,2.725034323958336e7,1.987189211458329e7,-7.378451125000067e6
Paris,18,96,60000,3,reachable_union,881fb42903fffff,2.699017245833336e7,2.0040189437499955e7,-6.949983020833403e6
Paris,18,96,60000,3,reachable_union,881fb42905fffff,2.8198641343750034e7,2.0562943229166567e7,-7.635698114583466e6
Paris,18,96,60000,3,reachable_union,881fb42907fffff,2.7275078666666664e7,2.0025632604166623e7,-7.249446062500041e6
Paris,18,96,60000,3,reachable_union,881fb42909fffff,2.7681038781250026e7,1.9926427812499963e7,-7.754610968750063e6
Paris,18,96,60000,3,reachable_union,881fb4290bfffff,2.6357757364583343e7,1.99216507083333e7,-6.436106656250045e6
Paris,18,96,60000,3,reachable_union,881fb4290dfffff,2.828065311458335e7,2.047811917708325e7,-7.802533937500101e6
Paris,18,96,60000,3,reachable_union,881fb42911fffff,2.6070287781250045e7,2.0046977520833284e7,-6.023310260416761e6
Paris,18,96,60000,3,reachable_union,881fb42913fffff,2.5027021489583377e7,1.979341470833331e7,-5.233606781250067e6
Paris,18,96,60000,3,reachable_union,881fb42915fffff,2.6259687020833347e7,1.999243355208328e7,-6.267253468750067e6
Paris,18,96,60000,3,reachable_union,881fb42917fffff,2.5697935406250034e7,2.0195517187499937e7,-5.502418218750097e6
Paris,18,96,60000,3,reachable_union,881fb42919fffff,2.6708445395833354e7,1.9923041416666653e7,-6.785403979166701e6
Paris,18,96,60000,3,reachable_union,881fb4291bfffff,2.60778854166667e7,2.012184183333327e7,-5.956043583333433e6
Paris,18,96,60000,3,reachable_union,881fb4291dfffff,2.6915080666666687e7,2.0006382385416634e7,-6.908698281250052e6
Paris,18,96,60000,3,reachable_union,881fb42921fffff,2.882728753124999e7,2.181030437500002e7,-7.01698315624997e6
Paris,18,96,60000,3,reachable_union,881fb42923fffff,2.7836608406250026e7,1.9637833770833287e7,-8.198774635416739e6
Paris,18,96,60000,3,reachable_union,881fb42925fffff,3.0102211000000004e7,2.3015486739583362e7,-7.086724260416642e6
Paris,18,96,60000,3,reachable_union,881fb42927fffff,2.893655947916668e7,2.164600018750001e7,-7.290559291666668e6
Paris,18,96,60000,3,reachable_union,881fb42929fffff,2.5202082875000026e7,1.963653762499996e7,-5.565545250000067e6
Paris,18,96,60000,3,reachable_union,881fb4292bfffff,2.7312661072916675e7,1.9670998937499955e7,-7.64166213541672e6
Paris,18,96,60000,3,reachable_union,881fb4292dfffff,2.639636071875001e7,2.0965127270833258e7,-5.431233447916754e6
Paris,18,96,60000,3,reachable_union,881fb42931fffff,2.6308282041666694e7,1.9600716718749963e7,-6.707565322916731e6
Paris,18,96,60000,3,reachable_union,881fb42933fffff,2.6120943531250034e7,1.9848124114583284e7,-6.27281941666675e6
Paris,18,96,60000,3,reachable_union,881fb42935fffff,2.6869867593750015e7,1.9325161229166623e7,-7.544706364583392e6
Paris,18,96,60000,3,reachable_union,881fb42937fffff,2.598561983333338e7,1.9463138218749933e7,-6.522481614583448e6
Paris,18,96,60000,3,reachable_union,881fb42939fffff,2.700794621875e7,2.0012181916666616e7,-6.995764302083384e6
Paris,18,96,60000,3,reachable_union,881fb4293bfffff,2.693620704166668e7,2.0302809010416612e7,-6.633398031250067e6
Paris,18,96,60000,3,reachable_union,881fb4293dfffff,2.6697980281250004e7,1.9773618093749955e7,-6.924362187500048e6
Paris,18,96,60000,3,reachable_union,881fb42941fffff,2.718340884375003e7,1.9123379177083254e7,-8.060029666666776e6
Paris,18,96,60000,3,reachable_union,881fb42943fffff,2.7282662781249963e7,1.9702030489583302e7,-7.58063229166666e6
Paris,18,96,60000,3,reachable_union,881fb42945fffff,2.8568884822916634e7,2.138566692708332e7,-7.183217895833313e6
Paris,18,96,60000,3,reachable_union,881fb42947fffff,2.7614304041666627e7,1.9346288833333313e7,-8.268015208333313e6
Paris,18,96,60000,3,reachable_union,881fb42949fffff,2.3648624187499996e7,1.7417967489583347e7,-6.230656697916649e6
Paris,18,96,60000,3,reachable_union,881fb4294bfffff,2.7126865802083302e7,1.9557284541666638e7,-7.569581260416664e6
Paris,18,96,60000,3,reachable_union,881fb4294dfffff,2.445446049999999e7,1.8102746854166675e7,-6.351713645833313e6
Paris,18,96,60000,3,reachable_union,881fb42951fffff,2.592626169791664e7,1.9535925520833317e7,-6.390336177083325e6
Paris,18,96,60000,3,reachable_union,881fb42953fffff,2.477282094791665e7,1.9038910072916683e7,-5.7339108749999665e6
Paris,18,96,60000,3,reachable_union,881fb42955fffff,2.8237597843749974e7,2.004795538541666e7,-8.189642458333313e6
Paris,18,96,60000,3,reachable_union,881fb42957fffff,2.6981214427083306e7,1.9706062999999978e7,-7.275151427083328e6
Paris,18,96,60000,3,reachable_union,881fb42959fffff,2.588954758333331e7,2.0031633364583336e7,-5.857914218749974e6
Paris,18,96,60000,3,reachable_union,881fb4295bfffff,2.5429935885416657e7,1.9960786416666646e7,-5.469149468750011e6
Paris,18,96,60000,3,reachable_union,881fb4295dfffff,2.7667266385416638e7,1.992697571874999e7,-7.740290666666649e6
Paris,18,96,60000,3,reachable_union,881fb42961fffff,2.830580161458331e7,2.0221558791666657e7,-8.084242822916653e6
Paris,18,96,60000,3,reachable_union,881fb42963fffff,2.873415614583332e7,2.166308656249998e7,-7.07106958333334e6
Paris,18,96,60000,3,reachable_union,881fb42965fffff,2.883301396875e7,2.164551239583332e7,-7.187501572916679e6
Paris,18,96,60000,3,reachable_union,881fb42967fffff,2.850392419791664e7,2.1798351156250004e7,-6.705573041666638e6
Paris,18,96,60000,3,reachable_union,881fb42969fffff,2.939344258333334e7,2.7323659833333317e7,-2.0697827500000224e6
Paris,18,96,60000,3,reachable_union,881fb4296bfffff,2.7574885812499974e7,2.2709936697916687e7,-4.864949114583287e6
Paris,18,96,60000,3,reachable_union,881fb4296dfffff,2.8565439208333317e7,2.0949606937499963e7,-7.615832270833354e6
Paris,18,96,60000,3,reachable_union,881fb42981fffff,2.4103535104166683e7,1.7797629322916698e7,-6.305905781249985e6
Paris,18,96,60000,3,reachable_union,881fb42983fffff,2.41121605e7,1.782479668750002e7,-6.287363812499981e6
Paris,18,96,60000,3,reachable_union,881fb42985fffff,2.4515537249999996e7,1.7282932520833362e7,-7.232604729166634e6
Paris,18,96,60000,3,reachable_union,881fb42987fffff,2.4638559468749993e7,1.7537866187500007e7,-7.100693281249985e6
Paris,18,96,60000,3,reachable_union,881fb42989fffff,2.4026068218750004e7,1.766999242708336e7,-6.356075791666646e6
Paris,18,96,60000,3,reachable_union,881fb4298bfffff,2.3405788666666687e7,1.770793565625002e7,-5.697853010416668e6
Paris,18,96,60000,3,reachable_union,881fb4298dfffff,2.4999966593749993e7,1.766820452083335e7,-7.331762072916642e6
Paris,18,96,60000,3,reachable_union,881fb429a1fffff,2.614466686458331e7,1.8859089791666698e7,-7.285577072916612e6
Paris,18,96,60000,3,reachable_union,881fb429a3fffff,2.5353285645833317e7,1.7821143197916687e7,-7.532142447916631e6
Paris,18,96,60000,3,reachable_union,881fb429a5fffff,2.6332837916666653e7,1.940950178124999e7,-6.923336135416664e6
Paris,18,96,60000,3,reachable_union,881fb429a7fffff,2.5017090614583332e7,1.8360995302083325e7,-6.656095312500007e6
Paris,18,96,60000,3,reachable_union,881fb429a9fffff,2.603502937499998e7,1.7876647427083384e7,-8.158381947916597e6
Paris,18,96,60000,3,reachable_union,881fb429abfffff,2.5449099895833313e7,1.774739073958337e7,-7.701709156249944e6
Paris,18,96,60000,3,reachable_union,881fb429adfffff,2.6726666885416634e7,1.9518640458333302e7,-7.208026427083332e6
Paris,18,96,60000,3,reachable_union,881fb429b1fffff,2.45549189375e7,1.7807194916666694e7,-6.747724020833306e6
Paris,18,96,60000,3,reachable_union,881fb429b5fffff,2.4643043593749996e7,1.7963852687500037e7,-6.679190906249959e6
Paris,18,96,60000,3,reachable_union,881fb429b7fffff,2.3980719802083332e7,1.7702464927083347e7,-6.278254874999985e6
Paris,18,96,60000,3,reachable_union,881fb429b9fffff,2.4085609999999996e7,1.764456353125001e7,-6.441046468749985e6
Paris,18,96,60000,3,reachable_union,881fb429bdfffff,2.536558490624999e7,1.7938025749999996e7,-7.427559156249993e6
Paris,18,96,60000,3,reachable_union,881fb429c1fffff,2.4726961479166664e7,1.830773591666669e7,-6.419225562499974e6
Paris,18,96,60000,3,reachable_union,881fb429c3fffff,2.456009223958332e7,1.7863323145833362e7,-6.696769093749959e6
Paris,18,96,60000,3,reachable_union,881fb429c5fffff,2.5715159229166646e7,1.920684959375004e7,-6.508309635416605e6
Paris,18,96,60000,3,reachable_union,881fb429c7fffff,2.5211279427083317e7,1.829791960416668e7,-6.913359822916638e6
Paris,18,96,60000,3,reachable_union,881fb429c9fffff,2.5669223510416646e7,1.8397399791666683e7,-7.271823718749963e6
Paris,18,96,60000,3,reachable_union,881fb429cbfffff,2.5198716447916668e7,2.2166173302083366e7,-3.0325431458333023e6
Paris,18,96,60000,3,reachable_union,881fb429cdfffff,2.5901587302083306e7,1.9697700249999985e7,-6.203887052083321e6
Paris,18,96,60000,3,reachable_union,881fb429d5fffff,2.3571850760416698e7,1.752909981250001e7,-6.042750947916687e6
Paris,18,96,60000,3,reachable_union,881fb429ddfffff,2.3966014489583347e7,2.1835523208333395e7,-2.1304912812499516e6
Paris,18,96,60000,3,reachable_union,881fb429e1fffff,2.7282528208333284e7,1.8938300218750022e7,-8.344227989583261e6
Paris,18,96,60000,3,reachable_union,881fb429e3fffff,2.6456612416666634e7,1.9535537645833366e7,-6.921074770833269e6
Paris,18,96,60000,3,reachable_union,881fb429e5fffff,2.8367319260416657e7,2.129056635416665e7,-7.076752906250007e6
Paris,18,96,60000,3,reachable_union,881fb429e7fffff,2.6601624739583306e7,2.1085516020833362e7,-5.516108718749944e6
Paris,18,96,60000,3,reachable_union,881fb429e9fffff,2.647090438541664e7,1.973455760416663e7,-6.736346781250011e6
Paris,18,96,60000,3,reachable_union,881fb429ebfffff,2.610087484374997e7,1.8486935885416683e7,-7.613938958333287e6
Paris,18,96,60000,3,reachable_union,881fb429edfffff,2.6997560468749978e7,2.087993159375e7,-6.117628874999978e6
Paris,18,96,60000,3,reachable_union,881fb42b01fffff,2.625566686458332e7,1.8868503552083317e7,-7.387163312500004e6
Paris,18,96,60000,3,reachable_union,881fb42b03fffff,2.5716500583333313e7,1.7887699802083354e7,-7.828800781249959e6
Paris,18,96,60000,3,reachable_union,881fb42b05fffff,2.4554441249999993e7,1.744878493750001e7,-7.105656312499981e6
Paris,18,96,60000,3,reachable_union,881fb42b07fffff,2.4803952927083336e7,1.7542088697916675e7,-7.26186422916666e6
Paris,18,96,60000,3,reachable_union,881fb42b0dfffff,2.6983875177083306e7,1.839863980208334e7,-8.585235374999966e6
Paris,18,96,60000,3,reachable_union,881fb42b15fffff,2.4204944802083317e7,1.765282410416666e7,-6.552120697916657e6
Paris,18,96,60000,3,reachable_union,881fb42b17fffff,2.151863115625e7,1.5512211656249985e7,-6.006419500000015e6
Paris,18,96,60000,3,reachable_union,881fb42b21fffff,2.6062003791666638e7,2.0319528114583302e7,-5.742475677083336e6
Paris,18,96,60000,3,reachable_union,881fb42b23fffff,2.5178856572916664e7,1.9150377375000004e7,-6.02847919791666e6
Paris,18,96,60000,3,reachable_union,881fb42b25fffff,2.5995922843749974e7,2.089107112499995e7,-5.104851718750022e6
Paris,18,96,60000,3,reachable_union,881fb42b27fffff,2.5382362343749978e7,2.053121311458326e7,-4.851149229166716e6
Paris,18,96,60000,3,reachable_union,881fb42b29fffff,2.6541535291666646e7,2.1762218874999963e7,-4.779316416666683e6
Paris,18,96,60000,3,reachable_union,881fb42b2bfffff,2.4202926062500004e7,1.7797919999999993e7,-6.405006062500011e6
Paris,18,96,60000,3,reachable_union,881fb42b2dfffff,2.4618743208333317e7,1.9445469604166646e7,-5.173273604166672e6
Paris,18,96,60000,3,reachable_union,881fb42b31fffff,2.6334017614583317e7,1.752977570833332e7,-8.804241906249996e6
Paris,18,96,60000,3,reachable_union,881fb42b33fffff,2.2796376562499996e7,1.7710835770833377e7,-5.0855407916666195e6
Paris,18,96,60000,3,reachable_union,881fb42b35fffff,2.674426057291665e7,1.9495951197916664e7,-7.248309374999985e6
Paris,18,96,60000,3,reachable_union,881fb42b37fffff,2.379294882291668e7,1.7754928135416705e7,-6.038020687499974e6
Paris,18,96,60000,3,reachable_union,881fb42b39fffff,2.5369261781249966e7,1.764947645833331e7,-7.719785322916657e6
Paris,18,96,60000,3,reachable_union,881fb42b3bfffff,2.4486690364583347e7,1.6334534375e7,-8.152155989583347e6
Paris,18,96,60000,3,reachable_union,881fb42b3dfffff,2.297000983333332e7,1.7052637302083373e7,-5.917372531249948e6
Paris,18,96,60000,3,reachable_union,881fb42b61fffff,2.5835161604166627e7,1.8168532208333325e7,-7.666629395833302e6
Paris,18,96,60000,3,reachable_union,881fb42b63fffff,2.647742244791666e7,2.0849521739583295e7,-5.627900708333366e6
Paris,18,96,60000,3,reachable_union,881fb42b65fffff,2.6747167177083313e7,2.0506297416666657e7,-6.240869760416657e6
Paris,18,96,60000,3,reachable_union,881fb42b67fffff,2.796643210416665e7,2.6815090791666605e7,-1.1513413125000447e6
Paris,18,96,60000,3,reachable_union,881fb42b69fffff,2.4698167239583332e7,2.0928422218749978e7,-3.7697450208333544e6
Paris,18,96,60000,3,reachable_union,881fb42b6bfffff,2.6195717937499978e7,1.804071742708332e7,-8.155000510416657e6
Paris,18,96,60000,3,reachable_union,881fb42b6dfffff,2.319103881249999e7,1.806928454166667e7,-5.121754270833317e6
Paris,18,96,60000,3,reachable_union,881fb46001fffff,2.3695369843749993e7,2.009990365625002e7,-3.595466187499974e6
Paris,18,96,60000,3,reachable_union,881fb46003fffff,2.311107243749997e7,1.949876194791669e7,-3.61231048958328e6
Paris,18,96,60000,3,reachable_union,881fb46007fffff,2.3588943854166668e7,1.9533735562500034e7,-4.0552082916666344e6
Paris,18,96,60000,3,reachable_union,881fb46009fffff,2.2719266552083306e7,1.8933354781249985e7,-3.785911770833321e6
Paris,18,96,60000,3,reachable_union,881fb4600bfffff,2.3329690624999985e7,1.9521469416666675e7,-3.8082212083333097e6
Paris,18,96,60000,3,reachable_union,881fb46011fffff,2.3286124947916646e7,2.0449570666666694e7,-2.8365542812499516e6
Paris,18,96,60000,3,reachable_union,881fb46013fffff,2.2933412052083325e7,2.0703021895833295e7,-2.23039015625003e6
Paris,18,96,60000,3,reachable_union,881fb46015fffff,2.1731397093749974e7,1.8977789125000004e7,-2.75360796874997e6
Paris,18,96,60000,3,reachable_union,881fb46017fffff,2.1229316604166657e7,1.9767377291666705e7,-1.4619393124999516e6
Paris,18,96,60000,3,reachable_union,881fb46019fffff,2.4217540708333325e7,2.17580064270833e7,-2.459534281250026e6
Paris,18,96,60000,3,reachable_union,881fb4601bfffff,2.4427126885416657e7,2.1870254385416638e7,-2.5568725000000186e6
Paris,18,96,60000,3,reachable_union,881fb4601dfffff,2.3368146854166638e7,2.0194857687500034e7,-3.1732891666666046e6
Paris,18,96,60000,3,reachable_union,881fb46031fffff,2.1437651468750026e7,1.862093572916671e7,-2.816715739583317e6
Paris,18,96,60000,3,reachable_union,881fb46033fffff,2.2860782322916657e7,2.0349176885416664e7,-2.5116054374999925e6
Paris,18,96,60000,3,reachable_union,881fb46035fffff,2.052706134375001e7,1.7833886416666713e7,-2.6931749270832986e6
Paris,18,96,60000,3,reachable_union,881fb46037fffff,2.231999636458334e7,2.0369255000000015e7,-1.9507413645833246e6
Paris,18,96,60000,3,reachable_union,881fb46039fffff,2.1243796302083306e7,1.7659735572916657e7,-3.5840607291666493e6
Paris,18,96,60000,3,reachable_union,881fb4603bfffff,2.0425088604166668e7,1.846950755208334e7,-1.9555810520833284e6
Paris,18,96,60000,3,reachable_union,881fb4603dfffff,2.3027440708333325e7,1.9737537604166694e7,-3.2899031041666307e6
Paris,18,96,60000,3,reachable_union,881fb46043fffff,2.1568779125000007e7,1.8759783499999993e7,-2.808995625000015e6
Paris,18,96,60000,3,reachable_union,881fb4604bfffff,2.2816943374999985e7,1.9612402000000004e7,-3.2045413749999814e6
Paris,18,96,60000,3,reachable_union,881fb46051fffff,2.192023385416664e7,1.958262211458337e7,-2.3376117395832725e6
Paris,18,96,60000,3,reachable_union,881fb46053fffff,2.2201254510416627e7,1.962399925000005e7,-2.5772552604165785e6
Paris,18,96,60000,3,reachable_union,881fb46055fffff,2.2651610760416634e7,1.9564884395833343e7,-3.086726364583291e6
Paris,18,96,60000,3,reachable_union,881fb46057fffff,2.429898455208329e7,2.0914192927083284e7,-3.3847916250000075e6
Paris,18,96,60000,3,reachable_union,881fb46059fffff,2.4312047541666634e7,2.1500909447916616e7,-2.8111380937500186e6
Paris,18,96,60000,3,reachable_union,881fb4605bfffff,2.482990872916663e7,2.1571648874999955e7,-3.2582598541666754e6
Paris,18,96,60000,3,reachable_union,881fb4605dfffff,2.4036099958333306e7,2.073311256249998e7,-3.3029873958333246e6
Paris,18,96,60000,3,reachable_union,881fb46081fffff,2.518291033333329e7,2.2308563145833302e7,-2.874347187499989e6
Paris,18,96,60000,3,reachable_union,881fb46083fffff,2.5559974520833287e7,2.2064973604166638e7,-3.4950009166666493e6
Paris,18,96,60000,3,reachable_union,881fb46085fffff,2.4327671583333325e7,2.2090270458333306e7,-2.2374011250000186e6
Paris,18,96,60000,3,reachable_union,881fb46087fffff,2.489391726041663e7,2.2289386593749955e7,-2.6045306666666754e6
Paris,18,96,60000,3,reachable_union,881fb46089fffff,2.6127922031249966e7,2.2192102895833284e7,-3.935819135416683e6
Paris,18,96,60000,3,reachable_union,881fb4608bfffff,2.5928468645833276e7,2.2157566854166627e7,-3.7709017916666493e6
Paris,18,96,60000,3,reachable_union,881fb4608dfffff,2.5247061031249966e7,2.198396563541665e7,-3.263095395833317e6
Paris,18,96,60000,3,reachable_union,881fb46091fffff,2.6149684739583276e7,2.235151706249996e7,-3.798167677083317e6
Paris,18,96,60000,3,reachable_union,881fb46093fffff,2.726916240624995e7,2.2126381229166605e7,-5.142781177083347e6
Paris,18,96,60000,3,reachable_union,881fb46095fffff,2.6022361979166605e7,2.204834156249997e7,-3.9740204166666344e6
Paris,18,96,60000,3,reachable_union,881fb46097fffff,2.642619836458327e7,2.1910370229166634e7,-4.515828135416634e6
Paris,18,96,60000,3,reachable_union,881fb46099fffff,2.7016075739583272e7,2.4319816624999918e7,-2.6962591145833544e6
Paris,18,96,60000,3,reachable_union,881fb4609bfffff,2.634043228124995e7,2.3865118958333243e7,-2.475313322916709e6
Paris,18,96,60000,3,reachable_union,881fb4609dfffff,2.637810371874995e7,2.344323767708329e7,-2.9348660416666605e6
Paris,18,96,60000,3,reachable_union,881fb460a1fffff,2.3644675614583332e7,2.2051304999999974e7,-1.5933706145833582e6
Paris,18,96,60000,3,reachable_union,881fb460a3fffff,2.3983083364583354e7,2.2166608322916623e7,-1.8164750416667312e6
Paris,18,96,60000,3,reachable_union,881fb460a5fffff,2.2530999708333332e7,2.1840133781249944e7,-690865.927083388
Paris,18,96,60000,3,reachable_union,881fb460a7fffff,2.308852148958333e7,2.1993137645833213e7,-1.0953838437501155e6
Paris,18,96,60000,3,reachable_union,881fb460a9fffff,2.3541039718750026e7,2.2088153854166567e7,-1.4528858645834588e6
Paris,18,96,60000,3,reachable_union,881fb460abfffff,2.393713679166668e7,2.21448864999999e7,-1.7922502916667797e6
Paris,18,96,60000,3,reachable_union,881fb460adfffff,2.311840197916667e7,2.208749851041656e7,-1.0309034687501118e6
Paris,18,96,60000,3,reachable_union,881fb460b1fffff,2.4976745531250015e7,2.2158632447916552e7,-2.8181130833334625e6
Paris,18,96,60000,3,reachable_union,881fb460b3fffff,2.5276796239583325e7,2.214017185416655e7,-3.136624385416776e6
Paris,18,96,60000,3,reachable_union,881fb460b5fffff,2.4253033239583343e7,2.268788607291655e7,-1.5651471666667946e6
Paris,18,96,60000,3,reachable_union,881fb460b7fffff,2.3677321052083336e7,2.1979001604166526e7,-1.6983194479168095e6
Paris,18,96,60000,3,reachable_union,881fb460b9fffff,2.4936386020833325e7,2.2014450843749892e7,-2.9219351770834327e6
Paris,18,96,60000,3,reachable_union,881fb460bbfffff,2.5525160635416653e7,2.2132014760416526e7,-3.3931458750001267e6
Paris,18,96,60000,3,reachable_union,881fb460bdfffff,2.4779030104166675e7,2.2305563135416556e7,-2.473466968750119e6
Paris,18,96,60000,3,reachable_union,881fb460c1fffff,2.605275809374996e7,2.227670070833323e7,-3.7760573854167275e6
Paris,18,96,60000,3,reachable_union,881fb460c3fffff,2.688085017708329e7,2.226495443749988e7,-4.61589573958341e6
Paris,18,96,60000,3,reachable_union,881fb460c5fffff,2.507468648958334e7,2.222379236458324e7,-2.8508941250001006e6
Paris,18,96,60000,3,reachable_union,881fb460c7fffff,2.5569647500000007e7,2.2248018874999877e7,-3.3216286250001304e6
Paris,18,96,60000,3,reachable_union,881fb460c9fffff,2.6276146333333295e7,2.226613355208324e7,-4.010012781250056e6
Paris,18,96,60000,3,reachable_union,881fb460cbfffff,2.6906237749999948e7,2.2333068968749907e7,-4.573168781250041e6
Paris,18,96,60000,3,reachable_union,881fb460cdfffff,2.563070108333332e7,2.2110926354166567e7,-3.5197747291667536e6
Paris,18,96,60000,3,reachable_union,881fb460d1fffff,2.7568436093749925e7,2.4186771624999866e7,-3.3816644687500596e6
Paris,18,96,60000,3,reachable_union,881fb460d3fffff,2.751906141666658e7,2.4313549895833172e7,-3.2055115208334066e6
Paris,18,96,60000,3,reachable_union,881fb460d5fffff,2.66425380416666e7,2.2080806718749844e7,-4.561731322916757e6
Paris,18,96,60000,3,reachable_union,881fb460d7fffff,2.720208829166659e7,2.3478037947916526e7,-3.7240503437500633e6
Paris,18,96,60000,3,reachable_union,881fb460d9fffff,2.781437548958326e7,2.4714779510416545e7,-3.0995959791667163e6
Paris,18,96,60000,3,reachable_union,881fb460dbfffff,2.8114791812499925e7,2.4880578187499844e7,-3.234213625000082e6
Paris,18,96,60000,3,reachable_union,881fb460ddfffff,2.7211913333333265e7,2.3203207322916593e7,-4.0087060104166716e6
Paris,18,96,60000,3,reachable_union,881fb460e1fffff,2.3870749864583336e7,2.173609185416651e7,-2.1346580104168244e6
Paris,18,96,60000,3,reachable_union,881fb460e3fffff,2.2179077395833325e7,1.973041982291661e7,-2.4486575729167163e6
Paris,18,96,60000,3,reachable_union,881fb460e5fffff,2.2687263218750022e7,2.1641210531249873e7,-1.046052687500149e6
Paris,18,96,60000,3,reachable_union,881fb460e7fffff,2.3147412708333347e7,2.1923396041666552e7,-1.2240166666667946e6
Paris,18,96,60000,3,reachable_union,881fb460e9fffff,2.4390953854166668e7,2.2299860083333228e7,-2.0910937708334401e6
Paris,18,96,60000,3,reachable_union,881fb460ebfffff,2.5329530489583354e7,2.2356160072916545e7,-2.9733704166668095e6
Paris,18,96,60000,3,reachable_union,881fb460edfffff,2.1298347885416653e7,1.971524309374994e7,-1.5831047916667126e6
Paris,18,96,60000,3,reachable_union,881fb46181fffff,2.075971336458332e7,1.8767370260416627e7,-1.992343104166694e6
Paris,18,96,60000,3,reachable_union,881fb46183fffff,2.0014084958333336e7,1.835382097916665e7,-1.6602639791666865e6
Paris,18,96,60000,3,reachable_union,881fb46187fffff,2.1203313416666675e7,2.0419634937499948e7,-783678.4791667275
Paris,18,96,60000,3,reachable_union,881fb46189fffff,1.9745091333333347e7,1.7143256333333343e7,-2.6018350000000037e6
Paris,18,96,60000,3,reachable_union,881fb4618bfffff,2.1100648437500015e7,1.9107771062499944e7,-1.9928773750000708e6
Paris,18,96,60000,3,reachable_union,881fb46191fffff,1.989014707291667e7,1.9575418166666638e7,-314728.9062500335
Paris,18,96,60000,3,reachable_union,881fb46193fffff,2.0817469750000015e7,2.032203621874994e7,-495433.5312500745
Paris,18,96,60000,3,reachable_union,881fb46195fffff,1.8543135927083317e7,1.834648823958331e7,-196647.68750000745
Paris,18,96,60000,3,reachable_union,881fb46197fffff,1.896663979166665e7,1.8432251979166653e7,-534387.8124999963
Paris,18,96,60000,3,reachable_union,881fb46199fffff,2.174234242708335e7,2.1174185645833198e7,-568156.7812501527
Paris,18,96,60000,3,reachable_union,881fb4619bfffff,2.25789021041667e7,2.2071402312499855e7,-507499.7916668467
Paris,18,96,60000,3,reachable_union,881fb4619dfffff,2.0323103187499996e7,1.9459767239583284e7,-863335.9479167126
Paris,18,96,60000,3,reachable_union,881fb461b9fffff,1.9139814562500004e7,1.79369326041667e7,-1.2028819583333023e6
Paris,18,96,60000,3,reachable_union,881fb461bbfffff,1.932984686458335e7,1.8505159562499966e7,-824687.3020833842
Paris,18,96,60000,3,reachable_union,881fb461c3fffff,2.222801222916668e7,1.9359406916666605e7,-2.8686053125000745e6
Paris,18,96,60000,3,reachable_union,881fb461cbfffff,2.1997204864583332e7,1.9021535406249974e7,-2.975669458333358e6
Paris,18,96,60000,3,reachable_union,881fb461d1fffff,2.216890259375003e7,1.9813889499999925e7,-2.3550130937501043e6
Paris,18,96,60000,3,reachable_union,881fb461d3fffff,2.2528305145833362e7,2.1490351239583198e7,-1.0379539062501639e6
Paris,18,96,60000,3,reachable_union,881fb461d5fffff,2.1535624145833354e7,1.901506030208329e7,-2.5205638437500633e6
Paris,18,96,60000,3,reachable_union,881fb461d7fffff,2.0845134854166687e7,1.9802395458333284e7,-1.0427393958334029e6
Paris,18,96,60000,3,reachable_union,881fb461d9fffff,2.300808518750002e7,2.1495737218749862e7,-1.5123479687501565e6
Paris,18,96,60000,3,reachable_union,881fb461dbfffff,2.3068830708333347e7,2.1950499322916556e7,-1.1183313854167908e6
Paris,18,96,60000,3,reachable_union,881fb461ddfffff,2.2526387697916694e7,1.9802619864583246e7,-2.7237678333334476e6
Paris,18,96,60000,3,reachable_union,881fb46201fffff,2.3792947291666634e7,1.8933253520833254e7,-4.8596937708333805e6
Paris,18,96,60000,3,reachable_union,881fb46203fffff,2.396432434374996e7,1.885759377083325e7,-5.106730572916709e6
Paris,18,96,60000,3,reachable_union,881fb46207fffff,2.109925440624997e7,1.696812446874998e7,-4.131129937499989e6
Paris,18,96,60000,3,reachable_union,881fb46209fffff,2.3252911635416623e7,1.7926449874999955e7,-5.326461760416668e6
Paris,18,96,60000,3,reachable_union,881fb4620bfffff,2.4121460708333302e7,1.8877574687499918e7,-5.243886020833384e6
Paris,18,96,60000,3,reachable_union,881fb46211fffff,2.514684234374996e7,1.988552069791657e7,-5.261321645833388e6
Paris,18,96,60000,3,reachable_union,881fb46213fffff,2.4920869562499955e7,2.1279200145833235e7,-3.64166941666672e6
Paris,18,96,60000,3,reachable_union,881fb46215fffff,2.4421483312499963e7,1.951708159374991e7,-4.904401718750052e6
Paris,18,96,60000,3,reachable_union,881fb46217fffff,2.39777828645833e7,2.0815449833333246e7,-3.162333031250052e6
Paris,18,96,60000,3,reachable_union,881fb46219fffff,2.5765952781249978e7,1.8998452781249955e7,-6.767500000000022e6
Paris,18,96,60000,3,reachable_union,881fb4621bfffff,2.586167949999997e7,2.0924795947916653e7,-4.936883552083317e6
Paris,18,96,60000,3,reachable_union,881fb4621dfffff,2.5078432291666623e7,1.8910878312499966e7,-6.167553979166657e6
Paris,18,96,60000,3,reachable_union,881fb46231fffff,2.136504835416664e7,1.9091071270833272e7,-2.2739770833333693e6
Paris,18,96,60000,3,reachable_union,881fb46233fffff,2.2670591447916634e7,2.0585516979166653e7,-2.0850744687499814e6
Paris,18,96,60000,3,reachable_union,881fb46235fffff,2.1681943937499993e7,1.8501486364583276e7,-3.1804575729167163e6
Paris,18,96,60000,3,reachable_union,881fb46237fffff,2.3350913822916653e7,2.0680571156249996e7,-2.6703426666666567e6
Paris,18,96,60000,3,reachable_union,881fb46239fffff,2.3818694489583306e7,1.959315159374994e7,-4.225542895833366e6
Paris,18,96,60000,3,reachable_union,881fb4623bfffff,2.3789179114583302e7,2.112347852083333e7,-2.665700593749974e6
Paris,18,96,60000,3,reachable_union,881fb4623dfffff,2.091285172916666e7,1.754283423958331e7,-3.3700174895833507e6
Paris,18,96,60000,3,reachable_union,881fb46243fffff,2.518706309374996e7,1.8457556093749963e7,-6.729506999999996e6
Paris,18,96,60000,3,reachable_union,881fb4624bfffff,2.2681591739583313e7,1.8223619499999966e7,-4.457972239583347e6
Paris,18,96,60000,3,reachable_union,881fb46251fffff,2.5994607604166634e7,1.862341257291662e7,-7.371195031250015e6
Paris,18,96,60000,3,reachable_union,881fb46253fffff,2.546943921874995e7,1.8786133479166623e7,-6.683305739583328e6
Paris,18,96,60000,3,reachable_union,881fb46255fffff,2.2690583749999985e7,1.6742850593749987e7,-5.947733156249998e6
Paris,18,96,60000,3,reachable_union,881fb46257fffff,2.530196693749995e7,1.8474117447916634e7,-6.827849489583317e6
Paris,18,96,60000,3,reachable_union,881fb46259fffff,2.2786061812499963e7,1.7979250333333317e7,-4.806811479166646e6
Paris,18,96,60000,3,reachable_union,881fb4625bfffff,2.5230011531249948e7,1.8643796677083295e7,-6.586214854166653e6
Paris,18,96,60000,3,reachable_union,881fb4625dfffff,2.423010058333331e7,1.8837332333333302e7,-5.392768250000007e6
Paris,18,96,60000,3,reachable_union,881fb46281fffff,2.3745653770833317e7,1.964644176041664e7,-4.0992120104166754e6
Paris,18,96,60000,3,reachable_union,881fb46283fffff,2.4647255229166634e7,2.0365209593749996e7,-4.282045635416638e6
Paris,18,96,60000,3,reachable_union,881fb46285fffff,2.5642596020833325e7,2.1134079822916705e7,-4.5085161979166195e6
Paris,18,96,60000,3,reachable_union,881fb46287fffff,2.7089770104166612e7,2.198833906250003e7,-5.101431041666582e6
Paris,18,96,60000,3,reachable_union,881fb46289fffff,2.6403866124999963e7,2.1842018104166694e7,-4.561848020833269e6
Paris,18,96,60000,3,reachable_union,881fb4628bfffff,2.6301724770833306e7,2.121288797916666e7,-5.088836791666646e6
Paris,18,96,60000,3,reachable_union,881fb4628dfffff,2.5916163770833302e7,2.180395575000004e7,-4.1122080208332613e6
Paris,18,96,60000,3,reachable_union,881fb46291fffff,2.913005015624998e7,2.286739930208333e7,-6.262650854166653e6
Paris,18,96,60000,3,reachable_union,881fb46293fffff,2.975220736458333e7,2.445506491666668e7,-5.297142447916649e6
Paris,18,96,60000,3,reachable_union,881fb46295fffff,2.8445754958333272e7,2.272069865625003e7,-5.725056302083243e6
Paris,18,96,60000,3,reachable_union,881fb46297fffff,2.9092968427083313e7,2.4211424510416657e7,-4.881543916666657e6
Paris,18,96,60000,3,reachable_union,881fb46299fffff,2.9234183729166657e7,2.3588814947916694e7,-5.645368781249963e6
Paris,18,96,60000,3,reachable_union,881fb4629bfffff,2.967379349999999e7,2.4561542510416675e7,-5.112250989583313e6
Paris,18,96,60000,3,reachable_union,881fb4629dfffff,2.598822547916664e7,2.0597547489583347e7,-5.390677989583295e6
Paris,18,96,60000,3,reachable_union,881fb462a1fffff,2.639171349999999e7,2.1972003416666694e7,-4.419710083333295e6
Paris,18,96,60000,3,reachable_union,881fb462a3fffff,2.6872302458333295e7,2.2013841750000026e7,-4.858460708333269e6
Paris,18,96,60000,3,reachable_union,881fb462a5fffff,2.507181531249998e7,2.1760140312500007e7,-3.311674999999974e6
Paris,18,96,60000,3,reachable_union,881fb462a7fffff,2.6151183843749985e7,2.224554837500002e7,-3.9056354687499665e6
Paris,18,96,60000,3,reachable_union,881fb462a9fffff,2.6658345239583302e7,2.2051603656250022e7,-4.60674158333328e6
Paris,18,96,60000,3,reachable_union,881fb462abfffff,2.7040165635416623e7,2.1972993020833362e7,-5.067172614583261e6
Paris,18,96,60000,3,reachable_union,881fb462adfffff,2.309701446874999e7,1.9586840489583295e7,-3.510173979166694e6
Paris,18,96,60000,3,reachable_union,881fb462b1fffff,2.7924613562499937e7,2.2267413656250015e7,-5.657199906249922e6
Paris,18,96,60000,3,reachable_union,881fb462b3fffff,2.7948453124999963e7,2.4719976135416627e7,-3.228476989583336e6
Paris,18,96,60000,3,reachable_union,881fb462b5fffff,2.715106394791662e7,2.2155713333333343e7,-4.995350614583276e6
Paris,18,96,60000,3,reachable_union,881fb462b7fffff,2.7436789937499963e7,2.419084366666663e7,-3.245946270833332e6
Paris,18,96,60000,3,reachable_union,881fb462b9fffff,2.7846191218749944e7,2.207261753125002e7,-5.7735736874999255e6
Paris,18,96,60000,3,reachable_union,881fb462bbfffff,2.8372719385416616e7,2.3767902875000004e7,-4.604816510416612e6
Paris,18,96,60000,3,reachable_union,881fb462bdfffff,2.725323887499994e7,2.209475562500002e7,-5.158483249999922e6
Paris,18,96,60000,3,reachable_union,881fb462c1fffff,2.7035951177083272e7,2.1954107666666713e7,-5.08184351041656e6
Paris,18,96,60000,3,reachable_union,881fb462c3fffff,2.7058544791666597e7,2.1987888520833377e7,-5.07065627083322e6
Paris,18,96,60000,3,reachable_union,881fb462c5fffff,2.6385232885416627e7,2.2066590125000052e7,-4.318642760416575e6
Paris,18,96,60000,3,reachable_union,881fb462c7fffff,2.68774694791666e7,2.2018185781250022e7,-4.8592836979165785e6
Paris,18,96,60000,3,reachable_union,881fb462c9fffff,2.7068862854166616e7,2.1943893885416716e7,-5.124968968749899e6
Paris,18,96,60000,3,reachable_union,881fb462cbfffff,2.7553542718749944e7,2.18563362916667e7,-5.697206427083243e6
Paris,18,96,60000,3,reachable_union,881fb462cdfffff,2.5991775562499978e7,2.184075575e7,-4.1510198124999776e6
Paris,18,96,60000,3,reachable_union,881fb462d1fffff,2.7302915864583287e7,2.117791039583336e7,-6.125005468749929e6
Paris,18,96,60000,3,reachable_union,881fb462d3fffff,2.742865683333329e7,2.1444316104166683e7,-5.984340729166608e6
Paris,18,96,60000,3,reachable_union,881fb462d5fffff,2.496075430208329e7,1.9127525322916668e7,-5.833228979166623e6
Paris,18,96,60000,3,reachable_union,881fb462d7fffff,2.6914766468749966e7,2.068443646874997e7,-6.230329999999996e6
Paris,18,96,60000,3,reachable_union,881fb462d9fffff,2.8222542520833313e7,2.2026478875000022e7,-6.196063645833291e6
Paris,18,96,60000,3,reachable_union,881fb462dbfffff,2.78316932083333e7,2.1874822770833343e7,-5.956870437499955e6
Paris,18,96,60000,3,reachable_union,881fb462ddfffff,2.799554218749996e7,2.2225969083333388e7,-5.769573104166571e6
Paris,18,96,60000,3,reachable_union,881fb462e1fffff,2.5235354937499955e7,2.179084496875002e7,-3.4445099687499367e6
Paris,18,96,60000,3,reachable_union,881fb462e3fffff,2.5523364802083276e7,2.1718936156250034e7,-3.8044286458332427e6
Paris,18,96,60000,3,reachable_union,881fb462e5fffff,2.464489874999994e7,2.1891262260416675e7,-2.753636489583265e6
Paris,18,96,60000,3,reachable_union,881fb462e7fffff,2.605695902083334e7,2.1889008520833313e7,-4.167950500000026e6
Paris,18,96,60000,3,reachable_union,881fb462e9fffff,2.542851761458336e7,2.1974253343749974e7,-3.4542642708333842e6
Paris,18,96,60000,3,reachable_union,881fb462ebfffff,2.6462490812500007e7,2.2035190604166653e7,-4.427300208333354e6
Paris,18,96,60000,3,reachable_union,881fb462edfffff,2.4077492395833354e7,2.1884152406249963e7,-2.1933399895833917e6
Paris,18,96,60000,3,reachable_union,881fb46401fffff,2.8402213020833287e7,2.06835912083333e7,-7.718621812499989e6
Paris,18,96,60000,3,reachable_union,881fb46403fffff,2.794342062499993e7,2.0575360833333306e7,-7.368059791666623e6
Paris,18,96,60000,3,reachable_union,881fb46405fffff,2.7224739468749963e7,2.020761343750001e7,-7.017126031249952e6
Paris,18,96,60000,3,reachable_union,881fb46407fffff,2.740708276041661e7,2.040701947916666e7,-7.000063281249948e6
Paris,18,96,60000,3,reachable_union,881fb46409fffff,2.9140417010416657e7,2.097987189583333e7,-8.160545114583328e6
Paris,18,96,60000,3,reachable_union,881fb4640bfffff,2.849360928124996e7,2.068523828124996e7,-7.808371e6
Paris,18,96,60000,3,reachable_union,881fb4640dfffff,2.9205899437499993e7,2.1162872687499948e7,-8.043026750000045e6
Paris,18,96,60000,3,reachable_union,881fb46411fffff,2.589162721874997e7,1.9400099625000045e7,-6.4915275937499255e6
Paris,18,96,60000,3,reachable_union,881fb46413fffff,2.41348046458333e7,1.9049903958333373e7,-5.0849006874999255e6
Paris,18,96,60000,3,reachable_union,881fb46415fffff,2.649218690624996e7,1.987468937499997e7,-6.617497531249989e6
Paris,18,96,60000,3,reachable_union,881fb46417fffff,2.5733237989583295e7,1.966669599999999e7,-6.066541989583306e6
Paris,18,96,60000,3,reachable_union,881fb46419fffff,2.781566673958328e7,1.9985786541666638e7,-7.829880197916642e6
Paris,18,96,60000,3,reachable_union,881fb4641bfffff,2.4175920812499985e7,1.802910778125002e7,-6.1468130312499665e6
Paris,18,96,60000,3,reachable_union,881fb4641dfffff,2.6447974395833287e7,1.987026026041666e7,-6.577714135416627e6
Paris,18,96,60000,3,reachable_union,881fb46421fffff,2.6437757562499955e7,1.966279666666667e7,-6.774960895833284e6
Paris,18,96,60000,3,reachable_union,881fb46423fffff,2.578502216666663e7,1.9639746197916634e7,-6.145275968749996e6
Paris,18,96,60000,3,reachable_union,881fb46425fffff,2.7187772458333306e7,2.0270425458333317e7,-6.917346999999989e6
Paris,18,96,60000,3,reachable_union,881fb46427fffff,2.5049101052083276e7,1.9543292489583373e7,-5.505808562499903e6
Paris,18,96,60000,3,reachable_union,881fb46429fffff,2.8387674791666627e7,2.0338524906249963e7,-8.049149885416664e6
Paris,18,96,60000,3,reachable_union,881fb4642bfffff,2.7991532218749955e7,2.0315989583333302e7,-7.675542635416653e6
Paris,18,96,60000,3,reachable_union,881fb4642dfffff,2.754099205208329e7,1.9938493739583325e7,-7.6024983124999665e6
Paris,18,96,60000,3,reachable_union,881fb46431fffff,2.680673623958331e7,1.9548860177083362e7,-7.257876062499948e6
Paris,18,96,60000,3,reachable_union,881fb46433fffff,2.8081326854166616e7,1.9641634760416675e7,-8.43969209374994e6
Paris,18,96,60000,3,reachable_union,881fb46435fffff,2.6412498593749974e7,1.9622418166666675e7,-6.790080427083299e6
Paris,18,96,60000,3,reachable_union,881fb46437fffff,2.671858277083333e7,1.9312274468750015e7,-7.406308302083313e6
Paris,18,96,60000,3,reachable_union,881fb46439fffff,2.6584895135416638e7,1.97305956875e7,-6.854299447916638e6
Paris,18,96,60000,3,reachable_union,881fb4643bfffff,2.707310868749996e7,1.9794607374999985e7,-7.278501312499974e6
Paris,18,96,60000,3,reachable_union,881fb4643dfffff,2.59407438958333e7,1.9575388000000022e7,-6.365355895833276e6
Paris,18,96,60000,3,reachable_union,881fb46441fffff,3.124537585416669e7,2.531753814583322e7,-5.92783770833347e6
Paris,18,96,60000,3,reachable_union,881fb46443fffff,3.0620492562499996e7,2.3153218927083284e7,-7.467273635416713e6
Paris,18,96,60000,3,reachable_union,881fb46445fffff,3.0609726614583325e7,2.397140622916658e7,-6.638320385416746e6
Paris,18,96,60000,3,reachable_union,881fb46447fffff,3.0268745864583325e7,2.306912412499992e7,-7.199621739583403e6
Paris,18,96,60000,3,reachable_union,881fb46449fffff,3.139040363541668e7,2.4829444718749907e7,-6.560958916666772e6
Paris,18,96,60000,3,reachable_union,881fb4644bfffff,3.0937139927083343e7,2.4165577916666556e7,-6.771562010416787e6
Paris,18,96,60000,3,reachable_union,881fb4644dfffff,3.1189690062500026e7,2.5088620531249885e7,-6.101069531250142e6
Paris,18,96,60000,3,reachable_union,881fb46451fffff,2.9843120395833336e7,2.0641304041666616e7,-9.20181635416672e6
Paris,18,96,60000,3,reachable_union,881fb46453fffff,2.8577362947916616e7,2.0235451833333336e7,-8.34191111458328e6
Paris,18,96,60000,3,reachable_union,881fb46455fffff,3.0344363468749996e7,2.1385193447916657e7,-8.95917002083334e6
Paris,18,96,60000,3,reachable_union,881fb46457fffff,2.9234269166666653e7,2.056533560416661e7,-8.668933562500045e6
Paris,18,96,60000,3,reachable_union,881fb46459fffff,2.9955616624999996e7,2.163449672916665e7,-8.321119895833347e6
Paris,18,96,60000,3,reachable_union,881fb4645bfffff,2.9265187677083332e7,2.078413384374999e7,-8.481053833333343e6
Paris,18,96,60000,3,reachable_union,881fb4645dfffff,3.0574044833333332e7,2.2049542291666653e7,-8.52450254166668e6
Paris,18,96,60000,3,reachable_union,881fb46461fffff,2.9360563656250004e7,2.0853007781249948e7,-8.507555875000056e6
Paris,18,96,60000,3,reachable_union,881fb46463fffff,2.894595276041664e7,2.072817883333328e7,-8.217773927083362e6
Paris,18,96,60000,3,reachable_union,881fb46465fffff,2.897753155208331e7,2.2835298791666657e7,-6.142232760416653e6
Paris,18,96,60000,3,reachable_union,881fb46467fffff,2.8613014458333306e7,2.0787601895833276e7,-7.82541256250003e6
Paris,18,96,60000,3,reachable_union,881fb46469fffff,3.016274604166667e7,2.2860272864583347e7,-7.302473177083325e6
Paris,18,96,60000,3,reachable_union,881fb4646bfffff,2.9848955322916683e7,2.120819695833326e7,-8.640758364583421e6
Paris,18,96,60000,3,reachable_union,881fb4646dfffff,3.0029072843749996e7,2.3313038520833295e7,-6.716034322916701e6
Paris,18,96,60000,3,reachable_union,881fb46481fffff,2.5143209187499963e7,1.7393963697916735e7,-7.749245489583228e6
Paris,18,96,60000,3,reachable_union,881fb46483fffff,2.4247487802083302e7,1.7406383552083373e7,-6.841104249999929e6
Paris,18,96,60000,3,reachable_union,881fb46485fffff,2.4708413718749974e7,1.734766655208339e7,-7.360747166666582e6
Paris,18,96,60000,3,reachable_union,881fb46487fffff,2.289145747916664e7,1.71133173541667e7,-5.77814012499994e6
Paris,18,96,60000,3,reachable_union,881fb46489fffff,2.4646207718749978e7,1.729324679166673e7,-7.352960927083246e6
Paris,18,96,60000,3,reachable_union,881fb4648bfffff,2.4174878468749985e7,1.7233274479166728e7,-6.941603989583258e6
Paris,18,96,60000,3,reachable_union,881fb4648dfffff,2.4901518124999978e7,1.7492667375000037e7,-7.40885074999994e6
Paris,18,96,60000,3,reachable_union,881fb46491fffff,2.3915179052083302e7,1.7567736541666687e7,-6.347442510416616e6
Paris,18,96,60000,3,reachable_union,881fb46493fffff,2.3124863656249978e7,1.748577642708338e7,-5.639087229166597e6
Paris,18,96,60000,3,reachable_union,881fb46495fffff,2.2425494822916638e7,1.7054477802083384e7,-5.371017020833254e6
Paris,18,96,60000,3,reachable_union,881fb46497fffff,2.2244612552083313e7,1.689330985416666e7,-5.351302697916653e6
Paris,18,96,60000,3,reachable_union,881fb46499fffff,2.3684967010416683e7,1.7585699927083354e7,-6.099267083333328e6
Paris,18,96,60000,3,reachable_union,881fb4649bfffff,2.391701407291668e7,1.781105316666666e7,-6.105960906250019e6
Paris,18,96,60000,3,reachable_union,881fb4649dfffff,2.3287948656250022e7,1.6618540187499987e7,-6.669408468750035e6
Paris,18,96,60000,3,reachable_union,881fb464a1fffff,2.432032858333333e7,1.7059934927083325e7,-7.260393656250004e6
Paris,18,96,60000,3,reachable_union,881fb464a3fffff,2.288408988541667e7,1.691013391666665e7,-5.973955968750022e6
Paris,18,96,60000,3,reachable_union,881fb464a5fffff,2.4237828708333332e7,1.7556859947916653e7,-6.680968760416679e6
Paris,18,96,60000,3,reachable_union,881fb464a7fffff,2.347370114583333e7,1.7320605999999993e7,-6.153095145833336e6
Paris,18,96,60000,3,reachable_union,881fb464a9fffff,2.4849183864583313e7,1.745236119791667e7,-7.396822666666642e6
Paris,18,96,60000,3,reachable_union,881fb464abfffff,2.3031866604166675e7,1.7012119062499996e7,-6.019747541666679e6
Paris,18,96,60000,3,reachable_union,881fb464adfffff,2.5006338052083295e7,1.7501553343749978e7,-7.504784708333317e6
Paris,18,96,60000,3,reachable_union,881fb464b1fffff,2.1933044635416664e7,1.736632958333334e7,-4.566715052083325e6
Paris,18,96,60000,3,reachable_union,881fb464b3fffff,2.167637201041666e7,1.723404122916667e7,-4.442330781249989e6
Paris,18,96,60000,3,reachable_union,881fb464b5fffff,2.1794303197916664e7,1.7286393843749996e7,-4.507909354166668e6
Paris,18,96,60000,3,reachable_union,881fb464b7fffff,2.167620811458332e7,1.723286192708334e7,-4.443346187499981e6
Paris,18,96,60000,3,reachable_union,881fb464b9fffff,2.2666970666666683e7,1.6550588125000017e7,-6.116382541666666e6
Paris,18,96,60000,3,reachable_union,881fb464bbfffff,2.2198674770833347e7,1.721406511458336e7,-4.984609656249989e6
Paris,18,96,60000,3,reachable_union,881fb464bdfffff,2.2853681916666675e7,1.736428881250001e7,-5.489393104166664e6
Paris,18,96,60000,3,reachable_union,881fb464c1fffff,2.5133051031249996e7,1.8281635937499996e7,-6.85141509375e6
Paris,18,96,60000,3,reachable_union,881fb464c3fffff,2.4523427624999996e7,1.7107672479166664e7,-7.415755145833332e6
Paris,18,96,60000,3,reachable_union,881fb464c5fffff,2.50849385208333e7,1.8625463166666668e7,-6.459475354166631e6
Paris,18,96,60000,3,reachable_union,881fb464c7fffff,2.5823850354166657e7,1.837183410416666e7,-7.452016249999996e6
Paris,18,96,60000,3,reachable_union,881fb464c9fffff,2.5618706281249993e7,1.8530654302083347e7,-7.088051979166646e6
Paris,18,96,60000,3,reachable_union,881fb464cbfffff,2.5145936624999985e7,1.7899615177083373e7,-7.246321447916612e6
Paris,18,96,60000,3,reachable_union,881fb464cdfffff,2.3481408177083354e7,1.7575714666666664e7,-5.90569351041669e6
Paris,18,96,60000,3,reachable_union,881fb464d1fffff,2.2614044479166675e7,1.6730329406249965e7,-5.883715072916711e6
Paris,18,96,60000,3,reachable_union,881fb464d3fffff,2.3511325770833343e7,1.740158334375001e7,-6.109742427083332e6
Paris,18,96,60000,3,reachable_union,881fb464d5fffff,2.3826650927083332e7,1.710396995833334e7,-6.722680968749993e6
Paris,18,96,60000,3,reachable_union,881fb464d7fffff,2.3718809677083332e7,1.7331760500000022e7,-6.38704917708331e6
Paris,18,96,60000,3,reachable_union,881fb464d9fffff,2.6196321239583347e7,1.8878050666666675e7,-7.318270572916672e6
Paris,18,96,60000,3,reachable_union,881fb464dbfffff,2.5022414197916675e7,1.7504004156249996e7,-7.518410041666679e6
Paris,18,96,60000,3,reachable_union,881fb464ddfffff,2.3345632750000015e7,1.7276604322916687e7,-6.069028427083328e6
Paris,18,96,60000,3,reachable_union,881fb464e1fffff,2.555546557291664e7,1.8685674239583317e7,-6.869791333333325e6
Paris,18,96,60000,3,reachable_union,881fb464e3fffff,2.4618554364583325e7,1.7351250843750007e7,-7.267303520833317e6
Paris,18,96,60000,3,reachable_union,881fb464e5fffff,2.6718437666666657e7,1.9093268302083332e7,-7.625169364583325e6
Paris,18,96,60000,3,reachable_union,881fb464e7fffff,2.566005647916665e7,1.7788010656249996e7,-7.872045822916653e6
Paris,18,96,60000,3,reachable_union,881fb464e9fffff,2.56393683333333e7,1.913782826041665e7,-6.501540072916649e6
Paris,18,96,60000,3,reachable_union,881fb464ebfffff,2.4813320281249996e7,1.7482523656250015e7,-7.330796624999981e6
Paris,18,96,60000,3,reachable_union,881fb464edfffff,2.6304595656249974e7,1.9419946031249966e7,-6.884649625000007e6
Paris,18,96,60000,3,reachable_union,881fb46501fffff,2.605425962499999e7,2.1570115041666646e7,-4.484144583333343e6
Paris,18,96,60000,3,reachable_union,881fb46503fffff,2.6139436031250007e7,2.1601109041666668e7,-4.53832698958334e6
Paris,18,96,60000,3,reachable_union,881fb46505fffff,2.5785257072916653e7,2.182410860416665e7,-3.9611484687500037e6
Paris,18,96,60000,3,reachable_union,881fb46507fffff,2.497955130208333e7,2.0830024958333302e7,-4.149526343750026e6
Paris,18,96,60000,3,reachable_union,881fb46509fffff,2.6750281802083336e7,2.146107197916667e7,-5.289209822916664e6
Paris,18,96,60000,3,reachable_union,881fb4650bfffff,2.7522926656249993e7,2.1721995468749985e7,-5.800931187500007e6
Paris,18,96,60000,3,reachable_union,881fb4650dfffff,2.6305105302083336e7,2.175791294791666e7,-4.547192354166675e6
Paris,18,96,60000,3,reachable_union,881fb46511fffff,2.5432391552083347e7,2.053236762499996e7,-4.900023927083388e6
Paris,18,96,60000,3,reachable_union,881fb46513fffff,2.409396684375001e7,1.9730105833333317e7,-4.363861010416694e6
Paris,18,96,60000,3,reachable_union,881fb46515fffff,2.538211223958335e7,2.1400678979166646e7,-3.981433260416705e6
Paris,18,96,60000,3,reachable_union,881fb46517fffff,2.4228506020833332e7,2.149095713541665e7,-2.737548885416683e6
Paris,18,96,60000,3,reachable_union,881fb46519fffff,2.639401763541668e7,2.0108224072916612e7,-6.285793562500067e6
Paris,18,96,60000,3,reachable_union,881fb4651bfffff,2.5824596468749985e7,1.9794882770833325e7,-6.02971369791666e6
Paris,18,96,60000,3,reachable_union,881fb4651dfffff,2.6257376968750004e7,2.1615291552083332e7,-4.642085416666672e6
Paris,18,96,60000,3,reachable_union,881fb46521fffff,2.4520590177083377e7,2.1791173927083336e7,-2.729416250000041e6
Paris,18,96,60000,3,reachable_union,881fb46523fffff,2.3569531541666713e7,2.129572632291666e7,-2.273805218750052e6
Paris,18,96,60000,3,reachable_union,881fb46525fffff,2.47630030729167e7,2.2122806687499985e7,-2.6401963854167163e6
Paris,18,96,60000,3,reachable_union,881fb46527fffff,2.4416313083333388e7,2.1742310583333317e7,-2.674002500000071e6
Paris,18,96,60000,3,reachable_union,881fb46529fffff,2.5497493072916668e7,2.17856581875e7,-3.711834885416668e6
Paris,18,96,60000,3,reachable_union,881fb4652bfffff,2.5071818239583325e7,2.163616554166664e7,-3.435652697916683e6
Paris,18,96,60000,3,reachable_union,881fb4652dfffff,2.461012431250005e7,2.223121549999997e7,-2.378908812500078e6
Paris,18,96,60000,3,reachable_union,881fb46531fffff,2.4815076947916675e7,2.1186436749999974e7,-3.6286401979167014e6
Paris,18,96,60000,3,reachable_union,881fb46533fffff,2.452475347916666e7,2.1601703270833336e7,-2.9230502083333246e6
Paris,18,96,60000,3,reachable_union,881fb46535fffff,2.4774729364583332e7,2.1702044114583347e7,-3.072685249999985e6
Paris,18,96,60000,3,reachable_union,881fb46537fffff,2.5725226374999985e7,2.1858142875000015e7,-3.86708349999997e6
Paris,18,96,60000,3,reachable_union,881fb46539fffff,2.6598926145833317e7,2.170675571875001e7,-4.892170427083306e6
Paris,18,96,60000,3,reachable_union,881fb4653bfffff,2.4584855427083325e7,2.171947671874995e7,-2.865378708333373e6
Paris,18,96,60000,3,reachable_union,881fb4653dfffff,2.5294285770833317e7,2.1567721635416605e7,-3.7265641354167126e6
Paris,18,96,60000,3,reachable_union,881fb46541fffff,2.7949234125000004e7,2.242402029166659e7,-5.525213833333414e6
Paris,18,96,60000,3,reachable_union,881fb46543fffff,2.8348947906249985e7,2.3314636708333272e7,-5.034311197916713e6
Paris,18,96,60000,3,reachable_union,881fb46545fffff,2.724926478124999e7,2.1998212416666597e7,-5.251052364583392e6
Paris,18,96,60000,3,reachable_union,881fb46547fffff,2.748573816666666e7,2.1886176010416605e7,-5.599562156250056e6
Paris,18,96,60000,3,reachable_union,881fb46549fffff,2.8557873354166657e7,2.475093458333324e7,-3.806938770833418e6
Paris,18,96,60000,3,reachable_union,881fb4654bfffff,2.868882483333331e7,2.4672043156249925e7,-4.0167816770833842e6
Paris,18,96,60000,3,reachable_union,881fb4654dfffff,2.794946904166666e7,2.3608734739583287e7,-4.340734302083373e6
Paris,18,96,60000,3,reachable_union,881fb46551fffff,2.7709272885416634e7,2.1571041208333272e7,-6.138231677083362e6
Paris,18,96,60000,3,reachable_union,881fb46553fffff,2.786645874999998e7,1.9919115322916634e7,-7.947343427083347e6
Paris,18,96,60000,3,reachable_union,881fb46555fffff,2.7035543916666634e7,2.2025190531249944e7,-5.01035338541669e6
Paris,18,96,60000,3,reachable_union,881fb46557fffff,2.7067365020833284e7,2.1722919041666627e7,-5.344445979166657e6
Paris,18,96,60000,3,reachable_union,881fb46559fffff,2.8606061614583306e7,2.35912525104166e7,-5.014809104166705e6
Paris,18,96,60000,3,reachable_union,881fb4655bfffff,2.8439983885416657e7,2.0582689177083258e7,-7.857294708333399e6
Paris,18,96,60000,3,reachable_union,881fb4655dfffff,2.8713585177083302e7,2.3746795072916623e7,-4.966790104166679e6
Paris,18,96,60000,3,reachable_union,881fb46561fffff,2.6876152135416668e7,2.2591268364583287e7,-4.2848837708333805e6
Paris,18,96,60000,3,reachable_union,881fb46563fffff,2.6073582260416675e7,2.19909623229166e7,-4.0826199375000745e6
Paris,18,96,60000,3,reachable_union,881fb46565fffff,2.5076803604166705e7,2.1719199468749918e7,-3.357604135416787e6
Paris,18,96,60000,3,reachable_union,881fb46567fffff,2.564024510416668e7,2.222531937499995e7,-3.4149257291667275e6
Paris,18,96,60000,3,reachable_union,881fb46569fffff,2.6264867718750007e7,2.2059724177083287e7,-4.20514354166672e6
Paris,18,96,60000,3,reachable_union,881fb4656bfffff,2.6650610781249996e7,2.202740342708328e7,-4.623207354166716e6
Paris,18,96,60000,3,reachable_union,881fb4656dfffff,2.5851103197916698e7,2.2376927187499925e7,-3.474176010416772e6
Paris,18,96,60000,3,reachable_union,881fb46581fffff,2.510812568749997e7,1.70912208125e7,-8.01690487499997e6
Paris,18,96,60000,3,reachable_union,881fb46583fffff,2.279702219791665e7,1.5295416333333306e7,-7.501605864583343e6
Paris,18,96,60000,3,reachable_union,881fb46585fffff,2.555017212499997e7,1.8155376812499978e7,-7.394795312499993e6
Paris,18,96,60000,3,reachable_union,881fb46587fffff,2.4109955020833317e7,1.7167155427083366e7,-6.942799593749952e6
Paris,18,96,60000,3,reachable_union,881fb46589fffff,2.479665079166664e7,1.7206416906250026e7,-7.590233885416616e6
Paris,18,96,60000,3,reachable_union,881fb4658bfffff,2.2683626031249978e7,1.5626780249999976e7,-7.056845781250002e6
Paris,18,96,60000,3,reachable_union,881fb4658dfffff,2.4702783197916646e7,1.7394089604166698e7,-7.308693593749948e6
Paris,18,96,60000,3,reachable_union,881fb46591fffff,2.394738655208333e7,1.6662040677083293e7,-7.285345875000035e6
Paris,18,96,60000,3,reachable_union,881fb46593fffff,2.3457668833333317e7,1.7286019364583332e7,-6.171649468749985e6
Paris,18,96,60000,3,reachable_union,881fb46595fffff,2.4070698833333317e7,1.6942468125e7,-7.128230708333317e6
Paris,18,96,60000,3,reachable_union,881fb46597fffff,2.1342055666666653e7,1.5468938749999996e7,-5.873116916666657e6
Paris,18,96,60000,3,reachable_union,881fb46599fffff,2.462716135416665e7,1.7171646843749993e7,-7.455514510416657e6
Paris,18,96,60000,3,reachable_union,881fb4659bfffff,2.3498071677083313e7,1.743941004166667e7,-6.058661635416642e6
Paris,18,96,60000,3,reachable_union,881fb4659dfffff,2.5900353624999966e7,1.7750605135416653e7,-8.149748489583313e6
Paris,18,96,60000,3,reachable_union,881fb465a1fffff,2.310273624999997e7,1.6766936645833325e7,-6.335799604166646e6
Paris,18,96,60000,3,reachable_union,881fb465a3fffff,2.3295783656249963e7,1.6758770708333332e7,-6.537012947916631e6
Paris,18,96,60000,3,reachable_union,881fb465a5fffff,2.299992576041664e7,1.695872921875001e7,-6.041196541666631e6
Paris,18,96,60000,3,reachable_union,881fb465a7fffff,2.2667831322916634e7,1.6621962593749998e7,-6.045868729166636e6
Paris,18,96,60000,3,reachable_union,881fb465a9fffff,2.4036931322916657e7,1.7042952197916668e7,-6.993979124999989e6
Paris,18,96,60000,3,reachable_union,881fb465abfffff,2.414116828124997e7,1.719027600000003e7,-6.95089228124994e6
Paris,18,96,60000,3,reachable_union,881fb465adfffff,2.283728488541663e7,1.6829274385416668e7,-6.008010499999963e6
Paris,18,96,60000,3,reachable_union,881fb465b1fffff,2.2159612499999966e7,1.6393357083333313e7,-5.766255416666653e6
Paris,18,96,60000,3,reachable_union,881fb465b3fffff,2.278441244791663e7,1.7035074406250015e7,-5.749338041666616e6
Paris,18,96,60000,3,reachable_union,881fb465b5fffff,2.3004455802083295e7,1.6841952770833343e7,-6.162503031249952e6
Paris,18,96,60000,3,reachable_union,881fb465b7fffff,2.3519537395833284e7,1.6797772083333343e7,-6.72176531249994e6
Paris,18,96,60000,3,reachable_union,881fb465b9fffff,2.174212209374998e7,1.597623684374996e7,-5.7658852500000205e6
Paris,18,96,60000,3,reachable_union,881fb465bbfffff,2.123637510416664e7,1.5216967083333327e7,-6.019408020833315e6
Paris,18,96,60000,3,reachable_union,881fb465bdfffff,2.362525634374997e7,1.7053467718750007e7,-6.571788624999963e6
Paris,18,96,60000,3,reachable_union,881fb465c1fffff,2.530148455208331e7,1.8966869229166616e7,-6.334615322916694e6
Paris,18,96,60000,3,reachable_union,881fb465c3fffff,2.4064474177083325e7,1.815594336458333e7,-5.908530812499996e6
Paris,18,96,60000,3,reachable_union,881fb465c5fffff,2.4813033531249974e7,1.7804177895833325e7,-7.008855635416649e6
Paris,18,96,60000,3,reachable_union,881fb465c7fffff,2.651272537499996e7,1.946404799999995e7,-7.048677375000007e6
Paris,18,96,60000,3,reachable_union,881fb465c9fffff,2.5679748468749955e7,1.9128465645833325e7,-6.551282822916631e6
Paris,18,96,60000,3,reachable_union,881fb465cbfffff,2.5627139302083317e7,1.9185813156249985e7,-6.441326145833332e6
Paris,18,96,60000,3,reachable_union,881fb465cdfffff,2.5444214166666627e7,1.9489353520833295e7,-5.954860645833332e6
Paris,18,96,60000,3,reachable_union,881fb465d1fffff,2.7071091947916634e7,1.876351904166664e7,-8.307572906249993e6
Paris,18,96,60000,3,reachable_union,881fb465d3fffff,2.4899768177083302e7,1.75291295e7,-7.370638677083302e6
Paris,18,96,60000,3,reachable_union,881fb465d5fffff,2.5234700510416627e7,1.7280616020833362e7,-7.954084489583265e6
Paris,18,96,60000,3,reachable_union,881fb465d7fffff,2.344734003125e7,1.682593775000001e7,-6.621402281249989e6
Paris,18,96,60000,3,reachable_union,881fb465d9fffff,2.7423516562499993e7,1.92768589895833e7,-8.146657572916694e6
Paris,18,96,60000,3,reachable_union,881fb465dbfffff,2.582839682291664e7,1.7965904645833302e7,-7.86249217708334e6
Paris,18,96,60000,3,reachable_union,881fb465ddfffff,2.621011782291662e7,1.846581537499999e7,-7.744302447916631e6
Paris,18,96,60000,3,reachable_union,881fb465e1fffff,2.3397762812499974e7,1.8072242687499974e7,-5.325520125e6
Paris,18,96,60000,3,reachable_union,881fb465e3fffff,2.48277445208333e7,1.725382764583331e7,-7.573916874999989e6
Paris,18,96,60000,3,reachable_union,881fb465e5fffff,2.2530261197916627e7,1.7203959333333336e7,-5.326301864583291e6
Paris,18,96,60000,3,reachable_union,881fb465e7fffff,2.440866030208331e7,1.7156630666666657e7,-7.252029635416653e6
Paris,18,96,60000,3,reachable_union,881fb465e9fffff,2.1987664229166664e7,1.7531152041666627e7,-4.456512187500037e6
Paris,18,96,60000,3,reachable_union,881fb465ebfffff,2.4478565395833302e7,1.6965990750000034e7,-7.512574645833269e6
Paris,18,96,60000,3,reachable_union,881fb465edfffff,2.332493038541665e7,2.0665994843749948e7,-2.6589355416667014e6
Paris,18,96,60000,3,reachable_union,881fb46601fffff,3.2463328416666698e7,2.989204666666677e7,-2.571281749999929e6
Paris,18,96,60000,3,reachable_union,881fb46603fffff,3.1500387010416687e7,2.768520646875005e7,-3.815180541666638e6
Paris,18,96,60000,3,reachable_union,881fb46605fffff,3.3282371364583373e7,3.1728419302083366e7,-1.5539520625000075e6
Paris,18,96,60000,3,reachable_union,881fb46607fffff,3.2200467812500026e7,2.7892519729166742e7,-4.307948083333284e6
Paris,18,96,60000,3,reachable_union,881fb46609fffff,3.2658892510416705e7,3.0764709458333436e7,-1.8941830520832688e6
Paris,18,96,60000,3,reachable_union,881fb4660bfffff,3.1871253791666713e7,2.836082348958339e7,-3.510430302083321e6
Paris,18,96,60000,3,reachable_union,881fb4660dfffff,3.386076258333338e7,3.323892586458336e7,-621836.7187500224
Paris,18,96,60000,3,reachable_union,881fb46611fffff,3.011304663541669e7,2.4549483666666664e7,-5.563562968750026e6
Paris,18,96,60000,3,reachable_union,881fb46613fffff,2.9871563572916675e7,2.2498493135416716e7,-7.373070437499959e6
Paris,18,96,60000,3,reachable_union,881fb46615fffff,3.0744026135416675e7,2.510517570833334e7,-5.638850427083336e6
Paris,18,96,60000,3,reachable_union,881fb46617fffff,2.9771061760416646e7,2.3318454333333317e7,-6.452607427083328e6
Paris,18,96,60000,3,reachable_union,881fb46619fffff,3.031691021875003e7,2.3921899854166653e7,-6.395010364583377e6
Paris,18,96,60000,3,reachable_union,881fb4661bfffff,2.9235088177083332e7,2.2030548697916687e7,-7.204539479166646e6
Paris,18,96,60000,3,reachable_union,881fb4661dfffff,3.096203868750002e7,2.640871750000007e7,-4.553321187499948e6
Paris,18,96,60000,3,reachable_union,881fb46621fffff,3.1498096322916698e7,2.5655028166666687e7,-5.843068156250011e6
Paris,18,96,60000,3,reachable_union,881fb46623fffff,3.17256646041667e7,2.5951058864583336e7,-5.774605739583366e6
Paris,18,96,60000,3,reachable_union,881fb46625fffff,3.2164807427083373e7,2.568302803124995e7,-6.4817793958334215e6
Paris,18,96,60000,3,reachable_union,881fb46627fffff,3.147242918750002e7,2.527889981249994e7,-6.193529375000078e6
Paris,18,96,60000,3,reachable_union,881fb46629fffff,3.255646579166671e7,2.8996634895833325e7,-3.5598308958333842e6
Paris,18,96,60000,3,reachable_union,881fb4662bfffff,3.2421984343750037e7,2.838256726041671e7,-4.0394170833333284e6
Paris,18,96,60000,3,reachable_union,881fb4662dfffff,3.2428456375000034e7,2.7900014010416653e7,-4.5284423645833805e6
Paris,18,96,60000,3,reachable_union,881fb46631fffff,3.088195987500002e7,2.3430256531249996e7,-7.451703343750022e6
Paris,18,96,60000,3,reachable_union,881fb46633fffff,2.931602329166667e7,2.2034896729166687e7,-7.281126562499985e6
Paris,18,96,60000,3,reachable_union,881fb46635fffff,3.1108692395833354e7,2.422158207291664e7,-6.887110322916713e6
Paris,18,96,60000,3,reachable_union,881fb46637fffff,3.0578315364583343e7,2.298354414583336e7,-7.594771218749985e6
Paris,18,96,60000,3,reachable_union,881fb46639fffff,3.144355193750002e7,2.5942381333333407e7,-5.501170604166612e6
Paris,18,96,60000,3,reachable_union,881fb4663bfffff,3.0121446322916638e7,2.355402893750001e7,-6.567417385416627e6
Paris,18,96,60000,3,reachable_union,881fb4663dfffff,3.1799412302083366e7,2.5877172697916668e7,-5.922239604166698e6
Paris,18,96,60000,3,reachable_union,881fb46641fffff,3.03445585416667e7,2.5963655541666698e7,-4.380903000000004e6
Paris,18,96,60000,3,reachable_union,881fb46643fffff,3.1641952083333343e7,2.719465577083344e7,-4.447296312499903e6
Paris,18,96,60000,3,reachable_union,881fb46645fffff,3.237041357291671e7,2.7955869197916735e7,-4.414544374999974e6
Paris,18,96,60000,3,reachable_union,881fb46647fffff,3.2371401291666698e7,3.12180794791667e7,-1.1533218124999963e6
Paris,18,96,60000,3,reachable_union,881fb46649fffff,2.962204232291667e7,2.4051186447916653e7,-5.570855875000019e6
Paris,18,96,60000,3,reachable_union,881fb4664bfffff,3.093239746875002e7,2.536021272916671e7,-5.57218473958331e6
Paris,18,96,60000,3,reachable_union,881fb4664dfffff,3.166025161458338e7,2.6338543375000034e7,-5.321708239583347e6
Paris,18,96,60000,3,reachable_union,881fb46651fffff,3.0665903739583354e7,2.4564372885416683e7,-6.101530854166672e6
Paris,18,96,60000,3,reachable_union,881fb46653fffff,2.9537790395833362e7,2.3114840552083384e7,-6.422949843749978e6
Paris,18,96,60000,3,reachable_union,881fb46655fffff,3.1359177687500026e7,2.6893447041666772e7,-4.465730645833254e6
Paris,18,96,60000,3,reachable_union,881fb46657fffff,3.124539711458335e7,2.61660177395834e7,-5.079379374999952e6
Paris,18,96,60000,3,reachable_union,881fb46659fffff,3.0273876729166683e7,2.2994960895833343e7,-7.27891583333334e6
Paris,18,96,60000,3,reachable_union,881fb4665bfffff,2.977864148958336e7,2.2635264552083407e7,-7.143376937499952e6
Paris,18,96,60000,3,reachable_union,881fb4665dfffff,3.1891807406250034e7,2.6945719958333403e7,-4.946087447916631e6
Paris,18,96,60000,3,reachable_union,881fb46661fffff,3.2226915020833377e7,2.8515050864583407e7,-3.71186415624997e6
Paris,18,96,60000,3,reachable_union,881fb46663fffff,3.2971800041666698e7,3.024818956250009e7,-2.7236104791666083e6
Paris,18,96,60000,3,reachable_union,881fb46665fffff,3.232126522916671e7,2.7003078687500022e7,-5.318186541666687e6
Paris,18,96,60000,3,reachable_union,881fb46667fffff,3.208147393750004e7,2.7794260072916698e7,-4.287213864583343e6
Paris,18,96,60000,3,reachable_union,881fb46669fffff,3.2087096322916713e7,2.7632287041666698e7,-4.454809281250015e6
Paris,18,96,60000,3,reachable_union,881fb4666bfffff,3.2874131864583377e7,2.987439725000012e7,-2.9997346145832576e6
Paris,18,96,60000,3,reachable_union,881fb4666dfffff,3.1867043062500037e7,2.624779667708335e7,-5.619246385416687e6
Paris,18,96,60000,3,reachable_union,881fb46681fffff,2.684459948958332e7,1.9437139739583302e7,-7.407459750000019e6
Paris,18,96,60000,3,reachable_union,881fb46683fffff,2.5481577802083317e7,1.926291472916665e7,-6.218663072916668e6
Paris,18,96,60000,3,reachable_union,881fb46685fffff,2.763677129166664e7,1.944432637499997e7,-8.192444916666672e6
Paris,18,96,60000,3,reachable_union,881fb46687fffff,2.6587508177083332e7,1.9284652239583302e7,-7.30285593750003e6
Paris,18,96,60000,3,reachable_union,881fb46689fffff,2.656228609374999e7,1.919861599999998e7,-7.363670093750007e6
Paris,18,96,60000,3,reachable_union,881fb4668bfffff,2.6045244666666638e7,1.9385213520833284e7,-6.660031145833354e6
Paris,18,96,60000,3,reachable_union,881fb4668dfffff,2.717354881249999e7,1.937854681249997e7,-7.795002000000019e6
Paris,18,96,60000,3,reachable_union,881fb46691fffff,2.563266192708329e7,1.9300248604166742e7,-6.332413322916549e6
Paris,18,96,60000,3,reachable_union,881fb46693fffff,2.479826127083332e7,1.905803033333337e7,-5.740230937499952e6
Paris,18,96,60000,3,reachable_union,881fb46695fffff,2.557809662499994e7,1.9366340416666746e7,-6.211756208333194e6
Paris,18,96,60000,3,reachable_union,881fb46697fffff,2.5849498166666612e7,1.9498364291666757e7,-6.351133874999855e6
Paris,18,96,60000,3,reachable_union,881fb46699fffff,2.510436749999997e7,1.9342689166666713e7,-5.761678333333258e6
Paris,18,96,60000,3,reachable_union,881fb4669bfffff,2.6500419197916612e7,1.9480458781250075e7,-7.0199604166665375e6
Paris,18,96,60000,3,reachable_union,881fb4669dfffff,2.5856467135416616e7,1.943125871875006e7,-6.425208416666556e6
Paris,18,96,60000,3,reachable_union,881fb466a1fffff,2.854532155208326e7,1.9806429083333384e7,-8.738892468749877e6
Paris,18,96,60000,3,reachable_union,881fb466a3fffff,2.7430872395833276e7,1.921927434375004e7,-8.211598052083235e6
Paris,18,96,60000,3,reachable_union,881fb466a5fffff,2.7385453145833254e7,1.942541018750005e7,-7.960042958333205e6
Paris,18,96,60000,3,reachable_union,881fb466a7fffff,2.7240412895833254e7,1.9575178614583425e7,-7.665234281249829e6
Paris,18,96,60000,3,reachable_union,881fb466a9fffff,2.6938972489583272e7,1.93487438854167e7,-7.590228604166571e6
Paris,18,96,60000,3,reachable_union,881fb466abfffff,2.7000440677083272e7,1.9079925395833388e7,-7.9205152812498845e6
Paris,18,96,60000,3,reachable_union,881fb466adfffff,2.908407602083328e7,2.0425762291666724e7,-8.658313729166556e6
Paris,18,96,60000,3,reachable_union,881fb466b1fffff,2.560982360416663e7,1.907898043750003e7,-6.530843166666601e6
Paris,18,96,60000,3,reachable_union,881fb466b3fffff,2.5180715770833287e7,1.889537159375006e7,-6.285344177083228e6
Paris,18,96,60000,3,reachable_union,881fb466b5fffff,2.7442297999999933e7,1.939863514583339e7,-8.043662854166541e6
Paris,18,96,60000,3,reachable_union,881fb466b7fffff,2.6862701770833272e7,1.9396889291666757e7,-7.465812479166515e6
Paris,18,96,60000,3,reachable_union,881fb466b9fffff,2.5966686447916597e7,1.9454946000000067e7,-6.51174044791653e6
Paris,18,96,60000,3,reachable_union,881fb466bbfffff,2.536006314583329e7,1.8988408302083384e7,-6.371654843749907e6
Paris,18,96,60000,3,reachable_union,881fb466bdfffff,2.6157718124999925e7,1.933259141666673e7,-6.825126708333194e6
Paris,18,96,60000,3,reachable_union,881fb466c1fffff,2.8757920906249955e7,2.1469903000000097e7,-7.288017906249858e6
Paris,18,96,60000,3,reachable_union,881fb466c3fffff,2.702022843749994e7,1.91172641458334e7,-7.902964291666541e6
Paris,18,96,60000,3,reachable_union,881fb466c5fffff,2.7851525229166575e7,2.0083501552083395e7,-7.768023677083179e6
Paris,18,96,60000,3,reachable_union,881fb466c7fffff,2.595000723958328e7,1.8981244406250034e7,-6.968762833333246e6
Paris,18,96,60000,3,reachable_union,881fb466c9fffff,2.701793162499995e7,1.969690103125008e7,-7.321030593749873e6
Paris,18,96,60000,3,reachable_union,881fb466cbfffff,2.7886196333333272e7,2.0305059010416746e7,-7.581137322916526e6
Paris,18,96,60000,3,reachable_union,881fb466cdfffff,2.806828649999993e7,2.0390419927083395e7,-7.677866572916534e6
Paris,18,96,60000,3,reachable_union,881fb466d1fffff,2.6731483947916612e7,1.9517909406250063e7,-7.213574541666549e6
Paris,18,96,60000,3,reachable_union,881fb466d3fffff,2.6619666052083287e7,1.946188790625007e7,-7.157778145833217e6
Paris,18,96,60000,3,reachable_union,881fb466d5fffff,2.6879772260416623e7,1.9597252468750067e7,-7.282519791666556e6
Paris,18,96,60000,3,reachable_union,881fb466d7fffff,2.630121277083328e7,1.9484862125000063e7,-6.816350645833217e6
Paris,18,96,60000,3,reachable_union,881fb466d9fffff,2.64670065833333e7,1.9639634729166735e7,-6.827371854166564e6
Paris,18,96,60000,3,reachable_union,881fb466dbfffff,2.735674129166662e7,2.073400461458339e7,-6.622736677083228e6
Paris,18,96,60000,3,reachable_union,881fb466ddfffff,2.5509684947916646e7,1.8742277677083366e7,-6.76740727083328e6
Paris,18,96,60000,3,reachable_union,881fb466e1fffff,2.891120568749995e7,2.1479847791666754e7,-7.431357895833198e6
Paris,18,96,60000,3,reachable_union,881fb466e3fffff,2.761798035416661e7,1.8916592791666724e7,-8.701387562499885e6
Paris,18,96,60000,3,reachable_union,881fb466e5fffff,2.921771920833328e7,2.1845092000000097e7,-7.372627208333183e6
Paris,18,96,60000,3,reachable_union,881fb466e7fffff,2.854450751041659e7,2.0281623197916742e7,-8.262884312499847e6
Paris,18,96,60000,3,reachable_union,881fb466e9fffff,2.8668577468749937e7,2.0981090739583395e7,-7.687486729166541e6
Paris,18,96,60000,3,reachable_union,881fb466ebfffff,2.756805781249993e7,1.98019703958334e7,-7.76608741666653e6
Paris,18,96,60000,3,reachable_union,881fb466edfffff,2.919873422916661e7,2.2463669385416776e7,-6.735064843749832e6
Paris,18,96,60000,3,reachable_union,881fb46701fffff,3.096506406249995e7,2.592087151041673e7,-5.04419255208322e6
Paris,18,96,60000,3,reachable_union,881fb46703fffff,3.058597946874993e7,2.590080235416672e7,-4.685177114583209e6
Paris,18,96,60000,3,reachable_union,881fb46705fffff,3.0072706822916627e7,2.5697029927083395e7,-4.3756768958332315e6
Paris,18,96,60000,3,reachable_union,881fb46707fffff,3.011772068749994e7,2.561466529166674e7,-4.503055395833202e6
Paris,18,96,60000,3,reachable_union,881fb46709fffff,3.0872254218749955e7,2.562056376041675e7,-5.251690458333205e6
Paris,18,96,60000,3,reachable_union,881fb4670bfffff,3.128104505208329e7,2.5829191031250063e7,-5.451854020833228e6
Paris,18,96,60000,3,reachable_union,881fb4670dfffff,3.0291750968749937e7,2.5776750697916742e7,-4.515000270833194e6
Paris,18,96,60000,3,reachable_union,881fb46711fffff,3.0809604062499944e7,2.341648635416674e7,-7.393117708333205e6
Paris,18,96,60000,3,reachable_union,881fb46713fffff,3.0859047020833284e7,2.4666504395833384e7,-6.192542624999899e6
Paris,18,96,60000,3,reachable_union,881fb46715fffff,3.0346581635416593e7,2.516753543750005e7,-5.179046197916545e6
Paris,18,96,60000,3,reachable_union,881fb46717fffff,3.04638332291666e7,2.5018847645833373e7,-5.444985583333228e6
Paris,18,96,60000,3,reachable_union,881fb46719fffff,3.156077722916662e7,2.5976606218750082e7,-5.5841710104165375e6
Paris,18,96,60000,3,reachable_union,881fb4671bfffff,3.1256915239583295e7,2.4302674541666746e7,-6.954240697916549e6
Paris,18,96,60000,3,reachable_union,881fb4671dfffff,3.1183734083333295e7,2.54144874583334e7,-5.769246624999896e6
Paris,18,96,60000,3,reachable_union,881fb46721fffff,2.8745643718749925e7,2.50561929270834e7,-3.6894507916665263e6
Paris,18,96,60000,3,reachable_union,881fb46723fffff,2.9455827281249937e7,2.5195069010416728e7,-4.260758270833209e6
Paris,18,96,60000,3,reachable_union,881fb46725fffff,2.805091783333329e7,2.488471722916673e7,-3.16620060416656e6
Paris,18,96,60000,3,reachable_union,881fb46727fffff,2.8231584093749925e7,2.5022174229166728e7,-3.209409864583198e6
Paris,18,96,60000,3,reachable_union,881fb46729fffff,2.9224498197916638e7,2.5401734458333403e7,-3.8227637395832352e6
Paris,18,96,60000,3,reachable_union,881fb4672bfffff,2.8617767374999948e7,2.521488115625009e7,-3.4028862187498584e6
Paris,18,96,60000,3,reachable_union,881fb4672dfffff,2.8490356041666623e7,2.499609230208339e7,-3.4942637395832315e6
Paris,18,96,60000,3,reachable_union,881fb46731fffff,2.99111624791666e7,2.469861100000005e7,-5.212551479166552e6
Paris,18,96,60000,3,reachable_union,881fb46733fffff,2.9288927739583272e7,2.425656574999991e7,-5.032361989583362e6
Paris,18,96,60000,3,reachable_union,881fb46735fffff,2.9249991822916616e7,2.5052178927083265e7,-4.197812895833351e6
Paris,18,96,60000,3,reachable_union,881fb46737fffff,2.9161577854166612e7,2.450923091666659e7,-4.652346937500022e6
Paris,18,96,60000,3,reachable_union,881fb46739fffff,3.0381261052083276e7,2.5549638083333284e7,-4.831622968749993e6
Paris,18,96,60000,3,reachable_union,881fb4673bfffff,2.9645501510416612e7,2.47530118229166e7,-4.892489687500011e6
Paris,18,96,60000,3,reachable_union,881fb4673dfffff,2.9935348906249944e7,2.546680266666662e7,-4.468546239583325e6
Paris,18,96,60000,3,reachable_union,881fb46741fffff,3.022481195833328e7,2.5060311166666616e7,-5.164500791666664e6
Paris,18,96,60000,3,reachable_union,881fb46743fffff,3.06528849583333e7,2.5601108145833317e7,-5.051776812499981e6
Paris,18,96,60000,3,reachable_union,881fb46745fffff,3.00458030520833e7,2.5401199760416657e7,-4.644603291666642e6
Paris,18,96,60000,3,reachable_union,881fb46747fffff,3.033522268749995e7,2.5629362052083317e7,-4.705860635416634e6
Paris,18,96,60000,3,reachable_union,881fb46749fffff,3.0614165666666627e7,2.4876898229166605e7,-5.737267437500022e6
Paris,18,96,60000,3,reachable_union,881fb4674bfffff,3.07455291770833e7,2.4867063604166634e7,-5.878465572916664e6
Paris,18,96,60000,3,reachable_union,881fb4674dfffff,3.0422027145833287e7,2.4804082166666653e7,-5.617944979166634e6
Paris,18,96,60000,3,reachable_union,881fb46751fffff,3.146445951041662e7,2.3858140333333284e7,-7.606319177083336e6
Paris,18,96,60000,3,reachable_union,881fb46753fffff,3.1680803562499948e7,2.4480972416666616e7,-7.199831145833332e6
Paris,18,96,60000,3,reachable_union,881fb46755fffff,3.1047207552083306e7,2.427610212499998e7,-6.771105427083325e6
Paris,18,96,60000,3,reachable_union,881fb46757fffff,3.1400671479166638e7,2.5456442187499948e7,-5.94422929166669e6
Paris,18,96,60000,3,reachable_union,881fb46759fffff,3.172926140624995e7,2.574068441666663e7,-5.988576989583321e6
Paris,18,96,60000,3,reachable_union,881fb4675bfffff,3.2219600958333284e7,2.6250048052083254e7,-5.96955290625003e6
Paris,18,96,60000,3,reachable_union,881fb4675dfffff,3.1159281562499963e7,2.36171198020833e7,-7.542161760416664e6
Paris,18,96,60000,3,reachable_union,881fb46761fffff,2.887647889583331e7,2.5177147520833295e7,-3.699331375000015e6
Paris,18,96,60000,3,reachable_union,881fb46763fffff,2.974973274999998e7,2.5456064666666634e7,-4.293668083333347e6
Paris,18,96,60000,3,reachable_union,881fb46765fffff,2.79955197395833e7,2.5119288281249944e7,-2.8762314583333544e6
Paris,18,96,60000,3,reachable_union,881fb46767fffff,2.8915345729166634e7,2.528543696874991e7,-3.629908760416724e6
Paris,18,96,60000,3,reachable_union,881fb46769fffff,2.9171376947916638e7,2.4985594510416627e7,-4.185782437500011e6
Paris,18,96,60000,3,reachable_union,881fb4676bfffff,2.9680300645833306e7,2.530588648958331e7,-4.374414156249996e6
Paris,18,96,60000,3,reachable_union,881fb4676dfffff,2.8212798520833306e7,2.4906684104166616e7,-3.3061144166666903e6
Paris,18,96,60000,3,reachable_union,881fb46e01fffff,2.2887078562500007e7,1.892628940624997e7,-3.9607891562500373e6
Paris,18,96,60000,3,reachable_union,881fb46e03fffff,2.4826134760416705e7,2.0990992385416627e7,-3.835142375000078e6
Paris,18,96,60000,3,reachable_union,881fb46e05fffff,2.290049070833336e7,1.975508062499994e7,-3.145410083333418e6
Paris,18,96,60000,3,reachable_union,881fb46e07fffff,2.4642597937500037e7,2.129412959374998e7,-3.348468343750056e6
Paris,18,96,60000,3,reachable_union,881fb46e09fffff,2.360741178125002e7,2.012389594791658e7,-3.48351583333344e6
Paris,18,96,60000,3,reachable_union,881fb46e0bfffff,2.418158175000003e7,2.0408645395833276e7,-3.7729363541667536e6
Paris,18,96,60000,3,reachable_union,881fb46e0dfffff,2.2104970604166687e7,1.96392946770833e7,-2.465675927083388e6
Paris,18,96,60000,3,reachable_union,881fb46e11fffff,2.3805096031250034e7,2.0149013916666627e7,-3.6560821145834066e6
Paris,18,96,60000,3,reachable_union,881fb46e13fffff,2.184820235416666e7,1.9259183916666664e7,-2.5890184374999963e6
Paris,18,96,60000,3,reachable_union,881fb46e15fffff,2.3247573552083347e7,2.0183224666666612e7,-3.064348885416735e6
Paris,18,96,60000,3,reachable_union,881fb46e17fffff,2.262919967708332e7,1.9908303083333276e7,-2.7208965937500447e6
Paris,18,96,60000,3,reachable_union,881fb46e19fffff,2.4212987500000004e7,2.216882727083327e7,-2.044160229166735e6
Paris,18,96,60000,3,reachable_union,881fb46e1bfffff,2.3945405197916664e7,2.1560907083333287e7,-2.384498114583377e6
Paris,18,96,60000,3,reachable_union,881fb46e1dfffff,2.4645079562500037e7,2.062152972916663e7,-4.0235498333334066e6
Paris,18,96,60000,3,reachable_union,881fb46e39fffff,2.324572326041666e7,2.016274529166659e7,-3.082977968750071e6
Paris,18,96,60000,3,reachable_union,881fb46e3bfffff,2.226504686458331e7,1.96608650833333e7,-2.604181781250011e6
Paris,18,96,60000,3,reachable_union,881fb46e41fffff,2.340033642708337e7,2.148259335416658e7,-1.9177430729167908e6
Paris,18,96,60000,3,reachable_union,881fb46e43fffff,2.369927305208337e7,2.0645484781249903e7,-3.053788270833466e6
Paris,18,96,60000,3,reachable_union,881fb46e45fffff,2.1026093125000007e7,1.8974735218749996e7,-2.0513579062500112e6
Paris,18,96,60000,3,reachable_union,881fb46e47fffff,2.3307656427083347e7,2.0171339197916597e7,-3.13631722916675e6
Paris,18,96,60000,3,reachable_union,881fb46e49fffff,2.2989135197916664e7,2.1641577020833258e7,-1.3475581770834066e6
Paris,18,96,60000,3,reachable_union,881fb46e4bfffff,2.3618977875000026e7,2.2273788395833254e7,-1.3451894791667722e6
Paris,18,96,60000,3,reachable_union,881fb46e4dfffff,2.252915279166668e7,2.155507933333329e7,-974073.458333388
Paris,18,96,60000,3,reachable_union,881fb46e51fffff,2.5942310520833343e7,2.272938879166664e7,-3.2129217291667014e6
Paris,18,96,60000,3,reachable_union,881fb46e53fffff,2.5455571437500004e7,2.1767481760416657e7,-3.688089677083347e6
Paris,18,96,60000,3,reachable_union,881fb46e55fffff,2.4777585156250022e7,2.1588679812499937e7,-3.1889053437500857e6
Paris,18,96,60000,3,reachable_union,881fb46e57fffff,2.559272120833336e7,2.1828208781250034e7,-3.7645124270833246e6
Paris,18,96,60000,3,reachable_union,881fb46e59fffff,2.292958806249999e7,2.0579026624999948e7,-2.350561437500041e6
Paris,18,96,60000,3,reachable_union,881fb46e5bfffff,2.606133773958332e7,2.1625769416666612e7,-4.435568322916709e6
Paris,18,96,60000,3,reachable_union,881fb46e5dfffff,2.3615088541666675e7,2.0924231635416597e7,-2.690856906250078e6
Paris,18,96,60000,3,reachable_union,881fb46e61fffff,2.222483110416665e7,2.004601096874995e7,-2.1788201354166977e6
Paris,18,96,60000,3,reachable_union,881fb46e63fffff,2.269377435416667e7,2.059195894791662e7,-2.101815406250052e6
Paris,18,96,60000,3,reachable_union,881fb46e69fffff,2.0308005218750007e7,1.8087844166666713e7,-2.220161052083295e6
Paris,18,96,60000,3,reachable_union,881fb46e6bfffff,2.286340104166667e7,2.028199704166661e7,-2.5814040000000633e6
Paris,18,96,60000,3,reachable_union,881fb46e6dfffff,1.9603112843749996e7,1.7870576072916687e7,-1.7325367708333097e6
Paris,18,96,60000,3,reachable_union,881fb46e81fffff,2.307379111458328e7,2.0721622385416627e7,-2.352168729166653e6
Paris,18,96,60000,3,reachable_union,881fb46e83fffff,2.0387086270833317e7,1.8303474354166664e7,-2.083611916666653e6
Paris,18,96,60000,3,reachable_union,881fb46e85fffff,2.3980187177083258e7,2.0422644937499996e7,-3.5575422395832613e6
Paris,18,96,60000,3,reachable_union,881fb46e87fffff,2.147484348958326e7,1.8311200010416552e7,-3.163643479166709e6
Paris,18,96,60000,3,reachable_union,881fb46e89fffff,2.239039949999995e7,1.864005193749991e7,-3.750347562500041e6
Paris,18,96,60000,3,reachable_union,881fb46e8bfffff,2.1832184697916616e7,1.6949905541666612e7,-4.882279156250004e6
Paris,18,96,60000,3,reachable_union,881fb46e8dfffff,2.3034304093749914e7,2.0581057979166646e7,-2.4532461145832688e6
Paris,18,96,60000,3,reachable_union,881fb46e91fffff,1.9423711416666623e7,1.473709168749992e7,-4.686619729166703e6
Paris,18,96,60000,3,reachable_union,881fb46e93fffff,2.0468336666666593e7,1.4564320854166593e7,-5.9040158125e6
Paris,18,96,60000,3,reachable_union,881fb46e95fffff,1.881333897916666e7,1.583223626041661e7,-2.9811027187500503e6
Paris,18,96,60000,3,reachable_union,881fb46e97fffff,2.0147952802083258e7,1.605425928124992e7,-4.0936935208333377e6
Paris,18,96,60000,3,reachable_union,881fb46e99fffff,2.0704952135416597e7,1.5381147395833265e7,-5.323804739583332e6
Paris,18,96,60000,3,reachable_union,881fb46e9bfffff,2.1905277062499892e7,1.6352381854166636e7,-5.552895208333256e6
Paris,18,96,60000,3,reachable_union,881fb46e9dfffff,1.9512987010416634e7,1.5322783031249935e7,-4.1902039791666996e6
Paris,18,96,60000,3,reachable_union,881fb46eb9fffff,2.0073745645833295e7,1.6299839583333313e7,-3.7739060624999814e6
Paris,18,96,60000,3,reachable_union,881fb46ebbfffff,2.0772006458333258e7,1.7885779999999817e7,-2.88622645833344e6
Paris,18,96,60000,3,reachable_union,881fb46ec1fffff,2.323775036458327e7,1.9967349270833295e7,-3.270401093749974e6
Paris,18,96,60000,3,reachable_union,881fb46ec3fffff,2.3103587312499925e7,1.9346028447916575e7,-3.7575588645833507e6
Paris,18,96,60000,3,reachable_union,881fb46ec5fffff,2.1121510156249985e7,1.8493722729166586e7,-2.627787427083399e6
Paris,18,96,60000,3,reachable_union,881fb46ec7fffff,2.2581405781249955e7,1.9291435458333287e7,-3.289970322916668e6
Paris,18,96,60000,3,reachable_union,881fb46ec9fffff,2.4247897989583295e7,2.1537395822916683e7,-2.710502166666612e6
Paris,18,96,60000,3,reachable_union,881fb46ecbfffff,2.3791218708333258e7,1.971794581249991e7,-4.073272895833347e6
Paris,18,96,60000,3,reachable_union,881fb46ecdfffff,2.375830338541663e7,2.088011162499998e7,-2.8781917604166493e6
Paris,18,96,60000,3,reachable_union,881fb46ed1fffff,2.3152702708333235e7,1.8666216093749836e7,-4.486486614583399e6
Paris,18,96,60000,3,reachable_union,881fb46ed3fffff,2.2793657833333246e7,1.6841442406249963e7,-5.952215427083284e6
Paris,18,96,60000,3,reachable_union,881fb46ed5fffff,2.3611582479166586e7,1.9477123520833272e7,-4.1344589583333135e6
Paris,18,96,60000,3,reachable_union,881fb46ed7fffff,2.1002976333333287e7,1.6782695916666593e7,-4.220280416666694e6
Paris,18,96,60000,3,reachable_union,881fb46ed9fffff,2.4649894906249918e7,2.1054154385416634e7,-3.5957405208332837e6
Paris,18,96,60000,3,reachable_union,881fb46edbfffff,2.4106496166666586e7,1.8765887364583228e7,-5.340608802083358e6
Paris,18,96,60000,3,reachable_union,881fb46eddfffff,2.4720616437499914e7,2.1118007312499978e7,-3.6026091249999367e6
Paris,18,96,60000,3,reachable_union,881fb46ee1fffff,1.9965749124999996e7,1.768491141666662e7,-2.280837708333377e6
Paris,18,96,60000,3,reachable_union,881fb46ee3fffff,2.150260948958329e7,1.926087668749991e7,-2.2417328020833805e6
Paris,18,96,60000,3,reachable_union,881fb46ee9fffff,2.237057921874998e7,1.987060631249995e7,-2.49997290625003e6
Paris,18,96,60000,3,reachable_union,881fb46eebfffff,2.070130918749999e7,1.777228046874997e7,-2.9290287187500186e6
Paris,18,96,60000,3,reachable_union,881fb46eedfffff,2.21009174895833e7,1.987568108333327e7,-2.22523640625003e6
Paris,18,96,60000,3,reachable_union,881fb470b3fffff,2.2824364416666687e7,1.835903078124985e7,-4.465333635416836e6
Paris,18,96,60000,3,reachable_union,881fb470b7fffff,2.2585247947916683e7,1.8122079135416552e7,-4.46316881250013e6
Paris,18,96,60000,3,reachable_union,881fb47401fffff,2.4713086937500015e7,1.884084741666653e7,-5.872239520833485e6
Paris,18,96,60000,3,reachable_union,881fb47403fffff,2.438251714583333e7,1.8586116458333172e7,-5.796400687500156e6
Paris,18,96,60000,3,reachable_union,881fb47405fffff,2.6503194041666668e7,2.1718696802083317e7,-4.784497239583351e6
Paris,18,96,60000,3,reachable_union,881fb47407fffff,2.3627291479166668e7,1.8206406874999862e7,-5.420884604166806e6
Paris,18,96,60000,3,reachable_union,881fb47409fffff,2.3157752156250026e7,1.8542993874999832e7,-4.614758281250194e6
Paris,18,96,60000,3,reachable_union,881fb4740bfffff,2.3827594104166668e7,1.8013184552083213e7,-5.814409552083455e6
Paris,18,96,60000,3,reachable_union,881fb4740dfffff,2.5734214395833354e7,1.969338935416662e7,-6.040825041666735e6
Paris,18,96,60000,3,reachable_union,881fb47411fffff,2.5548978989583317e7,1.8898407781249892e7,-6.650571208333425e6
Paris,18,96,60000,3,reachable_union,881fb47413fffff,2.6427987406249993e7,2.0284477343749925e7,-6.143510062500067e6
Paris,18,96,60000,3,reachable_union,881fb47415fffff,2.2987724447916657e7,1.8162337041666538e7,-4.825387406250119e6
Paris,18,96,60000,3,reachable_union,881fb47417fffff,2.6295486677083287e7,2.0474646135416586e7,-5.820840541666701e6
Paris,18,96,60000,3,reachable_union,881fb47419fffff,2.619809089583331e7,1.9934999791666593e7,-6.263091104166716e6
Paris,18,96,60000,3,reachable_union,881fb4741bfffff,2.6707496812499963e7,2.071367561458329e7,-5.993821197916672e6
Paris,18,96,60000,3,reachable_union,881fb4741dfffff,2.5664807739583317e7,1.8796028895833172e7,-6.868778843750145e6
Paris,18,96,60000,3,reachable_union,881fb47421fffff,2.539824468750003e7,1.9258293666666597e7,-6.139951020833433e6
Paris,18,96,60000,3,reachable_union,881fb47423fffff,2.6357988625e7,1.9566059572916582e7,-6.791929052083418e6
Paris,18,96,60000,3,reachable_union,881fb47425fffff,2.566092055208336e7,1.9710479031249892e7,-5.950441520833466e6
Paris,18,96,60000,3,reachable_union,881fb47427fffff,2.6081280791666675e7,2.1145767385416597e7,-4.935513406250078e6
Paris,18,96,60000,3,reachable_union,881fb47429fffff,2.4881350958333362e7,1.8586319833333224e7,-6.295031125000138e6
Paris,18,96,60000,3,reachable_union,881fb4742bfffff,2.597972392708336e7,1.9703424052083246e7,-6.276299875000112e6
Paris,18,96,60000,3,reachable_union,881fb4742dfffff,2.4802778000000063e7,1.896403431249988e7,-5.838743687500183e6
Paris,18,96,60000,3,reachable_union,881fb47431fffff,2.6856553979166653e7,2.006804680208326e7,-6.788507177083392e6
Paris,18,96,60000,3,reachable_union,881fb47433fffff,2.695843314583329e7,2.133114333333329e7,-5.6272898125e6
Paris,18,96,60000,3,reachable_union,881fb47435fffff,2.7204753895833336e7,2.1199172166666564e7,-6.005581729166772e6
Paris,18,96,60000,3,reachable_union,881fb47437fffff,2.7287997124999974e7,2.130398811458325e7,-5.984009010416724e6
Paris,18,96,60000,3,reachable_union,881fb47439fffff,2.577417063541666e7,1.8860396906249855e7,-6.913773729166806e6
Paris,18,96,60000,3,reachable_union,881fb4743bfffff,2.611322898958331e7,1.9992855822916582e7,-6.1203731666667275e6
Paris,18,96,60000,3,reachable_union,881fb4743dfffff,2.6031195593749996e7,1.9364347499999914e7,-6.666848093750082e6
Paris,18,96,60000,3,reachable_union,881fb47441fffff,2.2008652291666653e7,1.7361830833333246e7,-4.646821458333407e6
Paris,18,96,60000,3,reachable_union,881fb47443fffff,2.3735571604166657e7,1.8606321635416653e7,-5.129249968750004e6
Paris,18,96,60000,3,reachable_union,881fb47445fffff,2.230681260416667e7,1.834598718750003e7,-3.960825416666642e6
Paris,18,96,60000,3,reachable_union,881fb47447fffff,2.403734110416668e7,1.873072024999999e7,-5.30662085416669e6
Paris,18,96,60000,3,reachable_union,881fb4744bfffff,2.275627107291666e7,1.8500313937499996e7,-4.255957135416664e6
Paris,18,96,60000,3,reachable_union,881fb47451fffff,2.438172333333334e7,1.8287921906249993e7,-6.093801427083347e6
Paris,18,96,60000,3,reachable_union,881fb47453fffff,2.5707017427083336e7,1.9276949458333317e7,-6.430067968750019e6
Paris,18,96,60000,3,reachable_union,881fb47455fffff,2.224504215625001e7,1.815116626041666e7,-4.0938758958333507e6
Paris,18,96,60000,3,reachable_union,881fb47457fffff,2.3335076125000007e7,1.860155996874998e7,-4.733516156250026e6
Paris,18,96,60000,3,reachable_union,881fb47459fffff,2.493383510416669e7,1.978487362499999e7,-5.148961479166701e6
Paris,18,96,60000,3,reachable_union,881fb4745bfffff,2.4114703843750015e7,2.0908044333333343e7,-3.2066595104166716e6
Paris,18,96,60000,3,reachable_union,881fb4745dfffff,2.410651659375002e7,1.8631017364583325e7,-5.475499229166694e6
Paris,18,96,60000,3,reachable_union,881fb47461fffff,2.5235687718750026e7,1.8992102208333343e7,-6.243585510416683e6
Paris,18,96,60000,3,reachable_union,881fb47463fffff,2.576081734375003e7,1.8920497614583332e7,-6.840319729166698e6
Paris,18,96,60000,3,reachable_union,881fb47465fffff,2.439253662500002e7,1.8990902375000015e7,-5.401634250000004e6
Paris,18,96,60000,3,reachable_union,881fb47467fffff,2.5139713104166694e7,1.8960304916666705e7,-6.179408187499989e6
Paris,18,96,60000,3,reachable_union,881fb47469fffff,2.377832589583334e7,1.885441965625001e7,-4.923906239583328e6
Paris,18,96,60000,3,reachable_union,881fb4746bfffff,2.4005633437500015e7,1.864266682291667e7,-5.362966614583343e6
Paris,18,96,60000,3,reachable_union,881fb4746dfffff,2.4597930395833343e7,1.8942237541666683e7,-5.65569285416666e6
Paris,18,96,60000,3,reachable_union,881fb47481fffff,2.9807133135416664e7,2.851065041666664e7,-1.2964827187500224e6
Paris,18,96,60000,3,reachable_union,881fb47483fffff,2.8824388093749996e7,2.7266895708333306e7,-1.5574923854166903e6
Paris,18,96,60000,3,reachable_union,881fb47485fffff,2.8912485229166657e7,2.7316385395833295e7,-1.596099833333362e6
Paris,18,96,60000,3,reachable_union,881fb47487fffff,2.8541611302083295e7,2.1613545718749948e7,-6.928065583333347e6
Paris,18,96,60000,3,reachable_union,881fb47489fffff,2.8705190020833313e7,2.6593882208333343e7,-2.11130781249997e6
Paris,18,96,60000,3,reachable_union,881fb4748bfffff,2.862802722916665e7,2.7082710520833343e7,-1.545316708333306e6
Paris,18,96,60000,3,reachable_union,881fb4748dfffff,2.7110614885416664e7,2.11797454895833e7,-5.930869395833366e6
Paris,18,96,60000,3,reachable_union,881fb47491fffff,2.700377786458331e7,2.100351786458329e7,-6.000260000000019e6
Paris,18,96,60000,3,reachable_union,881fb47493fffff,2.8126628114583302e7,2.0730759968749978e7,-7.395868145833325e6
Paris,18,96,60000,3,reachable_union,881fb47495fffff,2.730522832291666e7,2.1184559729166627e7,-6.1206685937500335e6
Paris,18,96,60000,3,reachable_union,881fb47497fffff,2.7668827333333302e7,2.092583448958329e7,-6.742992843750011e6
Paris,18,96,60000,3,reachable_union,881fb47499fffff,2.6284343270833317e7,2.042811824999996e7,-5.856225020833358e6
Paris,18,96,60000,3,reachable_union,881fb4749bfffff,2.590442586458331e7,2.1004598395833284e7,-4.899827468750026e6
Paris,18,96,60000,3,reachable_union,881fb4749dfffff,2.7835920083333313e7,2.1074162604166638e7,-6.761757479166675e6
Paris,18,96,60000,3,reachable_union,881fb474a1fffff,3.001773453125003e7,2.4599259520833276e7,-5.418475010416754e6
Paris,18,96,60000,3,reachable_union,881fb474a3fffff,2.919267927083335e7,2.6172097999999933e7,-3.020581270833418e6
Paris,18,96,60000,3,reachable_union,881fb474a5fffff,2.951392546875003e7,2.3034465177083302e7,-6.4794602916667275e6
Paris,18,96,60000,3,reachable_union,881fb474a7fffff,3.0218139677083347e7,2.41125961979166e7,-6.105543479166746e6
Paris,18,96,60000,3,reachable_union,881fb474a9fffff,2.871380148958336e7,2.1876995979166638e7,-6.83680551041672e6
Paris,18,96,60000,3,reachable_union,881fb474abfffff,2.9237598385416694e7,2.2210866249999974e7,-7.02673213541672e6
Paris,18,96,60000,3,reachable_union,881fb474adfffff,2.8805916031250026e7,2.1521364864583332e7,-7.284551166666694e6
Paris,18,96,60000,3,reachable_union,881fb474b1fffff,3.053722704166667e7,2.8332256854166627e7,-2.2049701875000447e6
Paris,18,96,60000,3,reachable_union,881fb474b3fffff,2.9776654239583343e7,2.225963171875002e7,-7.517022520833325e6
Paris,18,96,60000,3,reachable_union,881fb474b5fffff,2.908420332291665e7,2.321037283333335e7,-5.873830489583299e6
Paris,18,96,60000,3,reachable_union,881fb474b7fffff,3.0524091708333332e7,2.4791756302083325e7,-5.732335406250007e6
Paris,18,96,60000,3,reachable_union,881fb474b9fffff,2.9309443364583354e7,2.736614380208327e7,-1.9432995625000857e6
Paris,18,96,60000,3,reachable_union,881fb474bbfffff,2.7239429645833325e7,2.122002703124998e7,-6.019402614583343e6
Paris,18,96,60000,3,reachable_union,881fb474bdfffff,3.038014313541668e7,2.94481321041666e7,-932011.0312500782
Paris,18,96,60000,3,reachable_union,881fb474c1fffff,2.650209098958337e7,2.060516769791666e7,-5.896923291666709e6
Paris,18,96,60000,3,reachable_union,881fb474c3fffff,2.7466362385416634e7,2.1133305041666634e7,-6.33305734375e6
Paris,18,96,60000,3,reachable_union,881fb474c5fffff,2.4692223041666675e7,1.9136346979166694e7,-5.555876062499981e6
Paris,18,96,60000,3,reachable_union,881fb474c7fffff,2.733809445833334e7,2.1061206062500004e7,-6.276888395833336e6
Paris,18,96,60000,3,reachable_union,881fb474c9fffff,2.7562965010416657e7,2.2560382322916687e7,-5.00258268749997e6
Paris,18,96,60000,3,reachable_union,881fb474cbfffff,2.853465972916666e7,2.625067346874999e7,-2.2839862604166716e6
Paris,18,96,60000,3,reachable_union,881fb474cdfffff,2.6117968656250004e7,2.091054915625e7,-5.207419500000004e6
Paris,18,96,60000,3,reachable_union,881fb474d1fffff,2.6793657135416653e7,2.1211864437500004e7,-5.581792697916649e6
Paris,18,96,60000,3,reachable_union,881fb474d3fffff,2.6504668458333325e7,2.094370482291663e7,-5.560963635416694e6
Paris,18,96,60000,3,reachable_union,881fb474d5fffff,2.7425084260416653e7,2.1040291979166638e7,-6.384792281250015e6
Paris,18,96,60000,3,reachable_union,881fb474d7fffff,2.763485495833332e7,2.127897406249998e7,-6.35588089583334e6
Paris,18,96,60000,3,reachable_union,881fb474d9fffff,2.656803708333331e7,2.083828195833332e7,-5.729755124999989e6
Paris,18,96,60000,3,reachable_union,881fb474dbfffff,2.6649037072916657e7,2.1024822874999974e7,-5.624214197916683e6
Paris,18,96,60000,3,reachable_union,881fb474ddfffff,2.7190372447916657e7,2.0951448302083325e7,-6.238924145833332e6
Paris,18,96,60000,3,reachable_union,881fb474e1fffff,2.6699738010416668e7,2.1178114989583306e7,-5.521623020833362e6
Paris,18,96,60000,3,reachable_union,881fb474e3fffff,2.7232879447916657e7,2.1212234666666634e7,-6.020644781250022e6
Paris,18,96,60000,3,reachable_union,881fb474e5fffff,2.6727982677083336e7,2.108884116666663e7,-5.639141510416705e6
Paris,18,96,60000,3,reachable_union,881fb474e7fffff,2.806476794791666e7,2.159312410416666e7,-6.47164384375e6
Paris,18,96,60000,3,reachable_union,881fb474e9fffff,2.5340497177083317e7,1.9652608843749985e7,-5.687888333333332e6
Paris,18,96,60000,3,reachable_union,881fb474ebfffff,2.718469764583333e7,2.1193643500000015e7,-5.991054145833313e6
Paris,18,96,60000,3,reachable_union,881fb474edfffff,2.7084401531249985e7,2.137512765624999e7,-5.709273874999996e6
Paris,18,96,60000,3,reachable_union,881fb47501fffff,2.606184509375002e7,1.921173842708331e7,-6.850106666666709e6
Paris,18,96,60000,3,reachable_union,881fb47503fffff,2.6551477583333373e7,1.916707207291666e7,-7.384405510416713e6
Paris,18,96,60000,3,reachable_union,881fb47505fffff,2.661678138541671e7,1.888887923958332e7,-7.727902145833388e6
Paris,18,96,60000,3,reachable_union,881fb47507fffff,2.7689530270833373e7,1.9222217322916664e7,-8.467312947916709e6
Paris,18,96,60000,3,reachable_union,881fb47509fffff,2.3683432437500007e7,1.8445410885416646e7,-5.238021552083362e6
Paris,18,96,60000,3,reachable_union,881fb4750bfffff,2.5660619791666668e7,1.893058602083333e7,-6.73003377083334e6
Paris,18,96,60000,3,reachable_union,881fb4750dfffff,2.3927932208333347e7,1.8208854416666646e7,-5.719077791666701e6
Paris,18,96,60000,3,reachable_union,881fb47511fffff,2.6895764302083377e7,2.1419768750000004e7,-5.475995552083373e6
Paris,18,96,60000,3,reachable_union,881fb47513fffff,2.71319891041667e7,2.1624451270833347e7,-5.507537833333354e6
Paris,18,96,60000,3,reachable_union,881fb47515fffff,2.7597164687500026e7,1.9652890000000015e7,-7.944274687500011e6
Paris,18,96,60000,3,reachable_union,881fb47517fffff,2.7361225020833366e7,2.155837898958335e7,-5.802846031250015e6
Paris,18,96,60000,3,reachable_union,881fb47519fffff,2.5551761791666683e7,1.931500961458332e7,-6.236752177083362e6
Paris,18,96,60000,3,reachable_union,881fb4751bfffff,2.62189372604167e7,2.082675794791667e7,-5.39217931250003e6
Paris,18,96,60000,3,reachable_union,881fb4751dfffff,2.6317313510416675e7,1.9485043552083313e7,-6.832269958333362e6
Paris,18,96,60000,3,reachable_union,881fb47521fffff,2.7030410218750034e7,1.9714746885416653e7,-7.3156633333333805e6
Paris,18,96,60000,3,reachable_union,881fb47523fffff,2.7706666770833366e7,2.098645520833334e7,-6.720211562500026e6
Paris,18,96,60000,3,reachable_union,881fb47525fffff,2.6291364614583362e7,1.8970395937499974e7,-7.320968677083388e6
Paris,18,96,60000,3,reachable_union,881fb47527fffff,2.7182763593750034e7,2.1089692656250037e7,-6.093070937499996e6
Paris,18,96,60000,3,reachable_union,881fb47529fffff,2.6851950947916698e7,1.899799217708331e7,-7.853958770833388e6
Paris,18,96,60000,3,reachable_union,881fb4752bfffff,2.756739425000006e7,1.9546755927083347e7,-8.020638322916713e6
Paris,18,96,60000,3,reachable_union,881fb4752dfffff,2.586208059375002e7,1.8994778760416634e7,-6.867301833333384e6
Paris,18,96,60000,3,reachable_union,881fb47531fffff,2.797972548958337e7,2.1914242729166742e7,-6.065482760416627e6
Paris,18,96,60000,3,reachable_union,881fb47533fffff,2.931530621875005e7,2.2829010177083436e7,-6.486296041666612e6
Paris,18,96,60000,3,reachable_union,881fb47535fffff,2.8128260708333366e7,2.163264512500006e7,-6.495615583333306e6
Paris,18,96,60000,3,reachable_union,881fb47537fffff,2.8605039437500034e7,2.2200395520833436e7,-6.404643916666597e6
Paris,18,96,60000,3,reachable_union,881fb47539fffff,2.7989450104166698e7,1.9998891677083362e7,-7.990558427083336e6
Paris,18,96,60000,3,reachable_union,881fb4753bfffff,2.8332641145833362e7,2.1600710156250034e7,-6.731930989583328e6
Paris,18,96,60000,3,reachable_union,881fb4753dfffff,2.847849911458339e7,2.1065676687500056e7,-7.412822427083336e6
Paris,18,96,60000,3,reachable_union,881fb47541fffff,2.375607428125e7,1.8704390906250015e7,-5.051683374999985e6
Paris,18,96,60000,3,reachable_union,881fb47543fffff,2.438393609375001e7,1.883204404166665e7,-5.551892052083362e6
Paris,18,96,60000,3,reachable_union,881fb47545fffff,2.6610779135416716e7,2.1104265552083354e7,-5.506513583333362e6
Paris,18,96,60000,3,reachable_union,881fb47547fffff,2.531114542708335e7,1.8478032354166668e7,-6.833113072916683e6
Paris,18,96,60000,3,reachable_union,881fb4754bfffff,2.3267988260416675e7,1.8645704572916683e7,-4.622283687499993e6
Paris,18,96,60000,3,reachable_union,881fb47551fffff,2.410874026041666e7,1.8718104520833306e7,-5.390635739583354e6
Paris,18,96,60000,3,reachable_union,881fb47553fffff,2.5071118197916664e7,1.901798402083335e7,-6.053134177083313e6
Paris,18,96,60000,3,reachable_union,881fb47555fffff,2.476041308333333e7,1.882032021874998e7,-5.940092864583347e6
Paris,18,96,60000,3,reachable_union,881fb47557fffff,2.540653775e7,1.8934204e7,-6.47233375e6
Paris,18,96,60000,3,reachable_union,881fb47559fffff,2.393195266666668e7,1.8795347187500015e7,-5.136605479166664e6
Paris,18,96,60000,3,reachable_union,881fb4755bfffff,2.4185289333333336e7,1.881434779166667e7,-5.370941541666664e6
Paris,18,96,60000,3,reachable_union,881fb4755dfffff,2.3868425510416687e7,1.8767490864583317e7,-5.100934645833369e6
Paris,18,96,60000,3,reachable_union,881fb47561fffff,2.4658754343749993e7,1.885895127083334e7,-5.799803072916653e6
Paris,18,96,60000,3,reachable_union,881fb47563fffff,2.547118057291665e7,1.8504833833333295e7,-6.966346739583354e6
Paris,18,96,60000,3,reachable_union,881fb47565fffff,2.341989585416664e7,1.853406267708332e7,-4.885833177083321e6
Paris,18,96,60000,3,reachable_union,881fb47567fffff,2.4442447427083332e7,1.8041656395833302e7,-6.40079103125003e6
Paris,18,96,60000,3,reachable_union,881fb47569fffff,2.535548712500002e7,1.870094516666666e7,-6.654541958333358e6
Paris,18,96,60000,3,reachable_union,881fb4756bfffff,2.5022238322916668e7,1.848323989583333e7,-6.53899842708334e6
Paris,18,96,60000,3,reachable_union,881fb4756dfffff,2.412237282291668e7,1.8613463416666657e7,-5.508909406250022e6
Paris,18,96,60000,3,reachable_union,881fb47581fffff,2.9181164760416664e7,2.2044194375000026e7,-7.136970385416638e6
Paris,18,96,60000,3,reachable_union,881fb47583fffff,2.9404719124999985e7,2.2053321406250026e7,-7.351397718749959e6
Paris,18,96,60000,3,reachable_union,881fb47585fffff,2.9017775312500004e7,2.2008912729166687e7,-7.008862583333317e6
Paris,18,96,60000,3,reachable_union,881fb47587fffff,2.9872633916666664e7,2.224395898958335e7,-7.628674927083313e6
Paris,18,96,60000,3,reachable_union,881fb47589fffff,2.8672959947916687e7,2.2033347770833366e7,-6.639612177083321e6
Paris,18,96,60000,3,reachable_union,881fb4758bfffff,2.969613493750001e7,2.207502175000005e7,-7.621113187499963e6
Paris,18,96,60000,3,reachable_union,881fb4758dfffff,2.8569019739583336e7,2.2011302822916698e7,-6.557716916666638e6
Paris,18,96,60000,3,reachable_union,881fb47591fffff,3.0720015781250004e7,2.2464890927083388e7,-8.255124854166616e6
Paris,18,96,60000,3,reachable_union,881fb47593fffff,3.139658604166667e7,2.6050569166666664e7,-5.346016875000007e6
Paris,18,96,60000,3,reachable_union,881fb47595fffff,3.0768990708333343e7,2.293939565625005e7,-7.829595052083295e6
Paris,18,96,60000,3,reachable_union,881fb47597fffff,3.1268712541666687e7,2.5836147916666668e7,-5.432564625000019e6
Paris,18,96,60000,3,reachable_union,881fb47599fffff,3.0085900562499993e7,2.2037354541666698e7,-8.048546020833295e6
Paris,18,96,60000,3,reachable_union,881fb4759bfffff,3.0587256937499985e7,2.5010930229166724e7,-5.576326708333261e6
Paris,18,96,60000,3,reachable_union,881fb4759dfffff,3.0378061041666664e7,2.2115495312500034e7,-8.262565729166631e6
Paris,18,96,60000,3,reachable_union,881fb475a1fffff,3.049507253125004e7,2.452160053124992e7,-5.973472000000119e6
Paris,18,96,60000,3,reachable_union,881fb475a3fffff,3.0970016437500037e7,2.5114434937499944e7,-5.855581500000093e6
Paris,18,96,60000,3,reachable_union,881fb475a5fffff,2.9091729708333373e7,2.3213873958333295e7,-5.877855750000078e6
Paris,18,96,60000,3,reachable_union,881fb475a7fffff,3.0070710312500052e7,2.4246283072916616e7,-5.824427239583436e6
Paris,18,96,60000,3,reachable_union,881fb475a9fffff,2.9640165260416728e7,2.3170516270833265e7,-6.4696489895834625e6
Paris,18,96,60000,3,reachable_union,881fb475abfffff,3.0347611479166698e7,2.450592393749991e7,-5.841687541666787e6
Paris,18,96,60000,3,reachable_union,881fb475adfffff,2.9111185552083384e7,2.2932430520833265e7,-6.178755031250119e6
Paris,18,96,60000,3,reachable_union,881fb475b1fffff,3.1059900791666713e7,2.4529340031249937e7,-6.530560760416776e6
Paris,18,96,60000,3,reachable_union,881fb475b3fffff,3.1865778500000045e7,2.5740308052083265e7,-6.12547044791678e6
Paris,18,96,60000,3,reachable_union,881fb475b5fffff,3.0655514010416716e7,2.3593632666666627e7,-7.061881343750089e6
Paris,18,96,60000,3,reachable_union,881fb475b7fffff,3.0812543781250052e7,2.501378228124995e7,-5.798761500000101e6
Paris,18,96,60000,3,reachable_union,881fb475b9fffff,3.0365044385416705e7,2.240283127083327e7,-7.962213114583436e6
Paris,18,96,60000,3,reachable_union,881fb475bbfffff,3.1315626885416698e7,2.5124715583333284e7,-6.190911302083414e6
Paris,18,96,60000,3,reachable_union,881fb475bdfffff,3.0329551458333377e7,2.2713438083333276e7,-7.616113375000101e6
Paris,18,96,60000,3,reachable_union,881fb475c1fffff,2.746554168750005e7,2.1726359031249966e7,-5.739182656250082e6
Paris,18,96,60000,3,reachable_union,881fb475c3fffff,2.7811690177083362e7,2.1633003072916653e7,-6.178687104166709e6
Paris,18,96,60000,3,reachable_union,881fb475c5fffff,2.7952340520833388e7,2.174633024999993e7,-6.206010270833459e6
Paris,18,96,60000,3,reachable_union,881fb475c7fffff,2.7083624520833384e7,2.1752479916666664e7,-5.33114460416672e6
Paris,18,96,60000,3,reachable_union,881fb475c9fffff,2.6719033322916713e7,2.1440342927083295e7,-5.278690395833418e6
Paris,18,96,60000,3,reachable_union,881fb475cbfffff,2.7903417250000034e7,2.1737944333333302e7,-6.165472916666731e6
Paris,18,96,60000,3,reachable_union,881fb475cdfffff,2.7008398500000056e7,2.145590849999993e7,-5.552490000000127e6
Paris,18,96,60000,3,reachable_union,881fb475d1fffff,2.823861472916668e7,2.178862687499998e7,-6.449987854166698e6
Paris,18,96,60000,3,reachable_union,881fb475d3fffff,2.9049418437500034e7,2.1819521302083287e7,-7.229897135416746e6
Paris,18,96,60000,3,reachable_union,881fb475d5fffff,2.8693774875000052e7,2.158427460416665e7,-7.109500270833403e6
Paris,18,96,60000,3,reachable_union,881fb475d7fffff,2.9731588562500034e7,2.197093237499997e7,-7.760656187500063e6
Paris,18,96,60000,3,reachable_union,881fb475d9fffff,2.7684936281250004e7,2.1639237208333284e7,-6.04569907291672e6
Paris,18,96,60000,3,reachable_union,881fb475dbfffff,2.8572451531250037e7,2.19415123020833e7,-6.630939229166739e6
Paris,18,96,60000,3,reachable_union,881fb475ddfffff,2.824612714583338e7,2.1770764187499974e7,-6.475362958333407e6
Paris,18,96,60000,3,reachable_union,881fb475e1fffff,2.8052237989583388e7,2.2040840677083272e7,-6.0113973125001155e6
Paris,18,96,60000,3,reachable_union,881fb475e3fffff,2.8742011302083384e7,2.202326560416661e7,-6.718745697916776e6
Paris,18,96,60000,3,reachable_union,881fb475e5fffff,2.8594091593750082e7,2.222688969791663e7,-6.367201895833451e6
Paris,18,96,60000,3,reachable_union,881fb475e7fffff,2.8979687708333403e7,2.220106571874993e7,-6.778621989583474e6
Paris,18,96,60000,3,reachable_union,881fb475e9fffff,2.7535452593750067e7,2.2059556447916612e7,-5.475896145833455e6
Paris,18,96,60000,3,reachable_union,881fb475ebfffff,2.745591090625005e7,2.15949951145833e7,-5.86091579166675e6
Paris,18,96,60000,3,reachable_union,881fb475edfffff,2.7919273437500067e7,2.211220026041662e7,-5.807073177083448e6
Paris,18,96,60000,3,reachable_union,881fb47633fffff,2.458300566666671e7,1.9000603479166634e7,-5.5824021875000745e6
Paris,18,96,60000,3,reachable_union,881fb47637fffff,2.3178114625000034e7,1.8100506145833295e7,-5.077608479166739e6
Paris,18,96,60000,3,reachable_union,881fb47681fffff,2.2438996843750022e7,2.171412445833338e7,-724872.3854166418
Paris,18,96,60000,3,reachable_union,881fb47683fffff,2.3063966895833347e7,2.147166282291671e7,-1.592304072916638e6
Paris,18,96,60000,3,reachable_union,881fb47685fffff,2.269997519791668e7,1.9685295979166646e7,-3.0146792187500335e6
Paris,18,96,60000,3,reachable_union,881fb47687fffff,2.381798919791667e7,2.0999116260416668e7,-2.8188729375000037e6
Paris,18,96,60000,3,reachable_union,881fb4768dfffff,2.3274863739583362e7,2.102321108333336e7,-2.2516526562500037e6
Paris,18,96,60000,3,reachable_union,881fb47695fffff,2.3280877447916675e7,1.9117329947916675e7,-4.1635475e6
Paris,18,96,60000,3,reachable_union,881fb47697fffff,2.5687817947916653e7,2.0123083729166657e7,-5.564734218749996e6
Paris,18,96,60000,3,reachable_union,881fb476a1fffff,2.6769679281250015e7,2.2372617437500037e7,-4.397061843749978e6
Paris,18,96,60000,3,reachable_union,881fb476a3fffff,2.73300111875e7,2.4321586187500004e7,-3.0084249999999963e6
Paris,18,96,60000,3,reachable_union,881fb476a5fffff,2.5775902916666687e7,2.1680553468750022e7,-4.095349447916664e6
Paris,18,96,60000,3,reachable_union,881fb476a7fffff,2.5543477843750034e7,2.0074101083333347e7,-5.469376760416687e6
Paris,18,96,60000,3,reachable_union,881fb476a9fffff,2.5513468583333354e7,1.9778595385416668e7,-5.734873197916687e6
Paris,18,96,60000,3,reachable_union,881fb476abfffff,2.4706066124999993e7,2.1059338635416694e7,-3.6467274895832986e6
Paris,18,96,60000,3,reachable_union,881fb476adfffff,2.462846330208337e7,2.198737341666672e7,-2.6410898854166493e6
Paris,18,96,60000,3,reachable_union,881fb476b1fffff,2.620413009375e7,2.022036878124999e7,-5.983761312500011e6
Paris,18,96,60000,3,reachable_union,881fb476b3fffff,2.5805744635416627e7,1.9191957166666653e7,-6.613787468749974e6
Paris,18,96,60000,3,reachable_union,881fb476b5fffff,2.595306016666665e7,2.162229577083333e7,-4.330764395833321e6
Paris,18,96,60000,3,reachable_union,881fb476b7fffff,2.735725538541666e7,2.0548659333333306e7,-6.808596052083354e6
Paris,18,96,60000,3,reachable_union,881fb476b9fffff,2.654524505208331e7,2.0285976604166687e7,-6.259268447916623e6
Paris,18,96,60000,3,reachable_union,881fb476bbfffff,2.5753859010416657e7,2.0331253718750004e7,-5.422605291666653e6
Paris,18,96,60000,3,reachable_union,881fb476bdfffff,2.6534915802083343e7,2.19711879375e7,-4.563727864583343e6
Paris,18,96,60000,3,reachable_union,881fb476e1fffff,2.2729309145833362e7,2.1758635770833362e7,-970673.375
Paris,18,96,60000,3,reachable_union,881fb476e3fffff,2.4459475500000037e7,2.184222288541671e7,-2.6172526145833284e6
Paris,18,96,60000,3,reachable_union,881fb476e5fffff,2.310659933333335e7,1.9026252302083325e7,-4.080347031250026e6
Paris,18,96,60000,3,reachable_union,881fb476e7fffff,2.44534434791667e7,2.2077289947916694e7,-2.3761535312500075e6
Paris,18,96,60000,3,reachable_union,881fb476e9fffff,2.2733175177083362e7,2.1568766468750026e7,-1.1644087083333358e6
Paris,18,96,60000,3,reachable_union,881fb476ebfffff,2.1722978687500022e7,2.057891659375004e7,-1.1440620937499814e6
Paris,18,96,60000,3,reachable_union,881fb476edfffff,2.3776285406249963e7,2.205261005208334e7,-1.7236753541666232e6
Paris,18,96,60000,3,reachable_union,881fb47733fffff,2.3679709062500026e7,1.8622754937500026e7,-5.056954125e6
Paris,18,96,60000,3,reachable_union,881fb47737fffff,2.3331076677083332e7,1.8512648999999996e7,-4.818427677083336e6
Paris,6,180,60000,6,mean_intersection,881fb46401fffff,1.28295983e8,8.6128518e7,-4.2167465e7
Paris,6,180,60000,6,mean_intersection,881fb46405fffff,1.25871102e8,8.455807e7,-4.1313032e7
Paris,6,180,60000,6,mean_intersection,881fb46409fffff,1.30105925e8,8.6644059e7,-4.3461866e7
Paris,6,180,60000,6,mean_intersection,881fb4640bfffff,1.28831537e8,8.5935152e7,-4.2896385e7
Paris,6,180,60000,6,mean_intersection,881fb4640dfffff,1.30962113e8,8.6435983e7,-4.452613e7
Paris,6,180,60000,6,mean_intersection,881fb46429fffff,1.28023659e8,8.4877307e7,-4.3146352e7
Paris,6,180,60000,6,mean_intersection,881fb4642dfffff,1.25590406e8,8.3511563e7,-4.2078843e7
Paris,6,180,60000,6,mean_intersection,881fb46441fffff,1.40212555e8,1.03318797e8,-3.6893758e7
Paris,6,180,60000,6,mean_intersection,881fb46443fffff,1.38870144e8,9.1346651e7,-4.7523493e7
Paris,6,180,60000,6,mean_intersection,881fb46445fffff,1.3812546e8,9.826315e7,-3.986231e7
Paris,6,180,60000,6,mean_intersection,881fb46447fffff,1.38100196e8,9.8931441e7,-3.9168755e7
Paris,6,180,60000,6,mean_intersection,881fb46449fffff,1.40241165e8,1.03275318e8,-3.6965847e7
Paris,6,180,60000,6,mean_intersection,881fb4644bfffff,1.39564241e8,1.01064989e8,-3.8499252e7
Paris,6,180,60000,6,mean_intersection,881fb4644dfffff,1.39610416e8,1.02141466e8,-3.746895e7
Paris,6,180,60000,6,mean_intersection,881fb46451fffff,1.33663025e8,8.7111718e7,-4.6551307e7
Paris,6,180,60000,6,mean_intersection,881fb46453fffff,1.2846643e8,8.545564e7,-4.301079e7
Paris,6,180,60000,6,mean_intersection,881fb46455fffff,1.34598541e8,8.7608604e7,-4.6989937e7
Paris,6,180,60000,6,mean_intersection,881fb46457fffff,1.31993908e8,8.5881376e7,-4.6112532e7
Paris,6,180,60000,6,mean_intersection,881fb46459fffff,1.33600271e8,9.0839733e7,-4.2760538e7
Paris,6,180,60000,6,mean_intersection,881fb4645bfffff,1.31908312e8,8.8330316e7,-4.3577996e7
Paris,6,180,60000,6,mean_intersection,881fb4645dfffff,1.35126375e8,9.1975491e7,-4.3150884e7
Paris,6,180,60000,6,mean_intersection,881fb46461fffff,1.30818639e8,8.614843e7,-4.4670209e7
Paris,6,180,60000,6,mean_intersection,881fb46463fffff,1.29281757e8,8.6077739e7,-4.3204018e7
Paris,6,180,60000,6,mean_intersection,881fb46465fffff,1.30286487e8,9.4629892e7,-3.5656595e7
Paris,6,180,60000,6,mean_intersection,881fb46467fffff,1.29230581e8,8.5560123e7,-4.3670458e7
Paris,6,180,60000,6,mean_intersection,881fb46469fffff,1.33115844e8,9.3820079e7,-3.9295765e7
Paris,6,180,60000,6,mean_intersection,881fb4646bfffff,1.32144746e8,8.7215698e7,-4.4929048e7
Paris,6,180,60000,6,mean_intersection,881fb4646dfffff,1.30378598e8,9.5752619e7,-3.4625979e7
Paris,6,180,60000,6,mean_intersection,881fb46559fffff,1.27588231e8,9.5896479e7,-3.1691752e7
Paris,6,180,60000,6,mean_intersection,881fb4655bfffff,1.27237651e8,8.4468948e7,-4.2768703e7
Paris,6,180,60000,6,mean_intersection,881fb46601fffff,1.43358203e8,1.18248725e8,-2.5109478e7
Paris,6,180,60000,6,mean_intersection,881fb46603fffff,1.4149055e8,1.13146258e8,-2.8344292e7
Paris,6,180,60000,6,mean_intersection,881fb46605fffff,1.43986488e8,1.25252375e8,-1.8734113e7
Paris,6,180,60000,6,mean_intersection,881fb46607fffff,1.42763905e8,1.11830347e8,-3.0933558e7
Paris,6,180,60000,6,mean_intersection,881fb46609fffff,1.43174812e8,1.18595272e8,-2.457954e7
Paris,6,180,60000,6,mean_intersection,881fb4660bfffff,1.42149954e8,1.13393063e8,-2.8756891e7
Paris,6,180,60000,6,mean_intersection,881fb4660dfffff,1.45096666e8,1.22796944e8,-2.2299722e7
Paris,6,180,60000,6,mean_intersection,881fb46611fffff,1.34016385e8,1.0321733e8,-3.0799055e7
Paris,6,180,60000,6,mean_intersection,881fb46615fffff,1.39480601e8,1.05089904e8,-3.4390697e7
Paris,6,180,60000,6,mean_intersection,881fb46617fffff,1.3283961e8,9.68236e7,-3.601601e7
Paris,6,180,60000,6,mean_intersection,881fb46619fffff,1.33622785e8,9.9753161e7,-3.3869624e7
Paris,6,180,60000,6,mean_intersection,881fb4661dfffff,1.3994923e8,1.09325921e8,-3.0623309e7
Paris,6,180,60000,6,mean_intersection,881fb46621fffff,1.41046039e8,1.05019858e8,-3.6026181e7
Paris,6,180,60000,6,mean_intersection,881fb46623fffff,1.41953249e8,1.05400691e8,-3.6552558e7
Paris,6,180,60000,6,mean_intersection,881fb46625fffff,1.42074325e8,1.04864285e8,-3.721004e7
Paris,6,180,60000,6,mean_intersection,881fb46627fffff,1.40886998e8,1.03033926e8,-3.7853072e7
Paris,6,180,60000,6,mean_intersection,881fb46629fffff,1.42821583e8,1.14981972e8,-2.7839611e7
Paris,6,180,60000,6,mean_intersection,881fb4662bfffff,1.43078533e8,1.12126412e8,-3.0952121e7
Paris,6,180,60000,6,mean_intersection,881fb4662dfffff,1.42819197e8,1.10891614e8,-3.1927583e7
Paris,6,180,60000,6,mean_intersection,881fb46631fffff,1.39648355e8,9.8180198e7,-4.1468157e7
Paris,6,180,60000,6,mean_intersection,881fb46633fffff,1.31154397e8,9.4351575e7,-3.6802822e7
Paris,6,180,60000,6,mean_intersection,881fb46635fffff,1.39801781e8,1.00830616e8,-3.8971165e7
Paris,6,180,60000,6,mean_intersection,881fb46637fffff,1.34832267e8,9.565523e7,-3.9177037e7
Paris,6,180,60000,6,mean_intersection,881fb46639fffff,1.41156953e8,1.09009489e8,-3.2147464e7
Paris,6,180,60000,6,mean_intersection,881fb4663bfffff,1.37356077e8,9.8457616e7,-3.8898461e7
Paris,6,180,60000,6,mean_intersection,881fb4663dfffff,1.41817504e8,1.06714409e8,-3.5103095e7
Paris,6,180,60000,6,mean_intersection,881fb46641fffff,1.33921993e8,1.06460248e8,-2.7461745e7
Paris,6,180,60000,6,mean_intersection,881fb46643fffff,1.40829891e8,1.09606421e8,-3.122347e7
Paris,6,180,60000,6,mean_intersection,881fb46645fffff,1.42425066e8,1.1243549e8,-2.9989576e7
Paris,6,180,60000,6,mean_intersection,881fb46647fffff,1.42177242e8,1.19644091e8,-2.2533151e7
Paris,6,180,60000,6,mean_intersection,881fb4664dfffff,1.41050077e8,1.0803731e8,-3.3012767e7
Paris,6,180,60000,6,mean_intersection,881fb46655fffff,1.3583304e8,1.0982874e8,-2.60043e7
Paris,6,180,60000,6,mean_intersection,881fb46657fffff,1.35990853e8,1.07639612e8,-2.8351241e7
Paris,6,180,60000,6,mean_intersection,881fb46661fffff,1.42759603e8,1.1374294e8,-2.9016663e7
Paris,6,180,60000,6,mean_intersection,881fb46663fffff,1.43635253e8,1.16665597e8,-2.6969656e7
Paris,6,180,60000,6,mean_intersection,881fb46665fffff,1.4267207e8,1.07970777e8,-3.4701293e7
Paris,6,180,60000,6,mean_intersection,881fb46667fffff,1.41949848e8,1.10010113e8,-3.1939735e7
Paris,6,180,60000,6,mean_intersection,881fb46669fffff,1.4193235e8,1.10166221e8,-3.1766129e7
Paris,6,180,60000,6,mean_intersection,881fb4666bfffff,1.43287094e8,1.15697731e8,-2.7589363e7
Paris,6,180,60000,6,mean_intersection,881fb4666dfffff,1.41517913e8,1.0506423e8,-3.6453683e7
Paris,6,180,60000,6,mean_intersection,881fb466e5fffff,1.31533906e8,9.180076e7,-3.9733146e7
Paris,6,180,60000,6,mean_intersection,881fb466edfffff,1.31032719e8,9.4478781e7,-3.6553938e7
Paris,6,180,60000,6,mean_intersection,881fb46701fffff,1.34753614e8,1.03555316e8,-3.1198298e7
Paris,6,180,60000,6,mean_intersection,881fb46703fffff,1.3390339e8,1.03390568e8,-3.0512822e7
Paris,6,180,60000,6,mean_intersection,881fb46705fffff,1.32029272e8,1.03049053e8,-2.8980219e7
Paris,6,180,60000,6,mean_intersection,881fb46707fffff,1.33172098e8,1.03173982e8,-2.9998116e7
Paris,6,180,60000,6,mean_intersection,881fb46709fffff,1.34216033e8,1.03027964e8,-3.1188069e7
Paris,6,180,60000,6,mean_intersection,881fb4670bfffff,1.3548631e8,1.03388317e8,-3.2097993e7
Paris,6,180,60000,6,mean_intersection,881fb4670dfffff,1.30389872e8,1.03624974e8,-2.6764898e7
Paris,6,180,60000,6,mean_intersection,881fb46711fffff,1.34504366e8,9.5360646e7,-3.914372e7
Paris,6,180,60000,6,mean_intersection,881fb46713fffff,1.34463622e8,9.7497971e7,-3.6965651e7
Paris,6,180,60000,6,mean_intersection,881fb46715fffff,1.33476957e8,1.02262626e8,-3.1214331e7
Paris,6,180,60000,6,mean_intersection,881fb46717fffff,1.3353306e8,1.01948e8,-3.158506e7
Paris,6,180,60000,6,mean_intersection,881fb46719fffff,1.40991466e8,1.04493279e8,-3.6498187e7
Paris,6,180,60000,6,mean_intersection,881fb4671bfffff,1.35744139e8,9.802559e7,-3.7718549e7
Paris,6,180,60000,6,mean_intersection,881fb4671dfffff,1.35443458e8,1.0188916e8,-3.3554298e7
Paris,6,180,60000,6,mean_intersection,881fb46721fffff,1.28137207e8,1.0242178e8,-2.5715427e7
Paris,6,180,60000,6,mean_intersection,881fb46723fffff,1.30968221e8,1.02484851e8,-2.848337e7
Paris,6,180,60000,6,mean_intersection,881fb46729fffff,1.28643442e8,1.02276317e8,-2.6367125e7
Paris,6,180,60000,6,mean_intersection,881fb4672bfffff,1.28553563e8,1.0215946e8,-2.6394103e7
Paris,6,180,60000,6,mean_intersection,881fb46731fffff,1.32241795e8,1.01430123e8,-3.0811672e7
Paris,6,180,60000,6,mean_intersection,881fb46733fffff,1.28975364e8,9.8127349e7,-3.0848015e7
Paris,6,180,60000,6,mean_intersection,881fb46735fffff,1.29940891e8,1.01935219e8,-2.8005672e7
Paris,6,180,60000,6,mean_intersection,881fb46737fffff,1.28298107e8,1.00593144e8,-2.7704963e7
Paris,6,180,60000,6,mean_intersection,881fb46739fffff,1.33394711e8,1.03005229e8,-3.0389482e7
Paris,6,180,60000,6,mean_intersection,881fb4673bfffff,1.31596261e8,1.01791964e8,-2.9804297e7
Paris,6,180,60000,6,mean_intersection,881fb4673dfffff,1.32397272e8,1.02829636e8,-2.9567636e7
Paris,6,180,60000,6,mean_intersection,881fb46741fffff,1.33040082e8,1.0207055e8,-3.0969532e7
Paris,6,180,60000,6,mean_intersection,881fb46743fffff,1.3392818e8,1.0291202e8,-3.101616e7
Paris,6,180,60000,6,mean_intersection,881fb46745fffff,1.29491384e8,1.02461197e8,-2.7030187e7
Paris,6,180,60000,6,mean_intersection,881fb46747fffff,1.32794702e8,1.03009134e8,-2.9785568e7
Paris,6,180,60000,6,mean_intersection,881fb46749fffff,1.33823048e8,1.01736062e8,-3.2086986e7
Paris,6,180,60000,6,mean_intersection,881fb4674bfffff,1.34856539e8,1.00342149e8,-3.451439e7
Paris,6,180,60000,6,mean_intersection,881fb4674dfffff,1.33375928e8,1.01555429e8,-3.1820499e7
Paris,6,180,60000,6,mean_intersection,881fb46751fffff,1.36282794e8,9.6823778e7,-3.9459016e7
Paris,6,180,60000,6,mean_intersection,881fb46753fffff,1.40749323e8,9.9058454e7,-4.1690869e7
Paris,6,180,60000,6,mean_intersection,881fb46755fffff,1.35323222e8,9.7851223e7,-3.7471999e7
Paris,6,180,60000,6,mean_intersection,881fb46757fffff,1.4025978e8,9.9246255e7,-4.1013525e7
Paris,6,180,60000,6,mean_intersection,881fb46759fffff,1.40981934e8,1.04072206e8,-3.6909728e7
Paris,6,180,60000,6,mean_intersection,881fb4675bfffff,1.4220921e8,1.05076665e8,-3.7132545e7
Paris,6,180,60000,6,mean_intersection,881fb4675dfffff,1.35770046e8,9.5978621e7,-3.9791425e7
Paris,6,180,60000,6,mean_intersection,881fb46763fffff,1.30980391e8,1.02821027e8,-2.8159364e7
Paris,6,180,60000,6,mean_intersection,881fb4676bfffff,1.28999566e8,1.02816088e8,-2.6183478e7
Paris,6,180,60000,6,mean_intersection,881fb47591fffff,1.33810038e8,9.4933578e7,-3.887646e7
Paris,6,180,60000,6,mean_intersection,881fb47593fffff,1.40389397e8,1.07092267e8,-3.329713e7
Paris,6,180,60000,6,mean_intersection,881fb47595fffff,1.34347645e8,9.3737445e7,-4.06102e7
Paris,6,180,60000,6,mean_intersection,881fb47597fffff,1.40113136e8,1.03808161e8,-3.6304975e7
Paris,6,180,60000,6,mean_intersection,881fb4759bfffff,1.33736921e8,1.01483445e8,-3.2253476e7
Paris,6,180,60000,6,mean_intersection,881fb475a3fffff,1.35134736e8,1.03072493e8,-3.2062243e7
Paris,6,180,60000,6,mean_intersection,881fb475a7fffff,1.32504547e8,1.00666458e8,-3.1838089e7
Paris,6,180,60000,6,mean_intersection,881fb475b1fffff,1.35142675e8,9.9683114e7,-3.5459561e7
Paris,6,180,60000,6,mean_intersection,881fb475b3fffff,1.4133031e8,1.04156654e8,-3.7173656e7
Paris,6,180,60000,6,mean_intersection,881fb475b5fffff,1.3463299e8,9.5830206e7,-3.8802784e7
Paris,6,180,60000,6,mean_intersection,881fb475b7fffff,1.34556191e8,1.01467474e8,-3.3088717e7
Paris,6,180,60000,6,mean_intersection,881fb475b9fffff,1.33770818e8,9.4870862e7,-3.8899956e7
Paris,6,180,60000,6,mean_intersection,881fb475bbfffff,1.40313474e8,1.02138305e8,-3.8175169e7
Paris,6,180,60000,6,mean_intersection,881fb475bdfffff,1.33341138e8,9.7203544e7,-3.6137594e7
Paris,6,180,60000,6,reachable_union,881fb46401fffff,1.6695952187222221e8,1.2380424074444433e8,-4.315528112777789e7
Paris,6,180,60000,6,reachable_union,881fb46405fffff,1.647868964833333e8,1.220342670388886e8,-4.2752629444444686e7
Paris,6,180,60000,6,reachable_union,881fb46409fffff,1.6864482576111102e8,1.2427140316111077e8,-4.437342260000025e7
Paris,6,180,60000,6,reachable_union,881fb4640bfffff,1.6743287609444427e8,1.2349962783888908e8,-4.39332482555552e7
Paris,6,180,60000,6,reachable_union,881fb4640dfffff,1.6853160749444428e8,1.243776576555556e8,-4.4153949838888675e7
Paris,6,180,60000,6,reachable_union,881fb46429fffff,1.666535537444444e8,1.2290797879999994e8,-4.374557494444446e7
Paris,6,180,60000,6,reachable_union,881fb4642dfffff,1.649538017111111e8,1.2154605873888887e8,-4.3407742972222224e7
Paris,6,180,60000,6,reachable_union,881fb46441fffff,1.718457310166666e8,1.4420170190555516e8,-2.7644029111111432e7
Paris,6,180,60000,6,reachable_union,881fb46443fffff,1.7095580172222218e8,1.3254668975555477e8,-3.840911196666741e7
Paris,6,180,60000,6,reachable_union,881fb46445fffff,1.707752682166665e8,1.3939069541111103e8,-3.1384572805555463e7
Paris,6,180,60000,6,reachable_union,881fb46447fffff,1.7054269669999993e8,1.3978376222222245e8,-3.075893447777748e7
Paris,6,180,60000,6,reachable_union,881fb46449fffff,1.7185164718333325e8,1.4364154293888882e8,-2.821010424444443e7
Paris,6,180,60000,6,reachable_union,881fb4644bfffff,1.711419205444444e8,1.419556074722219e8,-2.91863130722225e7
Paris,6,180,60000,6,reachable_union,881fb4644dfffff,1.7152490246666655e8,1.4307393559999985e8,-2.8450966866666704e7
Paris,6,180,60000,6,reachable_union,881fb46451fffff,1.6945651098333323e8,1.256432334444441e8,-4.3813277538889125e7
Paris,6,180,60000,6,reachable_union,881fb46453fffff,1.6704388537222224e8,1.2279177851666646e8,-4.425210685555579e7
Paris,6,180,60000,6,reachable_union,881fb46455fffff,1.7038857883333325e8,1.26356086211111e8,-4.403249262222226e7
Paris,6,180,60000,6,reachable_union,881fb46457fffff,1.685971216e8,1.2344952614444424e8,-4.514759545555575e7
Paris,6,180,60000,6,reachable_union,881fb46459fffff,1.6970563843888873e8,1.3026010738888833e8,-3.94455310500004e7
Paris,6,180,60000,6,reachable_union,881fb4645bfffff,1.6856188507777765e8,1.2730988188333301e8,-4.125200319444464e7
Paris,6,180,60000,6,reachable_union,881fb4645dfffff,1.7068555818888882e8,1.3094946562222213e8,-3.973609256666669e7
Paris,6,180,60000,6,reachable_union,881fb46461fffff,1.6866926846111098e8,1.237401300111113e8,-4.4929138449999675e7
Paris,6,180,60000,6,reachable_union,881fb46463fffff,1.6754060901666653e8,1.2381343658888884e8,-4.372717242777769e7
Paris,6,180,60000,6,reachable_union,881fb46465fffff,1.6797756803888884e8,1.3644638444999942e8,-3.153118358888942e7
Paris,6,180,60000,6,reachable_union,881fb46467fffff,1.6736140508333328e8,1.2322224723888873e8,-4.413915784444456e7
Paris,6,180,60000,6,reachable_union,881fb46469fffff,1.6999963155555537e8,1.3369195822777759e8,-3.630767332777779e7
Paris,6,180,60000,6,reachable_union,881fb4646bfffff,1.695352532444443e8,1.2532410485555561e8,-4.42111483888887e7
Paris,6,180,60000,6,reachable_union,881fb4646dfffff,1.693511373277777e8,1.3724813421111095e8,-3.2103003116666764e7
Paris,6,180,60000,6,reachable_union,881fb46559fffff,1.667595342888887e8,1.3800936442222175e8,-2.8750169866666943e7
Paris,6,180,60000,6,reachable_union,881fb4655bfffff,1.665514499166666e8,1.2225329053888895e8,-4.429815937777765e7
Paris,6,180,60000,6,reachable_union,881fb46601fffff,1.7287515647222206e8,1.5644742248333362e8,-1.6427733988888443e7
Paris,6,180,60000,6,reachable_union,881fb46603fffff,1.7181351692777762e8,1.5238096002777773e8,-1.9432556899999887e7
Paris,6,180,60000,6,reachable_union,881fb46605fffff,1.7382957346111104e8,1.5846119679999992e8,-1.5368376661111116e7
Paris,6,180,60000,6,reachable_union,881fb46607fffff,1.7253251123333317e8,1.5206636736111107e8,-2.0466143872222096e7
Paris,6,180,60000,6,reachable_union,881fb46609fffff,1.729708991666665e8,1.568330877499999e8,-1.6137811416666597e7
Paris,6,180,60000,6,reachable_union,881fb4660bfffff,1.7221660550555542e8,1.527964347277778e8,-1.9420170777777612e7
Paris,6,180,60000,6,reachable_union,881fb4660dfffff,1.7417498519999996e8,1.5950291372222197e8,-1.4672071477777988e7
Paris,6,180,60000,6,reachable_union,881fb46611fffff,1.6989773282777777e8,1.4365846116111106e8,-2.6239271666666716e7
Paris,6,180,60000,6,reachable_union,881fb46615fffff,1.7087120218888876e8,1.4602516620000008e8,-2.484603598888868e7
Paris,6,180,60000,6,reachable_union,881fb46617fffff,1.6932937605555543e8,1.380260587500001e8,-3.1303317305555344e7
Paris,6,180,60000,6,reachable_union,881fb46619fffff,1.699942119277777e8,1.3997238370000017e8,-3.002182822777754e7
Paris,6,180,60000,6,reachable_union,881fb4661dfffff,1.710797006166665e8,1.4927145919444457e8,-2.180824142222193e7
Paris,6,180,60000,6,reachable_union,881fb46621fffff,1.720726743333332e8,1.4591657776111105e8,-2.6156096572222143e7
Paris,6,180,60000,6,reachable_union,881fb46623fffff,1.7233771932222214e8,1.4617131859999987e8,-2.616640072222227e7
Paris,6,180,60000,6,reachable_union,881fb46625fffff,1.7269468908888888e8,1.4595882411111066e8,-2.6735864977778226e7
Paris,6,180,60000,6,reachable_union,881fb46627fffff,1.7207185647222212e8,1.443186643722221e8,-2.7753192100000024e7
Paris,6,180,60000,6,reachable_union,881fb46629fffff,1.7310367113888887e8,1.551367762111117e8,-1.796689492777717e7
Paris,6,180,60000,6,reachable_union,881fb4662bfffff,1.7309751524444428e8,1.533342126388889e8,-1.9763302605555385e7
Paris,6,180,60000,6,reachable_union,881fb4662dfffff,1.7311911925555554e8,1.5194297070555553e8,-2.1176148550000012e7
Paris,6,180,60000,6,reachable_union,881fb46631fffff,1.7110069022777775e8,1.39214482111111e8,-3.1886208116666764e7
Paris,6,180,60000,6,reachable_union,881fb46633fffff,1.6834663123333326e8,1.3415534774444418e8,-3.419128348888908e7
Paris,6,180,60000,6,reachable_union,881fb46635fffff,1.7134376443333322e8,1.406828671888888e8,-3.066089724444443e7
Paris,6,180,60000,6,reachable_union,881fb46637fffff,1.7045827194999996e8,1.3647075418888888e8,-3.398751776111108e7
Paris,6,180,60000,6,reachable_union,881fb46639fffff,1.717678244055555e8,1.4901102478333327e8,-2.2756799622222215e7
Paris,6,180,60000,6,reachable_union,881fb4663bfffff,1.701765047833333e8,1.3963569711111137e8,-3.054080767222193e7
Paris,6,180,60000,6,reachable_union,881fb4663dfffff,1.7236269708333322e8,1.475181064666666e8,-2.4844590616666615e7
Paris,6,180,60000,6,reachable_union,881fb46641fffff,1.6977987429999986e8,1.4655658308888835e8,-2.3223291211111516e7
Paris,6,180,60000,6,reachable_union,881fb46643fffff,1.718218765999999e8,1.4965078254999986e8,-2.217109405000004e7
Paris,6,180,60000,6,reachable_union,881fb46645fffff,1.7252320298888868e8,1.5151773613333327e8,-2.1005466855555415e7
Paris,6,180,60000,6,reachable_union,881fb46647fffff,1.7279829581666648e8,1.5740696999999973e8,-1.5391325816666752e7
Paris,6,180,60000,6,reachable_union,881fb4664dfffff,1.716747317777776e8,1.4771915243888867e8,-2.3955579338888943e7
Paris,6,180,60000,6,reachable_union,881fb46655fffff,1.713054917444444e8,1.4977340200000012e8,-2.153208974444428e7
Paris,6,180,60000,6,reachable_union,881fb46657fffff,1.7116140592222223e8,1.479804801499998e8,-2.318092577222243e7
Paris,6,180,60000,6,reachable_union,881fb46661fffff,1.7275786468333325e8,1.537240806722221e8,-1.903378401111114e7
Paris,6,180,60000,6,reachable_union,881fb46663fffff,1.7341476435555568e8,1.5591096089444444e8,-1.7503803461111248e7
Paris,6,180,60000,6,reachable_union,881fb46665fffff,1.7289609801666674e8,1.4836951438888875e8,-2.4526583627777994e7
Paris,6,180,60000,6,reachable_union,881fb46667fffff,1.727738152666668e8,1.5071479552222207e8,-2.2059019744444728e7
Paris,6,180,60000,6,reachable_union,881fb46669fffff,1.7239324173333347e8,1.510406838555554e8,-2.1352557877778083e7
Paris,6,180,60000,6,reachable_union,881fb4666bfffff,1.7309880695000005e8,1.5452626805555528e8,-1.8572538894444764e7
Paris,6,180,60000,6,reachable_union,881fb4666dfffff,1.7229649900000006e8,1.4622314253888905e8,-2.607335646111101e7
Paris,6,180,60000,6,reachable_union,881fb466e5fffff,1.6828706083888888e8,1.3291217040555519e8,-3.5374890433333695e7
Paris,6,180,60000,6,reachable_union,881fb466edfffff,1.6834607524999994e8,1.3505313745555538e8,-3.329293779444456e7
Paris,6,180,60000,6,reachable_union,881fb46701fffff,1.7064000526666665e8,1.442618816333331e8,-2.6378123633333564e7
Paris,6,180,60000,6,reachable_union,881fb46703fffff,1.7036000278888875e8,1.4425344601111093e8,-2.610655677777782e7
Paris,6,180,60000,6,reachable_union,881fb46705fffff,1.6889012488888887e8,1.4371961678888845e8,-2.517050810000041e7
Paris,6,180,60000,6,reachable_union,881fb46707fffff,1.695001953722221e8,1.4365166721111074e8,-2.5848528161111355e7
Paris,6,180,60000,6,reachable_union,881fb46709fffff,1.7043689888333336e8,1.4364009164999986e8,-2.67968072333335e7
Paris,6,180,60000,6,reachable_union,881fb4670bfffff,1.7129256742777783e8,1.4428257431666622e8,-2.700999311111161e7
Paris,6,180,60000,6,reachable_union,881fb4670dfffff,1.69366785961111e8,1.440947030333329e8,-2.5272082927778095e7
Paris,6,180,60000,6,reachable_union,881fb46711fffff,1.7088404239999998e8,1.35744426394444e8,-3.513961600555599e7
Paris,6,180,60000,6,reachable_union,881fb46713fffff,1.7072396039444447e8,1.395446241611108e8,-3.1179336233333677e7
Paris,6,180,60000,6,reachable_union,881fb46715fffff,1.7004927360555562e8,1.4256703478333285e8,-2.748223882222277e7
Paris,6,180,60000,6,reachable_union,881fb46717fffff,1.7013988499444446e8,1.4263371006666642e8,-2.7506174927778035e7
Paris,6,180,60000,6,reachable_union,881fb46719fffff,1.7209198688333353e8,1.4481787277777734e8,-2.727411410555619e7
Paris,6,180,60000,6,reachable_union,881fb4671bfffff,1.7159407157222232e8,1.389223721777778e8,-3.2671699394444525e7
Paris,6,180,60000,6,reachable_union,881fb4671dfffff,1.713390839222223e8,1.429911743999999e8,-2.83479095222224e7
Paris,6,180,60000,6,reachable_union,881fb46721fffff,1.6669285705555537e8,1.4283839279444435e8,-2.385446426111102e7
Paris,6,180,60000,6,reachable_union,881fb46723fffff,1.6825043393333313e8,1.4286437400555533e8,-2.5386059927777797e7
Paris,6,180,60000,6,reachable_union,881fb46729fffff,1.6749459636666647e8,1.4303581384444422e8,-2.445878252222225e7
Paris,6,180,60000,6,reachable_union,881fb4672bfffff,1.66405138172222e8,1.4270746642777753e8,-2.369767174444446e7
Paris,6,180,60000,6,reachable_union,881fb46731fffff,1.6871894854444426e8,1.4224188534444445e8,-2.647706319999981e7
Paris,6,180,60000,6,reachable_union,881fb46733fffff,1.680571758777776e8,1.3996099136111122e8,-2.8096184516666383e7
Paris,6,180,60000,6,reachable_union,881fb46735fffff,1.675772132277775e8,1.4240241971111098e8,-2.517479351666653e7
Paris,6,180,60000,6,reachable_union,881fb46737fffff,1.6745474291666648e8,1.4151441696111095e8,-2.594032595555553e7
Paris,6,180,60000,6,reachable_union,881fb46739fffff,1.6991833588333324e8,1.4367087349999955e8,-2.6247462383333683e7
Paris,6,180,60000,6,reachable_union,881fb4673bfffff,1.6881695479444426e8,1.4184989844999996e8,-2.6967056344444305e7
Paris,6,180,60000,6,reachable_union,881fb4673dfffff,1.6913209601666656e8,1.432724306444442e8,-2.5859665372222364e7
Paris,6,180,60000,6,reachable_union,881fb46741fffff,1.6948783036111096e8,1.4251912868888858e8,-2.6968701672222376e7
Paris,6,180,60000,6,reachable_union,881fb46743fffff,1.7027329165000004e8,1.4354397842777747e8,-2.6729313222222567e7
Paris,6,180,60000,6,reachable_union,881fb46745fffff,1.6864489506111106e8,1.4313224877777746e8,-2.55126462833336e7
Paris,6,180,60000,6,reachable_union,881fb46747fffff,1.6955189157777774e8,1.435726213944442e8,-2.5979270183333546e7
Paris,6,180,60000,6,reachable_union,881fb46749fffff,1.701844254999998e8,1.419538184999998e8,-2.8230607e7
Paris,6,180,60000,6,reachable_union,881fb4674bfffff,1.7065176396111107e8,1.4124944847222197e8,-2.94023154888891e7
Paris,6,180,60000,6,reachable_union,881fb4674dfffff,1.698160269333331e8,1.4181412194444412e8,-2.800190498888898e7
Paris,6,180,60000,6,reachable_union,881fb46751fffff,1.7175404666666675e8,1.3757710876111075e8,-3.417693790555599e7
Paris,6,180,60000,6,reachable_union,881fb46753fffff,1.7211207716111124e8,1.3988217304999986e8,-3.2229904111111373e7
Paris,6,180,60000,6,reachable_union,881fb46755fffff,1.7096924936111116e8,1.4011431542777765e8,-3.0854933933333516e7
Paris,6,180,60000,6,reachable_union,881fb46757fffff,1.717329537111112e8,1.412646578777774e8,-3.046829583333379e7
Paris,6,180,60000,6,reachable_union,881fb46759fffff,1.7221329812222227e8,1.4472358477222183e8,-2.748971335000044e7
Paris,6,180,60000,6,reachable_union,881fb4675bfffff,1.728293391000001e8,1.4600813828888866e8,-2.682120081111145e7
Paris,6,180,60000,6,reachable_union,881fb4675dfffff,1.7144155053888893e8,1.3740564187777746e8,-3.4035908661111474e7
Paris,6,180,60000,6,reachable_union,881fb46763fffff,1.6834863407777765e8,1.4343053624999973e8,-2.4918097827777922e7
Paris,6,180,60000,6,reachable_union,881fb4676bfffff,1.681513417888888e8,1.4315601088888872e8,-2.4995330900000095e7
Paris,6,180,60000,6,reachable_union,881fb47591fffff,1.7014750983333322e8,1.3555074131111073e8,-3.459676852222249e7
Paris,6,180,60000,6,reachable_union,881fb47593fffff,1.714608044166666e8,1.4715057939999977e8,-2.431022501666683e7
Paris,6,180,60000,6,reachable_union,881fb47595fffff,1.7051499191666663e8,1.3521933363333288e8,-3.529565828333375e7
Paris,6,180,60000,6,reachable_union,881fb47597fffff,1.714096267111111e8,1.4516534886666647e8,-2.6244277844444633e7
Paris,6,180,60000,6,reachable_union,881fb4759bfffff,1.7035056697777775e8,1.4219814346666637e8,-2.815242351111138e7
Paris,6,180,60000,6,reachable_union,881fb475a3fffff,1.7100188221666655e8,1.4316950992777744e8,-2.783237228888911e7
Paris,6,180,60000,6,reachable_union,881fb475a7fffff,1.6941667896111098e8,1.4090628217777744e8,-2.851039678333354e7
Paris,6,180,60000,6,reachable_union,881fb475b1fffff,1.71162989211111e8,1.4004266176111087e8,-3.1120327450000137e7
Paris,6,180,60000,6,reachable_union,881fb475b3fffff,1.722321021833334e8,1.4467394355555543e8,-2.7558158627777964e7
Paris,6,180,60000,6,reachable_union,881fb475b5fffff,1.7054975819444436e8,1.3773089982777736e8,-3.2818858366667002e7
Paris,6,180,60000,6,reachable_union,881fb475b7fffff,1.7091833623333323e8,1.4212006728888875e8,-2.8798268944444478e7
Paris,6,180,60000,6,reachable_union,881fb475b9fffff,1.701622021999999e8,1.349796832611108e8,-3.5182518938889086e7
Paris,6,180,60000,6,reachable_union,881fb475bbfffff,1.7158418451666665e8,1.4307129509999996e8,-2.8512889416666687e7
Paris,6,180,60000,6,reachable_union,881fb475bdfffff,1.6994343403333318e8,1.3788276108333293e8,-3.2060672950000256e7
Paris,6,180,60000,12,mean_intersection,881fb46401fffff,2.74524874e8,2.5901393e8,-1.5510944e7
Paris,6,180,60000,12,mean_intersection,881fb46405fffff,2.73883086e8,2.58447652e8,-1.5435434e7
Paris,6,180,60000,12,mean_intersection,881fb46409fffff,2.75302426e8,2.59297845e8,-1.6004581e7
Paris,6,180,60000,12,mean_intersection,881fb4640bfffff,2.74944331e8,2.58799233e8,-1.6145098e7
Paris,6,180,60000,12,mean_intersection,881fb4640dfffff,2.75183472e8,2.5939736e8,-1.5786112e7
Paris,6,180,60000,12,mean_intersection,881fb46429fffff,2.74496345e8,2.58419515e8,-1.607683e7
Paris,6,180,60000,12,mean_intersection,881fb4642dfffff,2.74265313e8,2.58162136e8,-1.6103177e7
Paris,6,180,60000,12,mean_intersection,881fb46441fffff,2.8189002e8,2.61818937e8,-2.0071083e7
Paris,6,180,60000,12,mean_intersection,881fb46443fffff,2.81207134e8,2.60671418e8,-2.0535716e7
Paris,6,180,60000,12,mean_intersection,881fb46445fffff,2.81386885e8,2.61842449e8,-1.9544436e7
Paris,6,180,60000,12,mean_intersection,881fb46447fffff,2.81375496e8,2.60766313e8,-2.0609183e7
Paris,6,180,60000,12,mean_intersection,881fb46449fffff,2.81659621e8,2.61683053e8,-1.9976568e7
Paris,6,180,60000,12,mean_intersection,881fb4644bfffff,2.81466934e8,2.61363192e8,-2.0103742e7
Paris,6,180,60000,12,mean_intersection,881fb4644dfffff,2.81763447e8,2.61840047e8,-1.99234e7
Paris,6,180,60000,12,mean_intersection,881fb46451fffff,2.75369185e8,2.5847014e8,-1.6899045e7
Paris,6,180,60000,12,mean_intersection,881fb46453fffff,2.74547971e8,2.58454652e8,-1.6093319e7
Paris,6,180,60000,12,mean_intersection,881fb46455fffff,2.77259547e8,2.60117158e8,-1.7142389e7
Paris,6,180,60000,12,mean_intersection,881fb46457fffff,2.76779581e8,2.59141817e8,-1.7637764e7
Paris,6,180,60000,12,mean_intersection,881fb46459fffff,2.75430833e8,2.59661812e8,-1.5769021e7
Paris,6,180,60000,12,mean_intersection,881fb4645bfffff,2.75144843e8,2.59250796e8,-1.5894047e7
Paris,6,180,60000,12,mean_intersection,881fb4645dfffff,2.7733067e8,2.60061839e8,-1.7268831e7
Paris,6,180,60000,12,mean_intersection,881fb46461fffff,2.75175446e8,2.5884783e8,-1.6327616e7
Paris,6,180,60000,12,mean_intersection,881fb46463fffff,2.74983047e8,2.59044163e8,-1.5938884e7
Paris,6,180,60000,12,mean_intersection,881fb46465fffff,2.75083456e8,2.60076047e8,-1.5007409e7
Paris,6,180,60000,12,mean_intersection,881fb46467fffff,2.74825666e8,2.58647977e8,-1.6177689e7
Paris,6,180,60000,12,mean_intersection,881fb46469fffff,2.77412211e8,2.60711703e8,-1.6700508e7
Paris,6,180,60000,12,mean_intersection,881fb4646bfffff,2.77055371e8,2.59627456e8,-1.7427915e7
Paris,6,180,60000,12,mean_intersection,881fb4646dfffff,2.75539303e8,2.60252281e8,-1.5287022e7
Paris,6,180,60000,12,mean_intersection,881fb46559fffff,2.74288879e8,2.59462198e8,-1.4826681e7
Paris,6,180,60000,12,mean_intersection,881fb4655bfffff,2.74327958e8,2.5822761e8,-1.6100348e7
Paris,6,180,60000,12,mean_intersection,881fb46601fffff,2.79784676e8,2.6304982e8,-1.6734856e7
Paris,6,180,60000,12,mean_intersection,881fb46603fffff,2.7940216e8,2.62615267e8,-1.6786893e7
Paris,6,180,60000,12,mean_intersection,881fb46605fffff,2.8049037e8,2.68502315e8,-1.1988055e7
Paris,6,180,60000,12,mean_intersection,881fb46607fffff,2.79953974e8,2.62546441e8,-1.7407533e7
Paris,6,180,60000,12,mean_intersection,881fb46609fffff,2.79672809e8,2.62946414e8,-1.6726395e7
Paris,6,180,60000,12,mean_intersection,881fb4660bfffff,2.79467331e8,2.62149653e8,-1.7317678e7
Paris,6,180,60000,12,mean_intersection,881fb4660dfffff,2.80445364e8,2.63340178e8,-1.7105186e7
Paris,6,180,60000,12,mean_intersection,881fb46611fffff,2.74972631e8,2.61148321e8,-1.382431e7
Paris,6,180,60000,12,mean_intersection,881fb46615fffff,2.79108819e8,2.61498712e8,-1.7610107e7
Paris,6,180,60000,12,mean_intersection,881fb46617fffff,2.75103259e8,2.60512228e8,-1.4591031e7
Paris,6,180,60000,12,mean_intersection,881fb46619fffff,2.74906344e8,2.60717593e8,-1.4188751e7
Paris,6,180,60000,12,mean_intersection,881fb4661dfffff,2.79098732e8,2.6200882e8,-1.7089912e7
Paris,6,180,60000,12,mean_intersection,881fb46621fffff,2.80123149e8,2.62031249e8,-1.80919e7
Paris,6,180,60000,12,mean_intersection,881fb46623fffff,2.80239881e8,2.62231507e8,-1.8008374e7
Paris,6,180,60000,12,mean_intersection,881fb46625fffff,2.81800213e8,2.61524491e8,-2.0275722e7
Paris,6,180,60000,12,mean_intersection,881fb46627fffff,2.81707211e8,2.62692784e8,-1.9014427e7
Paris,6,180,60000,12,mean_intersection,881fb46629fffff,2.81985627e8,2.63114604e8,-1.8871023e7
Paris,6,180,60000,12,mean_intersection,881fb4662bfffff,2.80412135e8,2.63067813e8,-1.7344322e7
Paris,6,180,60000,12,mean_intersection,881fb4662dfffff,2.81961995e8,2.62593566e8,-1.9368429e7
Paris,6,180,60000,12,mean_intersection,881fb46631fffff,2.79544566e8,2.60933308e8,-1.8611258e7
Paris,6,180,60000,12,mean_intersection,881fb46633fffff,2.74605633e8,2.59674783e8,-1.493085e7
Paris,6,180,60000,12,mean_intersection,881fb46635fffff,2.79676224e8,2.61623837e8,-1.8052387e7
Paris,6,180,60000,12,mean_intersection,881fb46637fffff,2.77112827e8,2.6042503e8,-1.6687797e7
Paris,6,180,60000,12,mean_intersection,881fb46639fffff,2.79515007e8,2.62187369e8,-1.7327638e7
Paris,6,180,60000,12,mean_intersection,881fb4663bfffff,2.79162158e8,2.60925922e8,-1.8236236e7
Paris,6,180,60000,12,mean_intersection,881fb4663dfffff,2.79833048e8,2.62250868e8,-1.758218e7
Paris,6,180,60000,12,mean_intersection,881fb46641fffff,2.7479168e8,2.61100777e8,-1.3690903e7
Paris,6,180,60000,12,mean_intersection,881fb46643fffff,2.79279131e8,2.61708627e8,-1.7570504e7
Paris,6,180,60000,12,mean_intersection,881fb46645fffff,2.79719886e8,2.6199099e8,-1.7728896e7
Paris,6,180,60000,12,mean_intersection,881fb46647fffff,2.79842096e8,2.6303979e8,-1.6802306e7
Paris,6,180,60000,12,mean_intersection,881fb4664dfffff,2.7948652e8,2.61290749e8,-1.8195771e7
Paris,6,180,60000,12,mean_intersection,881fb46655fffff,2.75155652e8,2.61522482e8,-1.363317e7
Paris,6,180,60000,12,mean_intersection,881fb46657fffff,2.75141983e8,2.61731433e8,-1.341055e7
Paris,6,180,60000,12,mean_intersection,881fb46661fffff,2.80224546e8,2.6259482e8,-1.7629726e7
Paris,6,180,60000,12,mean_intersection,881fb46663fffff,2.80257582e8,2.63036871e8,-1.7220711e7
Paris,6,180,60000,12,mean_intersection,881fb46665fffff,2.80168502e8,2.61766661e8,-1.8401841e7
Paris,6,180,60000,12,mean_intersection,881fb46667fffff,2.80000999e8,2.62242084e8,-1.7758915e7
Paris,6,180,60000,12,mean_intersection,881fb46669fffff,2.79795034e8,2.61745486e8,-1.8049548e7
Paris,6,180,60000,12,mean_intersection,881fb4666bfffff,2.79895833e8,2.62614261e8,-1.7281572e7
Paris,6,180,60000,12,mean_intersection,881fb4666dfffff,2.79850821e8,2.61622733e8,-1.8228088e7
Paris,6,180,60000,12,mean_intersection,881fb466e5fffff,2.74925146e8,2.59599394e8,-1.5325752e7
Paris,6,180,60000,12,mean_intersection,881fb466edfffff,2.7485893e8,2.59709075e8,-1.5149855e7
Paris,6,180,60000,12,mean_intersection,881fb46701fffff,2.75452769e8,2.61978726e8,-1.3474043e7
Paris,6,180,60000,12,mean_intersection,881fb46703fffff,2.75546733e8,2.61928144e8,-1.3618589e7
Paris,6,180,60000,12,mean_intersection,881fb46705fffff,2.74946543e8,2.61846291e8,-1.3100252e7
Paris,6,180,60000,12,mean_intersection,881fb46707fffff,2.75227374e8,2.61862233e8,-1.3365141e7
Paris,6,180,60000,12,mean_intersection,881fb46709fffff,2.75326465e8,2.6183394e8,-1.3492525e7
Paris,6,180,60000,12,mean_intersection,881fb4670bfffff,2.75750084e8,2.61916763e8,-1.3833321e7
Paris,6,180,60000,12,mean_intersection,881fb4670dfffff,2.74757884e8,2.6192409e8,-1.2833794e7
Paris,6,180,60000,12,mean_intersection,881fb46711fffff,2.75981157e8,2.61060197e8,-1.492096e7
Paris,6,180,60000,12,mean_intersection,881fb46713fffff,2.77448089e8,2.61065609e8,-1.638248e7
Paris,6,180,60000,12,mean_intersection,881fb46715fffff,2.75769047e8,2.61027194e8,-1.4741853e7
Paris,6,180,60000,12,mean_intersection,881fb46717fffff,2.75947877e8,2.61152368e8,-1.4795509e7
Paris,6,180,60000,12,mean_intersection,881fb46719fffff,2.80060019e8,2.62039319e8,-1.80207e7
Paris,6,180,60000,12,mean_intersection,881fb4671bfffff,2.77743191e8,2.61499305e8,-1.6243886e7
Paris,6,180,60000,12,mean_intersection,881fb4671dfffff,2.75986526e8,2.61659852e8,-1.4326674e7
Paris,6,180,60000,12,mean_intersection,881fb46721fffff,2.74283021e8,2.61187358e8,-1.3095663e7
Paris,6,180,60000,12,mean_intersection,881fb46723fffff,2.74948419e8,2.61383969e8,-1.356445e7
Paris,6,180,60000,12,mean_intersection,881fb46729fffff,2.74493469e8,2.61563671e8,-1.2929798e7
Paris,6,180,60000,12,mean_intersection,881fb4672bfffff,2.74244514e8,2.61288656e8,-1.2955858e7
Paris,6,180,60000,12,mean_intersection,881fb46731fffff,2.7505931e8,2.60876004e8,-1.4183306e7
Paris,6,180,60000,12,mean_intersection,881fb46733fffff,2.74947017e8,2.60122782e8,-1.4824235e7
Paris,6,180,60000,12,mean_intersection,881fb46735fffff,2.74419593e8,2.61193561e8,-1.3226032e7
Paris,6,180,60000,12,mean_intersection,881fb46737fffff,2.74564386e8,2.59203946e8,-1.536044e7
Paris,6,180,60000,12,mean_intersection,881fb46739fffff,2.7543953e8,2.61574793e8,-1.3864737e7
Paris,6,180,60000,12,mean_intersection,881fb4673bfffff,2.75357918e8,2.60335511e8,-1.5022407e7
Paris,6,180,60000,12,mean_intersection,881fb4673dfffff,2.75209521e8,2.61706815e8,-1.3502706e7
Paris,6,180,60000,12,mean_intersection,881fb46741fffff,2.74974075e8,2.61225712e8,-1.3748363e7
Paris,6,180,60000,12,mean_intersection,881fb46743fffff,2.75298435e8,2.61759551e8,-1.3538884e7
Paris,6,180,60000,12,mean_intersection,881fb46745fffff,2.74516445e8,2.61328744e8,-1.3187701e7
Paris,6,180,60000,12,mean_intersection,881fb46747fffff,2.75031158e8,2.61622897e8,-1.3408261e7
Paris,6,180,60000,12,mean_intersection,881fb46749fffff,2.752695e8,2.61210457e8,-1.4059043e7
Paris,6,180,60000,12,mean_intersection,881fb4674bfffff,2.75385592e8,2.61001679e8,-1.4383913e7
Paris,6,180,60000,12,mean_intersection,881fb4674dfffff,2.75122951e8,2.61123161e8,-1.399979e7
Paris,6,180,60000,12,mean_intersection,881fb46751fffff,2.75971964e8,2.60790043e8,-1.5181921e7
Paris,6,180,60000,12,mean_intersection,881fb46753fffff,2.8015213e8,2.61047639e8,-1.9104491e7
Paris,6,180,60000,12,mean_intersection,881fb46755fffff,2.75703899e8,2.61361173e8,-1.4342726e7
Paris,6,180,60000,12,mean_intersection,881fb46757fffff,2.79848983e8,2.61613952e8,-1.8235031e7
Paris,6,180,60000,12,mean_intersection,881fb46759fffff,2.8009757e8,2.61384589e8,-1.8712981e7
Paris,6,180,60000,12,mean_intersection,881fb4675bfffff,2.81764828e8,2.6151154e8,-2.0253288e7
Paris,6,180,60000,12,mean_intersection,881fb4675dfffff,2.7585322e8,2.60499585e8,-1.5353635e7
Paris,6,180,60000,12,mean_intersection,881fb46763fffff,2.74663445e8,2.61546478e8,-1.3116967e7
Paris,6,180,60000,12,mean_intersection,881fb4676bfffff,2.74423281e8,2.61433118e8,-1.2990163e7
Paris,6,180,60000,12,mean_intersection,881fb47591fffff,2.75022395e8,2.58982219e8,-1.6040176e7
Paris,6,180,60000,12,mean_intersection,881fb47593fffff,2.79299762e8,2.61234217e8,-1.8065545e7
Paris,6,180,60000,12,mean_intersection,881fb47595fffff,2.75239759e8,2.59185977e8,-1.6053782e7
Paris,6,180,60000,12,mean_intersection,881fb47597fffff,2.79394653e8,2.61049697e8,-1.8344956e7
Paris,6,180,60000,12,mean_intersection,881fb4759bfffff,2.7523829e8,2.59927361e8,-1.5310929e7
Paris,6,180,60000,12,mean_intersection,881fb475a3fffff,2.75676316e8,2.61230611e8,-1.4445705e7
Paris,6,180,60000,12,mean_intersection,881fb475a7fffff,2.74963182e8,2.60834106e8,-1.4129076e7
Paris,6,180,60000,12,mean_intersection,881fb475b1fffff,2.7575498e8,2.60721536e8,-1.5033444e7
Paris,6,180,60000,12,mean_intersection,881fb475b3fffff,2.79963385e8,2.61527466e8,-1.8435919e7
Paris,6,180,60000,12,mean_intersection,881fb475b5fffff,2.75461861e8,2.59744347e8,-1.5717514e7
Paris,6,180,60000,12,mean_intersection,881fb475b7fffff,2.75651511e8,2.6049869e8,-1.5152821e7
Paris,6,180,60000,12,mean_intersection,881fb475b9fffff,2.75368279e8,2.59172488e8,-1.6195791e7
Paris,6,180,60000,12,mean_intersection,881fb475bbfffff,2.79415806e8,2.60941274e8,-1.8474532e7
Paris,6,180,60000,12,mean_intersection,881fb475bdfffff,2.7521846e8,2.60360431e8,-1.4858029e7
Paris,6,180,60000,12,reachable_union,881fb46401fffff,2.9542137485555553e8,2.77674055761111e8,-1.7747319094444513e7
Paris,6,180,60000,12,reachable_union,881fb46405fffff,2.941209835000001e8,2.7665739630555546e8,-1.7463587194444656e7
Paris,6,180,60000,12,reachable_union,881fb46409fffff,2.9641069469444424e8,2.7845834323888934e8,-1.7952351455554903e7
Paris,6,180,60000,12,reachable_union,881fb4640bfffff,2.9587954074444425e8,2.773360900333337e8,-1.8543450711110532e7
Paris,6,180,60000,12,reachable_union,881fb4640dfffff,2.962847822444445e8,2.783297363222218e8,-1.7955045922222674e7
Paris,6,180,60000,12,reachable_union,881fb46429fffff,2.9520403308888894e8,2.7652132031111157e8,-1.8682712777777374e7
Paris,6,180,60000,12,reachable_union,881fb4642dfffff,2.947978744388888e8,2.7577780171666723e8,-1.9020072722221553e7
Paris,6,180,60000,12,reachable_union,881fb46441fffff,2.978872262555554e8,2.8379321884444386e8,-1.4094007411111534e7
Paris,6,180,60000,12,reachable_union,881fb46443fffff,2.974216908166666e8,2.806530889055542e8,-1.6768601911112428e7
Paris,6,180,60000,12,reachable_union,881fb46445fffff,2.973799646888888e8,2.825143530277784e8,-1.4865611661110401e7
Paris,6,180,60000,12,reachable_union,881fb46447fffff,2.974277134499999e8,2.8219867812222147e8,-1.5229035327778459e7
Paris,6,180,60000,12,reachable_union,881fb46449fffff,2.976744752444444e8,2.8362044083333224e8,-1.405403441111213e7
Paris,6,180,60000,12,reachable_union,881fb4644bfffff,2.975453105277778e8,2.831222318111101e8,-1.4423078716667712e7
Paris,6,180,60000,12,reachable_union,881fb4644dfffff,2.977559581388887e8,2.836567963111117e8,-1.4099161827777028e7
Paris,6,180,60000,12,reachable_union,881fb46451fffff,2.964944532666666e8,2.777828220611113e8,-1.871163120555532e7
Paris,6,180,60000,12,reachable_union,881fb46453fffff,2.953995487277777e8,2.766246888444448e8,-1.877485988333291e7
Paris,6,180,60000,12,reachable_union,881fb46455fffff,2.9701997585555553e8,2.79464275505555e8,-1.755570035000056e7
Paris,6,180,60000,12,reachable_union,881fb46457fffff,2.962954997333334e8,2.7747739734444475e8,-1.8818102388888657e7
Paris,6,180,60000,12,reachable_union,881fb46459fffff,2.9660449111666656e8,2.7914614906666696e8,-1.7458342049999595e7
Paris,6,180,60000,12,reachable_union,881fb4645bfffff,2.960390768722221e8,2.7795206815555495e8,-1.8087008716667175e7
Paris,6,180,60000,12,reachable_union,881fb4645dfffff,2.9717410160555553e8,2.799173548500002e8,-1.725674675555533e7
Paris,6,180,60000,12,reachable_union,881fb46461fffff,2.963342263333334e8,2.7743468991666776e8,-1.8899536416665614e7
Paris,6,180,60000,12,reachable_union,881fb46463fffff,2.958907788833332e8,2.777312752888896e8,-1.815950359444362e7
Paris,6,180,60000,12,reachable_union,881fb46465fffff,2.959933476722222e8,2.796131866222225e8,-1.6380161049999714e7
Paris,6,180,60000,12,reachable_union,881fb46467fffff,2.9577615126666653e8,2.770326728222226e8,-1.874347844444394e7
Paris,6,180,60000,12,reachable_union,881fb46469fffff,2.970918308166665e8,2.8075209895000035e8,-1.6339731866666138e7
Paris,6,180,60000,12,reachable_union,881fb4646bfffff,2.968223012555555e8,2.79401646988889e8,-1.742065426666653e7
Paris,6,180,60000,12,reachable_union,881fb4646dfffff,2.967770778499999e8,2.8006490310555685e8,-1.6712174744443059e7
Paris,6,180,60000,12,reachable_union,881fb46559fffff,2.953958535055554e8,2.7868026306666684e8,-1.671559043888855e7
Paris,6,180,60000,12,reachable_union,881fb4655bfffff,2.953088045722222e8,2.760313257944449e8,-1.9277478777777255e7
Paris,6,180,60000,12,reachable_union,881fb46601fffff,2.970481075055554e8,2.8423618997777873e8,-1.2811917527776659e7
Paris,6,180,60000,12,reachable_union,881fb46603fffff,2.9660497366666645e8,2.834766707611121e8,-1.3128302905554354e7
Paris,6,180,60000,12,reachable_union,881fb46605fffff,2.976941205333331e8,2.851745299222233e8,-1.2519590611109793e7
Paris,6,180,60000,12,reachable_union,881fb46607fffff,2.97232069572222e8,2.840758715555569e8,-1.3156198016665101e7
Paris,6,180,60000,12,reachable_union,881fb46609fffff,2.970035042833331e8,2.841019412166681e8,-1.2901563066664994e7
Paris,6,180,60000,12,reachable_union,881fb4660bfffff,2.966280539555553e8,2.8305964202222335e8,-1.3568411933331966e7
Paris,6,180,60000,12,reachable_union,881fb4660dfffff,2.9756835173888874e8,2.846764934944457e8,-1.2891858244443059e7
Paris,6,180,60000,12,reachable_union,881fb46611fffff,2.9562490111666626e8,2.812463750944458e8,-1.4378526022220433e7
Paris,6,180,60000,12,reachable_union,881fb46615fffff,2.9629339744999963e8,2.821302576111124e8,-1.4163139838887215e7
Paris,6,180,60000,12,reachable_union,881fb46617fffff,2.95837789933333e8,2.8028718018888944e8,-1.5550609744443536e7
Paris,6,180,60000,12,reachable_union,881fb46619fffff,2.955407994333329e8,2.805233968222237e8,-1.5017402611109197e7
Paris,6,180,60000,12,reachable_union,881fb4661dfffff,2.961958747499997e8,2.827304578777791e8,-1.3465416872220576e7
Paris,6,180,60000,12,reachable_union,881fb46621fffff,2.974565431611109e8,2.831908057500027e8,-1.4265737411108196e7
Paris,6,180,60000,12,reachable_union,881fb46623fffff,2.9771209741111094e8,2.8376816569444567e8,-1.3943931716665268e7
Paris,6,180,60000,12,reachable_union,881fb46625fffff,2.9784101425555533e8,2.835955265388892e8,-1.4245487716666102e7
Paris,6,180,60000,12,reachable_union,881fb46627fffff,2.977499126555555e8,2.8414755885000044e8,-1.3602353805555046e7
Paris,6,180,60000,12,reachable_union,881fb46629fffff,2.97859248222222e8,2.8538954992777765e8,-1.2469698294444323e7
Paris,6,180,60000,12,reachable_union,881fb4662bfffff,2.9768656824444425e8,2.8510608274444586e8,-1.258048549999839e7
Paris,6,180,60000,12,reachable_union,881fb4662dfffff,2.97915665983333e8,2.854195377277772e8,-1.2496128255555809e7
Paris,6,180,60000,12,reachable_union,881fb46631fffff,2.9679807813888866e8,2.8123201083333355e8,-1.5566067305555105e7
Paris,6,180,60000,12,reachable_union,881fb46633fffff,2.9538913206111073e8,2.791996719944446e8,-1.6189460066666126e7
Paris,6,180,60000,12,reachable_union,881fb46635fffff,2.9713401327222204e8,2.8249665742777926e8,-1.4637355844442785e7
Paris,6,180,60000,12,reachable_union,881fb46637fffff,2.9684009429444426e8,2.806898697500008e8,-1.6150224544443488e7
Paris,6,180,60000,12,reachable_union,881fb46639fffff,2.9683312858888865e8,2.832611147166679e8,-1.3572013872220755e7
Paris,6,180,60000,12,reachable_union,881fb4663bfffff,2.96297461533333e8,2.813581882111115e8,-1.4939273322221518e7
Paris,6,180,60000,12,reachable_union,881fb4663dfffff,2.973551335444443e8,2.838362427000016e8,-1.3518890844442725e7
Paris,6,180,60000,12,reachable_union,881fb46641fffff,2.9551126257222193e8,2.807929073055569e8,-1.4718355266665041e7
Paris,6,180,60000,12,reachable_union,881fb46643fffff,2.9630587098333305e8,2.818880742166676e8,-1.4417796766665459e7
Paris,6,180,60000,12,reachable_union,881fb46645fffff,2.969133519166665e8,2.825143127166683e8,-1.43990391999982e7
Paris,6,180,60000,12,reachable_union,881fb46647fffff,2.969770146833331e8,2.8401178042222327e8,-1.2965234261109829e7
Paris,6,180,60000,12,reachable_union,881fb4664dfffff,2.9660467178888875e8,2.8116442530555725e8,-1.5440246483331501e7
Paris,6,180,60000,12,reachable_union,881fb46655fffff,2.960884154888885e8,2.8196347042222357e8,-1.4124945066664934e7
Paris,6,180,60000,12,reachable_union,881fb46657fffff,2.9608661373888856e8,2.821828413500012e8,-1.3903772388887346e7
Paris,6,180,60000,12,reachable_union,881fb46661fffff,2.9741936682222193e8,2.838260636055576e8,-1.3593303216664314e7
Paris,6,180,60000,12,reachable_union,881fb46663fffff,2.9760354168888885e8,2.84616169016667e8,-1.298737267222184e7
Paris,6,180,60000,12,reachable_union,881fb46665fffff,2.9757257045e8,2.821659377055562e8,-1.5406632744443774e7
Paris,6,180,60000,12,reachable_union,881fb46667fffff,2.9767574506111115e8,2.837159399611111e8,-1.3959805100000024e7
Paris,6,180,60000,12,reachable_union,881fb46669fffff,2.971448102277777e8,2.822052680666673e8,-1.4939542161110401e7
Paris,6,180,60000,12,reachable_union,881fb4666bfffff,2.9720152863888884e8,2.8331175972777885e8,-1.3889768911109984e7
Paris,6,180,60000,12,reachable_union,881fb4666dfffff,2.97159443661111e8,2.819178092111114e8,-1.524163444999957e7
Paris,6,180,60000,12,reachable_union,881fb466e5fffff,2.95695051738889e8,2.789088970111105e8,-1.6786154727778494e7
Paris,6,180,60000,12,reachable_union,881fb466edfffff,2.954492463777777e8,2.7901789922777736e8,-1.6431347150000334e7
Paris,6,180,60000,12,reachable_union,881fb46701fffff,2.9685706942222226e8,2.821715722333349e8,-1.4685497188887358e7
Paris,6,180,60000,12,reachable_union,881fb46703fffff,2.968319450555557e8,2.8220019058889043e8,-1.4631754466665268e7
Paris,6,180,60000,12,reachable_union,881fb46705fffff,2.95904125261111e8,2.8190345214444613e8,-1.4000673116664886e7
Paris,6,180,60000,12,reachable_union,881fb46707fffff,2.9631236502777785e8,2.8197238737777925e8,-1.4339977649998605e7
Paris,6,180,60000,12,reachable_union,881fb46709fffff,2.965571259500001e8,2.8195039956111264e8,-1.4606726388887465e7
Paris,6,180,60000,12,reachable_union,881fb4670bfffff,2.970968571444445e8,2.82185838516668e8,-1.4911018627776504e7
Paris,6,180,60000,12,reachable_union,881fb4670dfffff,2.9613471178333324e8,2.8206484571666825e8,-1.4069866066664994e7
Paris,6,180,60000,12,reachable_union,881fb46711fffff,2.9726788519444454e8,2.8151254376111215e8,-1.5755341433332384e7
Paris,6,180,60000,12,reachable_union,881fb46713fffff,2.971952753833335e8,2.819370348388898e8,-1.5258240544443727e7
Paris,6,180,60000,12,reachable_union,881fb46715fffff,2.969280978555557e8,2.81006867316667e8,-1.5921230538888693e7
Paris,6,180,60000,12,reachable_union,881fb46717fffff,2.9708018284444463e8,2.814885785333346e8,-1.559160431111002e7
Paris,6,180,60000,12,reachable_union,881fb46719fffff,2.9753753875000006e8,2.8346968138888836e8,-1.40678573611117e7
Paris,6,180,60000,12,reachable_union,881fb4671bfffff,2.975943443166668e8,2.823368693722239e8,-1.5257474944442868e7
Paris,6,180,60000,12,reachable_union,881fb4671dfffff,2.972307521277779e8,2.8252190969444513e8,-1.4708842433332741e7
Paris,6,180,60000,12,reachable_union,881fb46721fffff,2.949757215388889e8,2.8162758368889004e8,-1.3348137849998832e7
Paris,6,180,60000,12,reachable_union,881fb46723fffff,2.957653237444445e8,2.817234555000014e8,-1.4041868244443119e7
Paris,6,180,60000,12,reachable_union,881fb46729fffff,2.9545215219444436e8,2.816889777444452e8,-1.3763174449999154e7
Paris,6,180,60000,12,reachable_union,881fb4672bfffff,2.946066274833332e8,2.8156383025555634e8,-1.3042797227776825e7
Paris,6,180,60000,12,reachable_union,881fb46731fffff,2.9608199471666676e8,2.8094077357222164e8,-1.5141221144445121e7
Paris,6,180,60000,12,reachable_union,881fb46733fffff,2.960683118333337e8,2.7980284689444333e8,-1.6265464938890338e7
Paris,6,180,60000,12,reachable_union,881fb46735fffff,2.9516999418888885e8,2.814519790388905e8,-1.3718015149998367e7
Paris,6,180,60000,12,reachable_union,881fb46737fffff,2.9544080679444456e8,2.805728549833335e8,-1.4867951811111033e7
Paris,6,180,60000,12,reachable_union,881fb46739fffff,2.9661776451666677e8,2.8195505235555637e8,-1.4662712161110401e7
Paris,6,180,60000,12,reachable_union,881fb4673bfffff,2.96349624427778e8,2.8047226501111215e8,-1.5877359416665852e7
Paris,6,180,60000,12,reachable_union,881fb4673dfffff,2.961992423166667e8,2.8189639087777895e8,-1.4302851438887775e7
Paris,6,180,60000,12,reachable_union,881fb46741fffff,2.959366043611111e8,2.8158226568333435e8,-1.4354338677776754e7
Paris,6,180,60000,12,reachable_union,881fb46743fffff,2.964217950833334e8,2.818697035444452e8,-1.4552091538888156e7
Paris,6,180,60000,12,reachable_union,881fb46745fffff,2.957306328166667e8,2.817425192833353e8,-1.3988113533331394e7
Paris,6,180,60000,12,reachable_union,881fb46747fffff,2.961136724666667e8,2.820034920222233e8,-1.4110180444443405e7
Paris,6,180,60000,12,reachable_union,881fb46749fffff,2.963075324777776e8,2.813514234333341e8,-1.4956109044443488e7
Paris,6,180,60000,12,reachable_union,881fb4674bfffff,2.965367141055555e8,2.8122125276111215e8,-1.5315461344443321e7
Paris,6,180,60000,12,reachable_union,881fb4674dfffff,2.9612865252222204e8,2.8127469289444536e8,-1.4853959627776682e7
Paris,6,180,60000,12,reachable_union,881fb46751fffff,2.9730107741666675e8,2.8116643883889e8,-1.613463857777673e7
Paris,6,180,60000,12,reachable_union,881fb46753fffff,2.9765607855555564e8,2.818656160444459e8,-1.579046251110977e7
Paris,6,180,60000,12,reachable_union,881fb46755fffff,2.96987920338889e8,2.811795826833343e8,-1.5808337655554712e7
Paris,6,180,60000,12,reachable_union,881fb46757fffff,2.973504623666668e8,2.822902979666673e8,-1.50601643999995e7
Paris,6,180,60000,12,reachable_union,881fb46759fffff,2.9744922735555553e8,2.8190891878888994e8,-1.554030856666559e7
Paris,6,180,60000,12,reachable_union,881fb4675bfffff,2.9772270476666677e8,2.832086039499986e8,-1.4514100816668153e7
Paris,6,180,60000,12,reachable_union,881fb4675dfffff,2.9709584965000004e8,2.808821677611121e8,-1.6213681888887942e7
Paris,6,180,60000,12,reachable_union,881fb46763fffff,2.955882634388888e8,2.819146111388897e8,-1.3673652299999118e7
Paris,6,180,60000,12,reachable_union,881fb4676bfffff,2.9550182063333327e8,2.8187555837777865e8,-1.3626262255554616e7
Paris,6,180,60000,12,reachable_union,881fb47591fffff,2.959524619444442e8,2.775862613666661e8,-1.83662005777781e7
Paris,6,180,60000,12,reachable_union,881fb47593fffff,2.965407883999999e8,2.809897928666675e8,-1.5550995533332407e7
Paris,6,180,60000,12,reachable_union,881fb47595fffff,2.9633035176111096e8,2.7783285023333263e8,-1.8497501527778327e7
Paris,6,180,60000,12,reachable_union,881fb47597fffff,2.967348069722221e8,2.8092425962222296e8,-1.581054734999913e7
Paris,6,180,60000,12,reachable_union,881fb4759bfffff,2.9609141848888856e8,2.794879333000004e8,-1.6603485188888133e7
Paris,6,180,60000,12,reachable_union,881fb475a3fffff,2.9678099973333323e8,2.8161021105000097e8,-1.5170788683332264e7
Paris,6,180,60000,12,reachable_union,881fb475a7fffff,2.957403012499998e8,2.806204490333346e8,-1.5119852216665208e7
Paris,6,180,60000,12,reachable_union,881fb475b1fffff,2.9680414494999987e8,2.806688032777789e8,-1.6135341672220945e7
Paris,6,180,60000,12,reachable_union,881fb475b3fffff,2.972648911833333e8,2.818770972333344e8,-1.5387793949998856e7
Paris,6,180,60000,12,reachable_union,881fb475b5fffff,2.965206783722222e8,2.793536485944456e8,-1.71670297777766e7
Paris,6,180,60000,12,reachable_union,881fb475b7fffff,2.9678521464999986e8,2.807045722500003e8,-1.6080642399999559e7
Paris,6,180,60000,12,reachable_union,881fb475b9fffff,2.962219217388888e8,2.7748584272222185e8,-1.873607901666695e7
Paris,6,180,60000,12,reachable_union,881fb475bbfffff,2.9683016073333323e8,2.807954090555551e8,-1.6034751677778125e7
Paris,6,180,60000,12,reachable_union,881fb475bdfffff,2.9611081744444436e8,2.796808449666669e8,-1.6429972477777481e7
London,6,4,60000,3,mean_intersection,88194ad025fffff,4.2001497e7,3.2860055e7,-9.141442e6
London,6,4,60000,3,mean_intersection,88194ad02dfffff,4.2017154e7,3.3266308e7,-8.750846e6
London,6,4,60000,3,mean_intersection,88194ad061fffff,4.2154816e7,3.1353417e7,-1.0801399e7
London,6,4,60000,3,mean_intersection,88194ad065fffff,4.2140838e7,4.0594726e7,-1.546112e6
London,6,4,60000,3,mean_intersection,88194ad067fffff,4.2141064e7,4.0425529e7,-1.715535e6
London,6,4,60000,3,mean_intersection,88194ad069fffff,4.215556e7,3.8912436e7,-3.243124e6
London,6,4,60000,3,mean_intersection,88194ad06dfffff,4.2155954e7,4.0450685e7,-1.705269e6
London,6,4,60000,3,mean_intersection,88194ad101fffff,4.2245233e7,3.426497e7,-7.980263e6
London,6,4,60000,3,mean_intersection,88194ad103fffff,4.2759677e7,3.4281598e7,-8.478079e6
London,6,4,60000,3,mean_intersection,88194ad105fffff,4.3252001e7,3.4289355e7,-8.962646e6
London,6,4,60000,3,mean_intersection,88194ad107fffff,4.2727111e7,3.4289474e7,-8.437637e6
London,6,4,60000,3,mean_intersection,88194ad109fffff,4.3011064e7,3.4286911e7,-8.724153e6
London,6,4,60000,3,mean_intersection,88194ad10bfffff,4.325376e7,3.4281796e7,-8.971964e6
London,6,4,60000,3,mean_intersection,88194ad10dfffff,4.3092403e7,3.4283504e7,-8.808899e6
London,6,4,60000,3,mean_intersection,88194ad111fffff,4.270658e7,3.428813e7,-8.41845e6
London,6,4,60000,3,mean_intersection,88194ad115fffff,4.2726076e7,3.4293755e7,-8.432321e6
London,6,4,60000,3,mean_intersection,88194ad119fffff,4.2707221e7,3.4275857e7,-8.431364e6
London,6,4,60000,3,mean_intersection,88194ad11bfffff,4.2001497e7,3.4306508e7,-7.694989e6
London,6,4,60000,3,mean_intersection,88194ad11dfffff,4.2772578e7,3.4289022e7,-8.483556e6
London,6,4,60000,3,mean_intersection,88194ad121fffff,4.2813762e7,3.4525364e7,-8.288398e6
London,6,4,60000,3,mean_intersection,88194ad123fffff,4.2337066e7,3.4531129e7,-7.805937e6
London,6,4,60000,3,mean_intersection,88194ad125fffff,4.2268204e7,3.3560264e7,-8.70794e6
London,6,4,60000,3,mean_intersection,88194ad127fffff,4.2870849e7,3.684843e7,-6.022419e6
London,6,4,60000,3,mean_intersection,88194ad129fffff,4.2839593e7,3.4390663e7,-8.44893e6
London,6,4,60000,3,mean_intersection,88194ad12bfffff,4.285764e7,3.4513784e7,-8.343856e6
London,6,4,60000,3,mean_intersection,88194ad12dfffff,4.2807229e7,3.4370953e7,-8.436276e6
London,6,4,60000,3,mean_intersection,88194ad139fffff,4.2724716e7,3.4281796e7,-8.44292e6
London,6,4,60000,3,mean_intersection,88194ad13dfffff,4.2337185e7,3.4391363e7,-7.945822e6
London,6,4,60000,3,mean_intersection,88194ad141fffff,4.3173268e7,3.4568559e7,-8.604709e6
London,6,4,60000,3,mean_intersection,88194ad143fffff,4.3011064e7,3.4290413e7,-8.720651e6
London,6,4,60000,3,mean_intersection,88194ad145fffff,4.4626866e7,3.7259559e7,-7.367307e6
London,6,4,60000,3,mean_intersection,88194ad147fffff,4.435282e7,3.6701905e7,-7.650915e6
London,6,4,60000,3,mean_intersection,88194ad149fffff,4.462831e7,3.6811703e7,-7.816607e6
London,6,4,60000,3,mean_intersection,88194ad14bfffff,4.3376716e7,3.4883529e7,-8.493187e6
London,6,4,60000,3,mean_intersection,88194ad14dfffff,4.62346e7,4.0849469e7,-5.385131e6
London,6,4,60000,3,mean_intersection,88194ad151fffff,4.2226389e7,3.4286962e7,-7.939427e6
London,6,4,60000,3,mean_intersection,88194ad153fffff,4.2179703e7,3.4294369e7,-7.885334e6
London,6,4,60000,3,mean_intersection,88194ad155fffff,4.2750367e7,3.4268869e7,-8.481498e6
London,6,4,60000,3,mean_intersection,88194ad157fffff,4.2734717e7,3.4289022e7,-8.445695e6
London,6,4,60000,3,mean_intersection,88194ad159fffff,4.2276192e7,3.3506691e7,-8.769501e6
London,6,4,60000,3,mean_intersection,88194ad15bfffff,4.2232994e7,3.3493732e7,-8.739262e6
London,6,4,60000,3,mean_intersection,88194ad15dfffff,4.3002489e7,3.4288569e7,-8.71392e6
London,6,4,60000,3,mean_intersection,88194ad161fffff,4.4356232e7,3.4991304e7,-9.364928e6
London,6,4,60000,3,mean_intersection,88194ad163fffff,4.2979371e7,3.4305734e7,-8.673637e6
London,6,4,60000,3,mean_intersection,88194ad165fffff,4.3139664e7,3.471326e7,-8.426404e6
London,6,4,60000,3,mean_intersection,88194ad167fffff,4.2727871e7,3.4687619e7,-8.040252e6
London,6,4,60000,3,mean_intersection,88194ad169fffff,4.4756546e7,3.756943e7,-7.187116e6
London,6,4,60000,3,mean_intersection,88194ad16bfffff,4.2915841e7,3.4769098e7,-8.146743e6
London,6,4,60000,3,mean_intersection,88194ad16dfffff,4.4231624e7,3.7392517e7,-6.839107e6
London,6,4,60000,3,mean_intersection,88194ad301fffff,4.4654935e7,4.0989559e7,-3.665376e6
London,6,4,60000,3,mean_intersection,88194ad303fffff,4.2433765e7,4.0756878e7,-1.676887e6
London,6,4,60000,3,mean_intersection,88194ad305fffff,4.6283395e7,4.1632749e7,-4.650646e6
London,6,4,60000,3,mean_intersection,88194ad307fffff,4.4533138e7,4.1657618e7,-2.87552e6
London,6,4,60000,3,mean_intersection,88194ad309fffff,4.4234715e7,4.0245977e7,-3.988738e6
London,6,4,60000,3,mean_intersection,88194ad30bfffff,4.2537925e7,4.0246624e7,-2.291301e6
London,6,4,60000,3,mean_intersection,88194ad30dfffff,4.6208659e7,4.113247e7,-5.076189e6
London,6,4,60000,3,mean_intersection,88194ad311fffff,4.2910465e7,4.024743e7,-2.663035e6
London,6,4,60000,3,mean_intersection,88194ad313fffff,4.238331e7,4.0595013e7,-1.788297e6
London,6,4,60000,3,mean_intersection,88194ad315fffff,4.4256367e7,4.0250556e7,-4.005811e6
London,6,4,60000,3,mean_intersection,88194ad317fffff,4.2159185e7,4.0247421e7,-1.911764e6
London,6,4,60000,3,mean_intersection,88194ad31dfffff,4.224944e7,4.0247421e7,-2.002019e6
London,6,4,60000,3,mean_intersection,88194ad321fffff,4.6286972e7,4.0640977e7,-5.645995e6
London,6,4,60000,3,mean_intersection,88194ad323fffff,4.4439927e7,3.704158e7,-7.398347e6
London,6,4,60000,3,mean_intersection,88194ad325fffff,4.7584085e7,4.3028188e7,-4.555897e6
London,6,4,60000,3,mean_intersection,88194ad327fffff,4.6381853e7,4.113765e7,-5.244203e6
London,6,4,60000,3,mean_intersection,88194ad329fffff,4.7491367e7,4.6344456e7,-1.146911e6
London,6,4,60000,3,mean_intersection,88194ad32bfffff,4.4722491e7,4.1633988e7,-3.088503e6
London,6,4,60000,3,mean_intersection,88194ad32dfffff,4.7479442e7,4.3942204e7,-3.537238e6
London,6,4,60000,3,mean_intersection,88194ad331fffff,4.3381613e7,4.1738009e7,-1.643604e6
London,6,4,60000,3,mean_intersection,88194ad333fffff,4.2283817e7,4.0610611e7,-1.673206e6
London,6,4,60000,3,mean_intersection,88194ad335fffff,4.3381676e7,4.2453963e7,-927713.0
London,6,4,60000,3,mean_intersection,88194ad337fffff,4.29972e7,4.2110822e7,-886378.0
London,6,4,60000,3,mean_intersection,88194ad339fffff,4.2973894e7,4.1996915e7,-976979.0
London,6,4,60000,3,mean_intersection,88194ad33bfffff,4.2284882e7,4.0553939e7,-1.730943e6
London,6,4,60000,3,mean_intersection,88194ad33dfffff,4.4318651e7,4.1657618e7,-2.661033e6
London,6,4,60000,3,mean_intersection,88194ad345fffff,4.4236656e7,4.024723e7,-3.989426e6
London,6,4,60000,3,mean_intersection,88194ad347fffff,4.4459398e7,4.0248736e7,-4.210662e6
London,6,4,60000,3,mean_intersection,88194ad361fffff,4.621659e7,4.0404165e7,-5.812425e6
London,6,4,60000,3,mean_intersection,88194ad363fffff,4.6282403e7,4.1899321e7,-4.383082e6
London,6,4,60000,3,mean_intersection,88194ad365fffff,4.7674337e7,4.5255903e7,-2.418434e6
London,6,4,60000,3,mean_intersection,88194ad367fffff,4.6201624e7,4.2862653e7,-3.338971e6
London,6,4,60000,3,mean_intersection,88194ad369fffff,4.2976547e7,4.0247537e7,-2.72901e6
London,6,4,60000,3,mean_intersection,88194ad36bfffff,4.6109281e7,4.0248736e7,-5.860545e6
London,6,4,60000,3,mean_intersection,88194ad36dfffff,4.626394e7,4.0308493e7,-5.955447e6
London,6,4,60000,3,mean_intersection,88194ada49fffff,4.3229769e7,3.4926999e7,-8.30277e6
London,6,4,60000,3,mean_intersection,88194ada4bfffff,4.297001e7,3.4919863e7,-8.050147e6
London,6,4,60000,3,mean_intersection,88194ada51fffff,4.296009e7,3.1241294e7,-1.1718796e7
London,6,4,60000,3,mean_intersection,88194ada53fffff,4.2236637e7,3.0314128e7,-1.1922509e7
London,6,4,60000,3,mean_intersection,88194ada59fffff,4.3235155e7,3.4404002e7,-8.831153e6
London,6,4,60000,3,mean_intersection,88194ada5bfffff,4.2742816e7,3.1548848e7,-1.1193968e7
London,6,4,60000,3,mean_intersection,88194ada5dfffff,4.3033553e7,3.4637239e7,-8.396314e6
London,6,4,60000,3,mean_intersection,88195da481fffff,4.4393987e7,4.2753532e7,-1.640455e6
London,6,4,60000,3,mean_intersection,88195da483fffff,4.7519056e7,4.269208e7,-4.826976e6
London,6,4,60000,3,mean_intersection,88195da485fffff,4.3289989e7,4.2241702e7,-1.048287e6
London,6,4,60000,3,mean_intersection,88195da487fffff,4.4798367e7,3.8526196e7,-6.272171e6
London,6,4,60000,3,mean_intersection,88195da489fffff,4.4229859e7,4.3900022e7,-329837.0
London,6,4,60000,3,mean_intersection,88195da48bfffff,4.744098e7,4.4648136e7,-2.792844e6
London,6,4,60000,3,mean_intersection,88195da48dfffff,4.4757083e7,3.9191253e7,-5.56583e6
London,6,4,60000,3,mean_intersection,88195da491fffff,4.6428135e7,4.2161111e7,-4.267024e6
London,6,4,60000,3,mean_intersection,88195da493fffff,4.6420958e7,3.7987371e7,-8.433587e6
London,6,4,60000,3,mean_intersection,88195da495fffff,4.7466406e7,4.2232399e7,-5.234007e6
London,6,4,60000,3,mean_intersection,88195da497fffff,4.4567563e7,3.8377977e7,-6.189586e6
London,6,4,60000,3,mean_intersection,88195da499fffff,4.7512992e7,4.4032858e7,-3.480134e6
London,6,4,60000,3,mean_intersection,88195da49bfffff,4.7572876e7,4.1836817e7,-5.736059e6
London,6,4,60000,3,mean_intersection,88195da49dfffff,4.7497421e7,4.3425242e7,-4.072179e6
London,6,4,60000,3,mean_intersection,88195da4a3fffff,4.4270492e7,3.5403904e7,-8.866588e6
London,6,4,60000,3,mean_intersection,88195da4abfffff,4.3274578e7,3.8392564e7,-4.882014e6
London,6,4,60000,3,mean_intersection,88195da4b1fffff,4.4579981e7,3.7279891e7,-7.30009e6
London,6,4,60000,3,mean_intersection,88195da4b3fffff,4.3130303e7,3.7284794e7,-5.845509e6
London,6,4,60000,3,mean_intersection,88195da4b5fffff,4.4379472e7,3.5263626e7,-9.115846e6
London,6,4,60000,3,mean_intersection,88195da4b7fffff,4.2719907e7,3.4779787e7,-7.94012e6
London,6,4,60000,3,mean_intersection,88195da4b9fffff,4.443893e7,3.8517066e7,-5.921864e6
London,6,4,60000,3,mean_intersection,88195da4bbfffff,4.297001e7,3.7513147e7,-5.456863e6
London,6,4,60000,3,mean_intersection,88195da4bdfffff,4.5192234e7,3.9316757e7,-5.875477e6
London,6,4,60000,3,mean_intersection,88195da4c1fffff,4.4637409e7,4.0849688e7,-3.787721e6
London,6,4,60000,3,mean_intersection,88195da4c3fffff,4.7450539e7,4.3354196e7,-4.096343e6
London,6,4,60000,3,mean_intersection,88195da4c7fffff,4.3882568e7,4.1262267e7,-2.620301e6
London,6,4,60000,3,mean_intersection,88195da4cbfffff,4.4645433e7,4.2422132e7,-2.223301e6
London,6,4,60000,3,mean_intersection,88195da4d1fffff,4.771837e7,4.7375119e7,-343251.0
London,6,4,60000,3,mean_intersection,88195da4d3fffff,4.7643516e7,4.4501368e7,-3.142148e6
London,6,4,60000,3,mean_intersection,88195da4d5fffff,4.746543e7,4.3890659e7,-3.574771e6
London,6,4,60000,3,mean_intersection,88195da4d7fffff,4.767236e7,4.4908244e7,-2.764116e6
London,6,4,60000,3,mean_intersection,88195da4d9fffff,5.3913838e7,5.1897282e7,-2.016556e6
London,6,4,60000,3,mean_intersection,88195da4dbfffff,4.7772058e7,4.7193652e7,-578406.0
London,6,4,60000,3,mean_intersection,88195da4ddfffff,4.7464785e7,4.3825618e7,-3.639167e6
London,6,4,60000,3,mean_intersection,88195da6b3fffff,4.6542383e7,4.5601156e7,-941227.0
London,6,4,60000,3,mean_intersection,88195da6b7fffff,4.6107479e7,4.4327418e7,-1.780061e6
London,6,4,60000,3,reachable_union,88194ad025fffff,4.27507005e7,3.37264245e7,-9.024276e6
London,6,4,60000,3,reachable_union,88194ad02dfffff,4.2853871e7,3.42073295e7,-8.6465415e6
London,6,4,60000,3,reachable_union,88194ad061fffff,4.29025255e7,3.170548175e7,-1.119704375e7
London,6,4,60000,3,reachable_union,88194ad065fffff,4.28915615e7,4.13749185e7,-1.516643e6
London,6,4,60000,3,reachable_union,88194ad067fffff,4.2898853e7,4.116514225e7,-1.73371075e6
London,6,4,60000,3,reachable_union,88194ad069fffff,4.2903811e7,3.970830925e7,-3.19550175e6
London,6,4,60000,3,reachable_union,88194ad06dfffff,4.290462375e7,4.11895605e7,-1.71506325e6
London,6,4,60000,3,reachable_union,88194ad101fffff,4.344049025e7,3.507367475e7,-8.3668155e6
London,6,4,60000,3,reachable_union,88194ad103fffff,4.363225875e7,3.528595275e7,-8.346306e6
London,6,4,60000,3,reachable_union,88194ad105fffff,4.44314965e7,3.528022325e7,-9.15127325e6
London,6,4,60000,3,reachable_union,88194ad107fffff,4.35296195e7,3.532093375e7,-8.20868575e6
London,6,4,60000,3,reachable_union,88194ad109fffff,4.378587875e7,3.5247296e7,-8.53858275e6
London,6,4,60000,3,reachable_union,88194ad10bfffff,4.4432598e7,3.533261925e7,-9.09997875e6
London,6,4,60000,3,reachable_union,88194ad10dfffff,4.38118485e7,3.50937085e7,-8.71814e6
London,6,4,60000,3,reachable_union,88194ad111fffff,4.343228925e7,3.529745375e7,-8.1348355e6
London,6,4,60000,3,reachable_union,88194ad115fffff,4.353320775e7,3.5250133e7,-8.28307475e6
London,6,4,60000,3,reachable_union,88194ad119fffff,4.34401065e7,3.516814525e7,-8.27196125e6
London,6,4,60000,3,reachable_union,88194ad11bfffff,4.27507005e7,3.535499025e7,-7.39571025e6
London,6,4,60000,3,reachable_union,88194ad11dfffff,4.372156825e7,3.529124875e7,-8.4303195e6
London,6,4,60000,3,reachable_union,88194ad121fffff,4.355858475e7,3.600066275e7,-7.557922e6
London,6,4,60000,3,reachable_union,88194ad123fffff,4.342345375e7,3.600343175e7,-7.420022e6
London,6,4,60000,3,reachable_union,88194ad125fffff,4.3138822e7,3.56198575e7,-7.5189645e6
London,6,4,60000,3,reachable_union,88194ad127fffff,4.369626275e7,3.754869125e7,-6.1475715e6
London,6,4,60000,3,reachable_union,88194ad129fffff,4.367932375e7,3.536365575e7,-8.315668e6
London,6,4,60000,3,reachable_union,88194ad12bfffff,4.36883115e7,3.60934255e7,-7.594886e6
London,6,4,60000,3,reachable_union,88194ad12dfffff,4.35406035e7,3.527200125e7,-8.26860225e6
London,6,4,60000,3,reachable_union,88194ad139fffff,4.3534587e7,3.533261925e7,-8.20196775e6
London,6,4,60000,3,reachable_union,88194ad13dfffff,4.3423913e7,3.53541895e7,-8.0697235e6
London,6,4,60000,3,reachable_union,88194ad141fffff,4.41269495e7,3.59109715e7,-8.215978e6
London,6,4,60000,3,reachable_union,88194ad143fffff,4.378587875e7,3.530259e7,-8.48328875e6
London,6,4,60000,3,reachable_union,88194ad145fffff,4.626012e7,3.965964575e7,-6.60047425e6
London,6,4,60000,3,reachable_union,88194ad147fffff,4.500388025e7,3.775997625e7,-7.243904e6
London,6,4,60000,3,reachable_union,88194ad149fffff,4.624550325e7,3.79029455e7,-8.34255775e6
London,6,4,60000,3,reachable_union,88194ad14bfffff,4.527725925e7,4.19556285e7,-3.32163075e6
London,6,4,60000,3,reachable_union,88194ad14dfffff,4.70979735e7,4.21571835e7,-4.94079e6
London,6,4,60000,3,reachable_union,88194ad151fffff,4.3258098e7,3.54135965e7,-7.8445015e6
London,6,4,60000,3,reachable_union,88194ad153fffff,4.310216425e7,3.525287225e7,-7.849292e6
London,6,4,60000,3,reachable_union,88194ad155fffff,4.3582667e7,3.516196225e7,-8.42070475e6
London,6,4,60000,3,reachable_union,88194ad157fffff,4.35162395e7,3.529124875e7,-8.22499075e6
London,6,4,60000,3,reachable_union,88194ad159fffff,4.3458516e7,3.53186705e7,-8.1398455e6
London,6,4,60000,3,reachable_union,88194ad15bfffff,4.333253e7,3.508908025e7,-8.24344975e6
London,6,4,60000,3,reachable_union,88194ad15dfffff,4.373502825e7,3.524397125e7,-8.491057e6
London,6,4,60000,3,reachable_union,88194ad161fffff,4.5438921e7,3.799235e7,-7.446571e6
London,6,4,60000,3,reachable_union,88194ad163fffff,4.374632675e7,3.526414975e7,-8.482177e6
London,6,4,60000,3,reachable_union,88194ad165fffff,4.436677475e7,3.5532821e7,-8.83395375e6
London,6,4,60000,3,reachable_union,88194ad167fffff,4.361989125e7,3.625165775e7,-7.3682335e6
London,6,4,60000,3,reachable_union,88194ad169fffff,4.67028675e7,3.88345305e7,-7.868337e6
London,6,4,60000,3,reachable_union,88194ad16bfffff,4.4338799e7,3.5903956e7,-8.434843e6
London,6,4,60000,3,reachable_union,88194ad16dfffff,4.490292725e7,3.879937675e7,-6.1035505e6
London,6,4,60000,3,reachable_union,88194ad301fffff,4.62859895e7,4.213220275e7,-4.15378675e6
London,6,4,60000,3,reachable_union,88194ad303fffff,4.406392775e7,4.21987e7,-1.86522775e6
London,6,4,60000,3,reachable_union,88194ad305fffff,4.74028985e7,4.2406224e7,-4.9966745e6
London,6,4,60000,3,reachable_union,88194ad307fffff,4.5855464e7,4.239545625e7,-3.46000775e6
London,6,4,60000,3,reachable_union,88194ad309fffff,4.488134325e7,4.099243175e7,-3.8889115e6
London,6,4,60000,3,reachable_union,88194ad30bfffff,4.4413295e7,4.098680375e7,-3.42649125e6
London,6,4,60000,3,reachable_union,88194ad30dfffff,4.714237925e7,4.1945652e7,-5.19672725e6
London,6,4,60000,3,reachable_union,88194ad311fffff,4.42048875e7,4.10042315e7,-3.200656e6
London,6,4,60000,3,reachable_union,88194ad313fffff,4.393092675e7,4.13869725e7,-2.54395425e6
London,6,4,60000,3,reachable_union,88194ad315fffff,4.490187725e7,4.10422e7,-3.85967725e6
London,6,4,60000,3,reachable_union,88194ad317fffff,4.2906306e7,4.100409325e7,-1.90221275e6
London,6,4,60000,3,reachable_union,88194ad31dfffff,4.33195875e7,4.100409325e7,-2.31549425e6
London,6,4,60000,3,reachable_union,88194ad321fffff,4.712164525e7,4.294606375e7,-4.1755815e6
London,6,4,60000,3,reachable_union,88194ad323fffff,4.57912215e7,3.892711575e7,-6.86410575e6
London,6,4,60000,3,reachable_union,88194ad325fffff,4.818738275e7,4.462521375e7,-3.562169e6
London,6,4,60000,3,reachable_union,88194ad327fffff,4.779204e7,4.267333e7,-5.11871e6
London,6,4,60000,3,reachable_union,88194ad329fffff,4.812366975e7,4.76226765e7,-500993.25
London,6,4,60000,3,reachable_union,88194ad32bfffff,4.6697318e7,4.3065688e7,-3.63163e6
London,6,4,60000,3,reachable_union,88194ad32dfffff,4.80890265e7,4.468978925e7,-3.39923725e6
London,6,4,60000,3,reachable_union,88194ad331fffff,4.530613475e7,4.302720725e7,-2.2789275e6
London,6,4,60000,3,reachable_union,88194ad333fffff,4.351629175e7,4.222288825e7,-1.2934035e6
London,6,4,60000,3,reachable_union,88194ad335fffff,4.53061505e7,4.320987025e7,-2.09628025e6
London,6,4,60000,3,reachable_union,88194ad337fffff,4.37109615e7,4.345991675e7,-251044.75
London,6,4,60000,3,reachable_union,88194ad339fffff,4.3693564e7,4.2836342e7,-857222.0
London,6,4,60000,3,reachable_union,88194ad33bfffff,4.3516558e7,4.194169825e7,-1.57485975e6
London,6,4,60000,3,reachable_union,88194ad33dfffff,4.496017275e7,4.239545625e7,-2.5647165e6
London,6,4,60000,3,reachable_union,88194ad345fffff,4.48822645e7,4.099874275e7,-3.88352175e6
London,6,4,60000,3,reachable_union,88194ad347fffff,4.582895575e7,4.10262005e7,-4.80275525e6
London,6,4,60000,3,reachable_union,88194ad361fffff,4.739141675e7,4.300401625e7,-4.3874005e6
London,6,4,60000,3,reachable_union,88194ad363fffff,4.739732275e7,4.474042825e7,-2.6568945e6
London,6,4,60000,3,reachable_union,88194ad365fffff,5.25297665e7,5.01304365e7,-2.39933e6
London,6,4,60000,3,reachable_union,88194ad367fffff,4.708299625e7,4.387630725e7,-3.206689e6
London,6,4,60000,3,reachable_union,88194ad369fffff,4.3690681e7,4.101551775e7,-2.67516325e6
London,6,4,60000,3,reachable_union,88194ad36bfffff,4.66852135e7,4.10262095e7,-5.659004e6
London,6,4,60000,3,reachable_union,88194ad36dfffff,4.74038635e7,4.188529975e7,-5.51856375e6
London,6,4,60000,3,reachable_union,88194ada49fffff,4.462181475e7,3.58646665e7,-8.75714825e6
London,6,4,60000,3,reachable_union,88194ada4bfffff,4.368472875e7,3.5761482e7,-7.92324675e6
London,6,4,60000,3,reachable_union,88194ada51fffff,4.370613825e7,3.397745825e7,-9.72868e6
London,6,4,60000,3,reachable_union,88194ada53fffff,4.347226875e7,3.231423475e7,-1.1158034e7
London,6,4,60000,3,reachable_union,88194ada59fffff,4.462917275e7,3.5472056e7,-9.15711675e6
London,6,4,60000,3,reachable_union,88194ada5bfffff,4.371182725e7,3.565917175e7,-8.0526555e6
London,6,4,60000,3,reachable_union,88194ada5dfffff,4.399468225e7,3.546390025e7,-8.530782e6
London,6,4,60000,3,reachable_union,88195da481fffff,4.56822415e7,4.382514575e7,-1.85709575e6
London,6,4,60000,3,reachable_union,88195da483fffff,4.963439e7,4.382841475e7,-5.80597525e6
London,6,4,60000,3,reachable_union,88195da485fffff,4.51115005e7,4.3342574e7,-1.7689265e6
London,6,4,60000,3,reachable_union,88195da487fffff,4.7535412e7,3.9538917e7,-7.996495e6
London,6,4,60000,3,reachable_union,88195da489fffff,4.4876314e7,4.469014925e7,-186164.75
London,6,4,60000,3,reachable_union,88195da48bfffff,4.799623325e7,4.54127755e7,-2.58345775e6
London,6,4,60000,3,reachable_union,88195da48dfffff,4.721128e7,4.22912415e7,-4.9200385e6
London,6,4,60000,3,reachable_union,88195da491fffff,4.780940625e7,4.3597263e7,-4.21214325e6
London,6,4,60000,3,reachable_union,88195da493fffff,4.77709335e7,4.154771175e7,-6.22322175e6
London,6,4,60000,3,reachable_union,88195da495fffff,4.8275289e7,4.34828205e7,-4.7924685e6
London,6,4,60000,3,reachable_union,88195da497fffff,4.638665425e7,4.00919505e7,-6.29470375e6
London,6,4,60000,3,reachable_union,88195da499fffff,4.816402525e7,4.49349655e7,-3.22905975e6
London,6,4,60000,3,reachable_union,88195da49bfffff,4.815241325e7,4.30959975e7,-5.05641575e6
London,6,4,60000,3,reachable_union,88195da49dfffff,4.8106616e7,4.4940274e7,-3.166342e6
London,6,4,60000,3,reachable_union,88195da4a3fffff,4.519984325e7,3.65121375e7,-8.68770575e6
London,6,4,60000,3,reachable_union,88195da4abfffff,4.5075422e7,3.940215575e7,-5.67326625e6
London,6,4,60000,3,reachable_union,88195da4b1fffff,4.626581525e7,3.863206475e7,-7.6337505e6
London,6,4,60000,3,reachable_union,88195da4b3fffff,4.430517675e7,3.821958525e7,-6.0855915e6
London,6,4,60000,3,reachable_union,88195da4b5fffff,4.552064e7,3.6495841e7,-9.024799e6
London,6,4,60000,3,reachable_union,88195da4b7fffff,4.3558105e7,3.5683907e7,-7.874198e6
London,6,4,60000,3,reachable_union,88195da4b9fffff,4.615140375e7,4.039215e7,-5.75925375e6
London,6,4,60000,3,reachable_union,88195da4bbfffff,4.368472875e7,3.88586855e7,-4.82604325e6
London,6,4,60000,3,reachable_union,88195da4bdfffff,4.709255425e7,4.058970675e7,-6.5028475e6
London,6,4,60000,3,reachable_union,88195da4c1fffff,4.6485088e7,4.32061275e7,-3.2789605e6
London,6,4,60000,3,reachable_union,88195da4c3fffff,4.8021648e7,4.4822842e7,-3.198806e6
London,6,4,60000,3,reachable_union,88195da4c7fffff,4.477850575e7,4.261379575e7,-2.16471e6
London,6,4,60000,3,reachable_union,88195da4cbfffff,4.652461475e7,4.3674041e7,-2.85057375e6
London,6,4,60000,3,reachable_union,88195da4d1fffff,5.279493625e7,4.82194915e7,-4.57544475e6
London,6,4,60000,3,reachable_union,88195da4d3fffff,5.098557175e7,4.5726987e7,-5.25858475e6
London,6,4,60000,3,reachable_union,88195da4d5fffff,4.808058675e7,4.5295915e7,-2.78467175e6
London,6,4,60000,3,reachable_union,88195da4d7fffff,5.104589225e7,4.623382575e7,-4.8120665e6
London,6,4,60000,3,reachable_union,88195da4d9fffff,5.86794825e7,5.70103805e7,-1.669102e6
London,6,4,60000,3,reachable_union,88195da4dbfffff,5.69579925e7,5.550852775e7,-1.44946475e6
London,6,4,60000,3,reachable_union,88195da4ddfffff,4.80629595e7,4.5137775e7,-2.9251845e6
London,6,4,60000,3,reachable_union,88195da6b3fffff,5.06255685e7,4.9380163e7,-1.2454055e6
London,6,4,60000,3,reachable_union,88195da6b7fffff,4.6667688e7,4.5151216e7,-1.516472e6
London,18,96,900000,3,mean_intersection,88194ac201fffff,1.0869038e7,1.1102315e7,233277.0
London,18,96,900000,3,mean_intersection,88194ac205fffff,1.0959112e7,1.1639844e7,680732.0
London,18,96,900000,3,mean_intersection,88194ac209fffff,1.0919738e7,1.1222202e7,302464.0
London,18,96,900000,3,mean_intersection,88194ac20bfffff,1.0326243e7,1.0764129e7,437886.0
London,18,96,900000,3,mean_intersection,88194ac20dfffff,1.1028415e7,1.1683044e7,654629.0
London,18,96,900000,3,mean_intersection,88194ac229fffff,1.1038587e7,1.1805422e7,766835.0
London,18,96,900000,3,mean_intersection,88194ac22dfffff,1.1018914e7,1.1292231e7,273317.0
London,18,96,900000,3,mean_intersection,88194ac241fffff,1.0465095e7,1.1343042e7,877947.0
London,18,96,900000,3,mean_intersection,88194ac243fffff,1.0911989e7,1.1265715e7,353726.0
London,18,96,900000,3,mean_intersection,88194ac245fffff,1.0904302e7,1.1468695e7,564393.0
London,18,96,900000,3,mean_intersection,88194ac247fffff,1.0920844e7,1.1326411e7,405567.0
London,18,96,900000,3,mean_intersection,88194ac249fffff,1.0288582e7,1.108957e7,800988.0
London,18,96,900000,3,mean_intersection,88194ac24bfffff,1.0308404e7,1.1002691e7,694287.0
London,18,96,900000,3,mean_intersection,88194ac24dfffff,1.0354004e7,1.1195112e7,841108.0
London,18,96,900000,3,mean_intersection,88194ac251fffff,1.0300092e7,1.1012852e7,712760.0
London,18,96,900000,3,mean_intersection,88194ac255fffff,1.0349042e7,1.105165e7,702608.0
London,18,96,900000,3,mean_intersection,88194ac257fffff,1.0210627e7,1.08902e7,679573.0
London,18,96,900000,3,mean_intersection,88194ac259fffff,1.0296803e7,1.1407075e7,1.110272e6
London,18,96,900000,3,mean_intersection,88194ac25dfffff,1.0297003e7,1.105165e7,754647.0
London,18,96,900000,3,mean_intersection,88194ac261fffff,1.125594e7,1.1698782e7,442842.0
London,18,96,900000,3,mean_intersection,88194ac263fffff,1.1408226e7,1.1853468e7,445242.0
London,18,96,900000,3,mean_intersection,88194ac265fffff,1.1164606e7,1.1754453e7,589847.0
London,18,96,900000,3,mean_intersection,88194ac267fffff,1.1298737e7,1.1643937e7,345200.0
London,18,96,900000,3,mean_intersection,88194ac269fffff,1.0992724e7,1.1338929e7,346205.0
London,18,96,900000,3,mean_intersection,88194ac26bfffff,1.1032182e7,1.1849499e7,817317.0
London,18,96,900000,3,mean_intersection,88194ac26dfffff,1.1135138e7,1.1315365e7,180227.0
London,18,96,900000,3,mean_intersection,88194ac301fffff,1.0262197e7,1.1095443e7,833246.0
London,18,96,900000,3,mean_intersection,88194ac305fffff,1.034852e7,1.1246431e7,897911.0
London,18,96,900000,3,mean_intersection,88194ac309fffff,1.042499e7,1.1065438e7,640448.0
London,18,96,900000,3,mean_intersection,88194ac30bfffff,1.0202942e7,1.1012138e7,809196.0
London,18,96,900000,3,mean_intersection,88194ac30dfffff,1.0364847e7,1.1296457e7,931610.0
London,18,96,900000,3,mean_intersection,88194ac329fffff,1.0371411e7,1.1526409e7,1.154998e6
London,18,96,900000,3,mean_intersection,88194ac32dfffff,1.0446595e7,1.1397408e7,950813.0
London,18,96,900000,3,mean_intersection,88194ac341fffff,1.0827183e7,1.1375322e7,548139.0
London,18,96,900000,3,mean_intersection,88194ac343fffff,1.0841349e7,1.1346984e7,505635.0
London,18,96,900000,3,mean_intersection,88194ac345fffff,1.0667298e7,1.1290058e7,622760.0
London,18,96,900000,3,mean_intersection,88194ac347fffff,1.057221e7,1.1363188e7,790978.0
London,18,96,900000,3,mean_intersection,88194ac349fffff,1.0782151e7,1.1601759e7,819608.0
London,18,96,900000,3,mean_intersection,88194ac34bfffff,1.0546878e7,1.1325052e7,778174.0
London,18,96,900000,3,mean_intersection,88194ac34dfffff,1.0723732e7,1.1587046e7,863314.0
London,18,96,900000,3,mean_intersection,88194ac351fffff,1.0604753e7,1.1160383e7,555630.0
London,18,96,900000,3,mean_intersection,88194ac353fffff,1.0756899e7,1.1109921e7,353022.0
London,18,96,900000,3,mean_intersection,88194ac355fffff,1.0418522e7,1.1084549e7,666027.0
London,18,96,900000,3,mean_intersection,88194ac357fffff,1.0385019e7,1.1071387e7,686368.0
London,18,96,900000,3,mean_intersection,88194ac359fffff,1.1118136e7,1.1279431e7,161295.0
London,18,96,900000,3,mean_intersection,88194ac35bfffff,1.1043224e7,1.1441376e7,398152.0
London,18,96,900000,3,mean_intersection,88194ac35dfffff,1.0842121e7,1.1495549e7,653428.0
London,18,96,900000,3,mean_intersection,88194ac361fffff,1.0839638e7,1.1497711e7,658073.0
London,18,96,900000,3,mean_intersection,88194ac363fffff,1.0729208e7,1.1291943e7,562735.0
London,18,96,900000,3,mean_intersection,88194ac365fffff,1.0923312e7,1.1538226e7,614914.0
London,18,96,900000,3,mean_intersection,88194ac367fffff,1.0761396e7,1.1422809e7,661413.0
London,18,96,900000,3,mean_intersection,88194ac369fffff,1.0798364e7,1.138677e7,588406.0
London,18,96,900000,3,mean_intersection,88194ac36bfffff,1.0769272e7,1.1395262e7,625990.0
London,18,96,900000,3,mean_intersection,88194ac36dfffff,1.083016e7,1.1269792e7,439632.0
London,18,96,900000,3,mean_intersection,88194ad001fffff,1.1291864e7,1.1592298e7,300434.0
London,18,96,900000,3,mean_intersection,88194ad003fffff,1.0823528e7,1.147691e7,653382.0
London,18,96,900000,3,mean_intersection,88194ad005fffff,1.1087857e7,1.1607694e7,519837.0
London,18,96,900000,3,mean_intersection,88194ad007fffff,1.0853672e7,1.1628033e7,774361.0
London,18,96,900000,3,mean_intersection,88194ad009fffff,1.1308033e7,1.167311e7,365077.0
London,18,96,900000,3,mean_intersection,88194ad00bfffff,1.0902641e7,1.1482293e7,579652.0
London,18,96,900000,3,mean_intersection,88194ad00dfffff,1.1066208e7,1.1487874e7,421666.0
London,18,96,900000,3,mean_intersection,88194ad011fffff,1.0992012e7,1.1468659e7,476647.0
London,18,96,900000,3,mean_intersection,88194ad013fffff,1.0674251e7,1.140722e7,732969.0
London,18,96,900000,3,mean_intersection,88194ad015fffff,1.0908219e7,1.1540876e7,632657.0
London,18,96,900000,3,mean_intersection,88194ad017fffff,1.0741116e7,1.1348319e7,607203.0
London,18,96,900000,3,mean_intersection,88194ad019fffff,1.0992012e7,1.1678088e7,686076.0
London,18,96,900000,3,mean_intersection,88194ad01bfffff,1.074092e7,1.1594135e7,853215.0
London,18,96,900000,3,mean_intersection,88194ad01dfffff,1.0812909e7,1.1335307e7,522398.0
London,18,96,900000,3,mean_intersection,88194ad021fffff,1.1073756e7,1.1663235e7,589479.0
London,18,96,900000,3,mean_intersection,88194ad023fffff,1.0992922e7,1.1567742e7,574820.0
London,18,96,900000,3,mean_intersection,88194ad025fffff,1.1285572e7,1.1577291e7,291719.0
London,18,96,900000,3,mean_intersection,88194ad027fffff,1.0943208e7,1.1585902e7,642694.0
London,18,96,900000,3,mean_intersection,88194ad029fffff,1.1177423e7,1.1654874e7,477451.0
London,18,96,900000,3,mean_intersection,88194ad02bfffff,1.1043951e7,1.1673577e7,629626.0
London,18,96,900000,3,mean_intersection,88194ad02dfffff,1.131919e7,1.1635969e7,316779.0
London,18,96,900000,3,mean_intersection,88194ad031fffff,1.0954264e7,1.1556552e7,602288.0
London,18,96,900000,3,mean_intersection,88194ad033fffff,1.0791317e7,1.1637692e7,846375.0
London,18,96,900000,3,mean_intersection,88194ad035fffff,1.0942989e7,1.1600336e7,657347.0
London,18,96,900000,3,mean_intersection,88194ad037fffff,1.0760009e7,1.1611425e7,851416.0
London,18,96,900000,3,mean_intersection,88194ad039fffff,1.0789928e7,1.1463421e7,673493.0
London,18,96,900000,3,mean_intersection,88194ad03bfffff,1.0774156e7,1.1612145e7,837989.0
London,18,96,900000,3,mean_intersection,88194ad03dfffff,1.0828027e7,1.1383794e7,555767.0
London,18,96,900000,3,mean_intersection,88194ad041fffff,1.1580363e7,1.1593453e7,13090.0
London,18,96,900000,3,mean_intersection,88194ad043fffff,1.1556556e7,1.1608664e7,52108.0
London,18,96,900000,3,mean_intersection,88194ad045fffff,1.1490292e7,1.1663347e7,173055.0
London,18,96,900000,3,mean_intersection,88194ad047fffff,1.1490498e7,1.1608731e7,118233.0
London,18,96,900000,3,mean_intersection,88194ad049fffff,1.1551625e7,1.1705991e7,154366.0
London,18,96,900000,3,mean_intersection,88194ad04bfffff,1.1491634e7,1.1712538e7,220904.0
London,18,96,900000,3,mean_intersection,88194ad04dfffff,1.1548593e7,1.1724842e7,176249.0
London,18,96,900000,3,mean_intersection,88194ad051fffff,1.1077415e7,1.1701956e7,624541.0
London,18,96,900000,3,mean_intersection,88194ad053fffff,1.1045313e7,1.1685734e7,640421.0
London,18,96,900000,3,mean_intersection,88194ad055fffff,1.0992012e7,1.1491094e7,499082.0
London,18,96,900000,3,mean_intersection,88194ad057fffff,1.0959194e7,1.1491855e7,532661.0
London,18,96,900000,3,mean_intersection,88194ad059fffff,1.1093668e7,1.1687267e7,593599.0
London,18,96,900000,3,mean_intersection,88194ad05bfffff,1.0999585e7,1.1537052e7,537467.0
London,18,96,900000,3,mean_intersection,88194ad05dfffff,1.1305553e7,1.1606026e7,300473.0
London,18,96,900000,3,mean_intersection,88194ad061fffff,1.1386436e7,1.1687686e7,301250.0
London,18,96,900000,3,mean_intersection,88194ad063fffff,1.1294243e7,1.1595021e7,300778.0
London,18,96,900000,3,mean_intersection,88194ad065fffff,1.1311975e7,1.1618556e7,306581.0
London,18,96,900000,3,mean_intersection,88194ad067fffff,1.1311734e7,1.1651994e7,340260.0
London,18,96,900000,3,mean_intersection,88194ad069fffff,1.1630293e7,1.1793838e7,163545.0
London,18,96,900000,3,mean_intersection,88194ad06bfffff,1.1497306e7,1.1675887e7,178581.0
London,18,96,900000,3,mean_intersection,88194ad06dfffff,1.1862605e7,1.1788641e7,-73964.0
London,18,96,900000,3,mean_intersection,88194ad081fffff,9.948491e6,1.1216706e7,1.268215e6
London,18,96,900000,3,mean_intersection,88194ad083fffff,9.812994e6,1.1251944e7,1.43895e6
London,18,96,900000,3,mean_intersection,88194ad085fffff,1.0023779e7,1.1203403e7,1.179624e6
London,18,96,900000,3,mean_intersection,88194ad087fffff,9.894894e6,1.1190109e7,1.295215e6
London,18,96,900000,3,mean_intersection,88194ad089fffff,9.938226e6,1.1110599e7,1.172373e6
London,18,96,900000,3,mean_intersection,88194ad08bfffff,9.928884e6,1.1165644e7,1.23676e6
London,18,96,900000,3,mean_intersection,88194ad08dfffff,1.0057519e7,1.1211797e7,1.154278e6
London,18,96,900000,3,mean_intersection,88194ad095fffff,9.784468e6,1.1122845e7,1.338377e6
London,18,96,900000,3,mean_intersection,88194ad09dfffff,9.601189e6,1.1176346e7,1.575157e6
London,18,96,900000,3,mean_intersection,88194ad0a1fffff,1.0297983e7,1.133087e7,1.032887e6
London,18,96,900000,3,mean_intersection,88194ad0a3fffff,9.901411e6,1.1220157e7,1.318746e6
London,18,96,900000,3,mean_intersection,88194ad0a5fffff,1.0585756e7,1.1466565e7,880809.0
London,18,96,900000,3,mean_intersection,88194ad0a7fffff,1.0310233e7,1.1236512e7,926279.0
London,18,96,900000,3,mean_intersection,88194ad0a9fffff,1.0342208e7,1.1414915e7,1.072707e6
London,18,96,900000,3,mean_intersection,88194ad0abfffff,9.959307e6,1.1225522e7,1.266215e6
London,18,96,900000,3,mean_intersection,88194ad0adfffff,1.0640309e7,1.1507623e7,867314.0
London,18,96,900000,3,mean_intersection,88194ad0b1fffff,1.0254077e7,1.1165578e7,911501.0
London,18,96,900000,3,mean_intersection,88194ad0b3fffff,1.0319438e7,1.13143e7,994862.0
London,18,96,900000,3,mean_intersection,88194ad0b5fffff,1.0308387e7,1.1062298e7,753911.0
London,18,96,900000,3,mean_intersection,88194ad0b7fffff,1.028376e7,1.1364437e7,1.080677e6
London,18,96,900000,3,mean_intersection,88194ad0b9fffff,9.717008e6,1.1122509e7,1.405501e6
London,18,96,900000,3,mean_intersection,88194ad0bbfffff,1.0266975e7,1.1300788e7,1.033813e6
London,18,96,900000,3,mean_intersection,88194ad0bdfffff,9.743939e6,1.0991047e7,1.247108e6
London,18,96,900000,3,mean_intersection,88194ad0c1fffff,1.036176e7,1.1268406e7,906646.0
London,18,96,900000,3,mean_intersection,88194ad0c3fffff,1.0244385e7,1.1240462e7,996077.0
London,18,96,900000,3,mean_intersection,88194ad0c5fffff,1.0284011e7,1.1516262e7,1.232251e6
London,18,96,900000,3,mean_intersection,88194ad0c7fffff,1.0211286e7,1.1254709e7,1.043423e6
London,18,96,900000,3,mean_intersection,88194ad0c9fffff,1.03379e7,1.1427312e7,1.089412e6
London,18,96,900000,3,mean_intersection,88194ad0cbfffff,1.0263682e7,1.1296607e7,1.032925e6
London,18,96,900000,3,mean_intersection,88194ad0cdfffff,1.0592283e7,1.1505533e7,913250.0
London,18,96,900000,3,mean_intersection,88194ad0d1fffff,1.0192899e7,1.1315906e7,1.123007e6
London,18,96,900000,3,mean_intersection,88194ad0d5fffff,9.98098e6,1.1198918e7,1.217938e6
London,18,96,900000,3,mean_intersection,88194ad0d7fffff,9.775779e6,1.1307995e7,1.532216e6
London,18,96,900000,3,mean_intersection,88194ad0d9fffff,9.811144e6,1.1169747e7,1.358603e6
London,18,96,900000,3,mean_intersection,88194ad0ddfffff,1.0190626e7,1.1193954e7,1.003328e6
London,18,96,900000,3,mean_intersection,88194ad0e1fffff,1.0409898e7,1.1241657e7,831759.0
London,18,96,900000,3,mean_intersection,88194ad0e3fffff,1.0271845e7,1.117024e7,898395.0
London,18,96,900000,3,mean_intersection,88194ad0e5fffff,1.067559e7,1.1397335e7,721745.0
London,18,96,900000,3,mean_intersection,88194ad0e7fffff,1.0481817e7,1.1381865e7,900048.0
London,18,96,900000,3,mean_intersection,88194ad0e9fffff,1.0627106e7,1.1330174e7,703068.0
London,18,96,900000,3,mean_intersection,88194ad0ebfffff,1.0219702e7,1.1236278e7,1.016576e6
London,18,96,900000,3,mean_intersection,88194ad0edfffff,1.0683182e7,1.1339535e7,656353.0
London,18,96,900000,3,mean_intersection,88194ad101fffff,1.1445113e7,1.1563395e7,118282.0
London,18,96,900000,3,mean_intersection,88194ad103fffff,1.1707079e7,1.1583329e7,-123750.0
London,18,96,900000,3,mean_intersection,88194ad105fffff,1.1541545e7,1.1626821e7,85276.0
London,18,96,900000,3,mean_intersection,88194ad107fffff,1.1395983e7,1.1581511e7,185528.0
London,18,96,900000,3,mean_intersection,88194ad109fffff,1.1712584e7,1.158875e7,-123834.0
London,18,96,900000,3,mean_intersection,88194ad10bfffff,1.192904e7,1.165963e7,-269410.0
London,18,96,900000,3,mean_intersection,88194ad10dfffff,1.1541634e7,1.1571498e7,29864.0
London,18,96,900000,3,mean_intersection,88194ad111fffff,1.1521711e7,1.1661263e7,139552.0
London,18,96,900000,3,mean_intersection,88194ad113fffff,1.1278041e7,1.1616357e7,338316.0
London,18,96,900000,3,mean_intersection,88194ad115fffff,1.1453669e7,1.1655099e7,201430.0
London,18,96,900000,3,mean_intersection,88194ad117fffff,1.1204949e7,1.1663295e7,458346.0
London,18,96,900000,3,mean_intersection,88194ad119fffff,1.1310236e7,1.1636031e7,325795.0
London,18,96,900000,3,mean_intersection,88194ad11bfffff,1.1213293e7,1.1609361e7,396068.0
London,18,96,900000,3,mean_intersection,88194ad11dfffff,1.1780961e7,1.1639067e7,-141894.0
London,18,96,900000,3,mean_intersection,88194ad121fffff,1.1510272e7,1.1700131e7,189859.0
London,18,96,900000,3,mean_intersection,88194ad123fffff,1.1518778e7,1.1669374e7,150596.0
London,18,96,900000,3,mean_intersection,88194ad125fffff,1.1352867e7,1.1753365e7,400498.0
London,18,96,900000,3,mean_intersection,88194ad127fffff,1.153898e7,1.1720787e7,181807.0
London,18,96,900000,3,mean_intersection,88194ad129fffff,1.1533024e7,1.1625268e7,92244.0
London,18,96,900000,3,mean_intersection,88194ad12bfffff,1.1426211e7,1.1590382e7,164171.0
London,18,96,900000,3,mean_intersection,88194ad12dfffff,1.156805e7,1.177868e7,210630.0
London,18,96,900000,3,mean_intersection,88194ad131fffff,1.1692349e7,1.1635185e7,-57164.0
London,18,96,900000,3,mean_intersection,88194ad133fffff,1.1058585e7,1.1579529e7,520944.0
London,18,96,900000,3,mean_intersection,88194ad135fffff,1.1142753e7,1.1527523e7,384770.0
London,18,96,900000,3,mean_intersection,88194ad137fffff,1.1214942e7,1.1646377e7,431435.0
London,18,96,900000,3,mean_intersection,88194ad139fffff,1.1698084e7,1.1621302e7,-76782.0
London,18,96,900000,3,mean_intersection,88194ad13bfffff,1.1212134e7,1.1582474e7,370340.0
London,18,96,900000,3,mean_intersection,88194ad13dfffff,1.1437162e7,1.1633791e7,196629.0
London,18,96,900000,3,mean_intersection,88194ad141fffff,1.2033263e7,1.1642261e7,-391002.0
London,18,96,900000,3,mean_intersection,88194ad143fffff,1.1959572e7,1.1632864e7,-326708.0
London,18,96,900000,3,mean_intersection,88194ad145fffff,1.2101769e7,1.1839355e7,-262414.0
London,18,96,900000,3,mean_intersection,88194ad147fffff,1.2016221e7,1.1809402e7,-206819.0
London,18,96,900000,3,mean_intersection,88194ad149fffff,1.2022952e7,1.1792684e7,-230268.0
London,18,96,900000,3,mean_intersection,88194ad14bfffff,1.1982959e7,1.1800212e7,-182747.0
London,18,96,900000,3,mean_intersection,88194ad14dfffff,1.236794e7,1.1841847e7,-526093.0
London,18,96,900000,3,mean_intersection,88194ad151fffff,1.1328384e7,1.1630907e7,302523.0
London,18,96,900000,3,mean_intersection,88194ad153fffff,1.1294117e7,1.1639594e7,345477.0
London,18,96,900000,3,mean_intersection,88194ad155fffff,1.1724731e7,1.1616643e7,-108088.0
London,18,96,900000,3,mean_intersection,88194ad157fffff,1.1693789e7,1.1626953e7,-66836.0
London,18,96,900000,3,mean_intersection,88194ad159fffff,1.1784177e7,1.1763195e7,-20982.0
London,18,96,900000,3,mean_intersection,88194ad15bfffff,1.1638506e7,1.1654331e7,15825.0
London,18,96,900000,3,mean_intersection,88194ad15dfffff,1.1809737e7,1.1652233e7,-157504.0
London,18,96,900000,3,mean_intersection,88194ad161fffff,1.205211e7,1.1710461e7,-341649.0
London,18,96,900000,3,mean_intersection,88194ad163fffff,1.1588709e7,1.1567841e7,-20868.0
London,18,96,900000,3,mean_intersection,88194ad165fffff,1.1886905e7,1.1708036e7,-178869.0
London,18,96,900000,3,mean_intersection,88194ad167fffff,1.1669653e7,1.1696512e7,26859.0
London,18,96,900000,3,mean_intersection,88194ad169fffff,1.2244411e7,1.1850732e7,-393679.0
London,18,96,900000,3,mean_intersection,88194ad16bfffff,1.1774754e7,1.1646244e7,-128510.0
London,18,96,900000,3,mean_intersection,88194ad16dfffff,1.2089741e7,1.1843514e7,-246227.0
London,18,96,900000,3,mean_intersection,88194ad181fffff,1.0896656e7,1.1396455e7,499799.0
London,18,96,900000,3,mean_intersection,88194ad183fffff,1.0885352e7,1.1326247e7,440895.0
London,18,96,900000,3,mean_intersection,88194ad185fffff,1.0973577e7,1.1385307e7,411730.0
London,18,96,900000,3,mean_intersection,88194ad187fffff,1.0956165e7,1.1293943e7,337778.0
London,18,96,900000,3,mean_intersection,88194ad189fffff,1.0787998e7,1.1522619e7,734621.0
London,18,96,900000,3,mean_intersection,88194ad18bfffff,1.0828657e7,1.1372351e7,543694.0
London,18,96,900000,3,mean_intersection,88194ad18dfffff,1.0932191e7,1.1368185e7,435994.0
London,18,96,900000,3,mean_intersection,88194ad191fffff,1.084827e7,1.1359533e7,511263.0
London,18,96,900000,3,mean_intersection,88194ad193fffff,1.0846175e7,1.1315108e7,468933.0
London,18,96,900000,3,mean_intersection,88194ad195fffff,1.0953265e7,1.1348895e7,395630.0
London,18,96,900000,3,mean_intersection,88194ad197fffff,1.1132452e7,1.1390281e7,257829.0
London,18,96,900000,3,mean_intersection,88194ad199fffff,1.0718669e7,1.1432043e7,713374.0
London,18,96,900000,3,mean_intersection,88194ad19bfffff,1.077872e7,1.136252e7,583800.0
London,18,96,900000,3,mean_intersection,88194ad19dfffff,1.0868759e7,1.1331176e7,462417.0
London,18,96,900000,3,mean_intersection,88194ad1a1fffff,1.1064985e7,1.1569675e7,504690.0
London,18,96,900000,3,mean_intersection,88194ad1a3fffff,1.0915803e7,1.1379924e7,464121.0
London,18,96,900000,3,mean_intersection,88194ad1a5fffff,1.0905833e7,1.1480064e7,574231.0
London,18,96,900000,3,mean_intersection,88194ad1a7fffff,1.0877149e7,1.1456128e7,578979.0
London,18,96,900000,3,mean_intersection,88194ad1a9fffff,1.1229947e7,1.1402706e7,172759.0
London,18,96,900000,3,mean_intersection,88194ad1abfffff,1.1135498e7,1.138628e7,250782.0
London,18,96,900000,3,mean_intersection,88194ad1adfffff,1.0884282e7,1.1601486e7,717204.0
London,18,96,900000,3,mean_intersection,88194ad1b1fffff,1.1156281e7,1.1379956e7,223675.0
London,18,96,900000,3,mean_intersection,88194ad1b3fffff,1.1156866e7,1.1634093e7,477227.0
London,18,96,900000,3,mean_intersection,88194ad1b5fffff,1.0881014e7,1.1355859e7,474845.0
London,18,96,900000,3,mean_intersection,88194ad1b7fffff,1.0564993e7,1.1192895e7,627902.0
London,18,96,900000,3,mean_intersection,88194ad1b9fffff,1.0949042e7,1.1387705e7,438663.0
London,18,96,900000,3,mean_intersection,88194ad1bbfffff,1.1125675e7,1.1436831e7,311156.0
London,18,96,900000,3,mean_intersection,88194ad1bdfffff,1.1029871e7,1.1384236e7,354365.0
London,18,96,900000,3,mean_intersection,88194ad1c1fffff,1.099196e7,1.1516704e7,524744.0
London,18,96,900000,3,mean_intersection,88194ad1c3fffff,1.0904425e7,1.1451581e7,547156.0
London,18,96,900000,3,mean_intersection,88194ad1c5fffff,1.107702e7,1.1553447e7,476427.0
London,18,96,900000,3,mean_intersection,88194ad1c7fffff,1.0957591e7,1.137556e7,417969.0
London,18,96,900000,3,mean_intersection,88194ad1c9fffff,1.081804e7,1.1361267e7,543227.0
London,18,96,900000,3,mean_intersection,88194ad1cbfffff,1.0777786e7,1.1452288e7,674502.0
London,18,96,900000,3,mean_intersection,88194ad1cdfffff,1.1115065e7,1.1594945e7,479880.0
London,18,96,900000,3,mean_intersection,88194ad1d1fffff,1.077948e7,1.1397201e7,617721.0
London,18,96,900000,3,mean_intersection,88194ad1d3fffff,1.0692059e7,1.1386188e7,694129.0
London,18,96,900000,3,mean_intersection,88194ad1d5fffff,1.0831046e7,1.1497582e7,666536.0
London,18,96,900000,3,mean_intersection,88194ad1d7fffff,1.0673213e7,1.138444e7,711227.0
London,18,96,900000,3,mean_intersection,88194ad1d9fffff,1.0808841e7,1.1405906e7,597065.0
London,18,96,900000,3,mean_intersection,88194ad1dbfffff,1.0509343e7,1.1347935e7,838592.0
London,18,96,900000,3,mean_intersection,88194ad1ddfffff,1.0857226e7,1.1469871e7,612645.0
London,18,96,900000,3,mean_intersection,88194ad1e1fffff,1.1243319e7,1.1479241e7,235922.0
London,18,96,900000,3,mean_intersection,88194ad1e3fffff,1.1014854e7,1.1570975e7,556121.0
London,18,96,900000,3,mean_intersection,88194ad1e5fffff,1.105893e7,1.1414924e7,355994.0
London,18,96,900000,3,mean_intersection,88194ad1e7fffff,1.1227295e7,1.142269e7,195395.0
London,18,96,900000,3,mean_intersection,88194ad1e9fffff,1.125064e7,1.1627589e7,376949.0
London,18,96,900000,3,mean_intersection,88194ad1ebfffff,1.1038416e7,1.1380564e7,342148.0
London,18,96,900000,3,mean_intersection,88194ad1edfffff,1.1214917e7,1.1606296e7,391379.0
London,18,96,900000,3,mean_intersection,88194ad201fffff,1.1720746e7,1.1690583e7,-30163.0
London,18,96,900000,3,mean_intersection,88194ad203fffff,1.1608489e7,1.1682616e7,74127.0
London,18,96,900000,3,mean_intersection,88194ad205fffff,1.131316e7,1.1547864e7,234704.0
London,18,96,900000,3,mean_intersection,88194ad207fffff,1.1272509e7,1.1509187e7,236678.0
London,18,96,900000,3,mean_intersection,88194ad209fffff,1.1294489e7,1.1438115e7,143626.0
London,18,96,900000,3,mean_intersection,88194ad20bfffff,1.1287677e7,1.1492598e7,204921.0
London,18,96,900000,3,mean_intersection,88194ad20dfffff,1.1294811e7,1.1506935e7,212124.0
London,18,96,900000,3,mean_intersection,88194ad211fffff,1.1079494e7,1.1601766e7,522272.0
London,18,96,900000,3,mean_intersection,88194ad213fffff,1.0946225e7,1.1593799e7,647574.0
London,18,96,900000,3,mean_intersection,88194ad215fffff,1.121687e7,1.1677747e7,460877.0
London,18,96,900000,3,mean_intersection,88194ad217fffff,1.1082184e7,1.161002e7,527836.0
London,18,96,900000,3,mean_intersection,88194ad219fffff,1.1083644e7,1.1696548e7,612904.0
London,18,96,900000,3,mean_intersection,88194ad21bfffff,1.107721e7,1.1538271e7,461061.0
London,18,96,900000,3,mean_intersection,88194ad21dfffff,1.1032074e7,1.1675389e7,643315.0
London,18,96,900000,3,mean_intersection,88194ad221fffff,1.1289534e7,1.1703936e7,414402.0
London,18,96,900000,3,mean_intersection,88194ad223fffff,1.1274963e7,1.1699349e7,424386.0
London,18,96,900000,3,mean_intersection,88194ad225fffff,1.1314596e7,1.164881e7,334214.0
London,18,96,900000,3,mean_intersection,88194ad227fffff,1.1525926e7,1.1705026e7,179100.0
London,18,96,900000,3,mean_intersection,88194ad229fffff,1.165868e7,1.1732604e7,73924.0
London,18,96,900000,3,mean_intersection,88194ad22bfffff,1.1289153e7,1.1654282e7,365129.0
London,18,96,900000,3,mean_intersection,88194ad22dfffff,1.1579498e7,1.1703095e7,123597.0
London,18,96,900000,3,mean_intersection,88194ad231fffff,1.1455563e7,1.1627242e7,171679.0
London,18,96,900000,3,mean_intersection,88194ad233fffff,1.1053521e7,1.159119e7,537669.0
London,18,96,900000,3,mean_intersection,88194ad235fffff,1.1590806e7,1.1702155e7,111349.0
London,18,96,900000,3,mean_intersection,88194ad237fffff,1.1489845e7,1.1729205e7,239360.0
London,18,96,900000,3,mean_intersection,88194ad239fffff,1.1498575e7,1.1664983e7,166408.0
London,18,96,900000,3,mean_intersection,88194ad23bfffff,1.1086377e7,1.165199e7,565613.0
London,18,96,900000,3,mean_intersection,88194ad23dfffff,1.1095225e7,1.161517e7,519945.0
London,18,96,900000,3,mean_intersection,88194ad241fffff,1.164172e7,1.1701615e7,59895.0
London,18,96,900000,3,mean_intersection,88194ad243fffff,1.1175203e7,1.1579281e7,404078.0
London,18,96,900000,3,mean_intersection,88194ad245fffff,1.1642337e7,1.1750352e7,108015.0
London,18,96,900000,3,mean_intersection,88194ad247fffff,1.1676804e7,1.1736284e7,59480.0
London,18,96,900000,3,mean_intersection,88194ad249fffff,1.1264435e7,1.169674e7,432305.0
London,18,96,900000,3,mean_intersection,88194ad24bfffff,1.1133425e7,1.1644345e7,510920.0
London,18,96,900000,3,mean_intersection,88194ad24dfffff,1.1225729e7,1.1609192e7,383463.0
London,18,96,900000,3,mean_intersection,88194ad251fffff,1.1029419e7,1.1556153e7,526734.0
London,18,96,900000,3,mean_intersection,88194ad253fffff,1.1047309e7,1.1625718e7,578409.0
London,18,96,900000,3,mean_intersection,88194ad255fffff,1.1016481e7,1.16334e7,616919.0
London,18,96,900000,3,mean_intersection,88194ad257fffff,1.1024168e7,1.1527877e7,503709.0
London,18,96,900000,3,mean_intersection,88194ad259fffff,1.1022986e7,1.1681771e7,658785.0
London,18,96,900000,3,mean_intersection,88194ad25bfffff,1.1049104e7,1.1584599e7,535495.0
London,18,96,900000,3,mean_intersection,88194ad25dfffff,1.1041859e7,1.1643691e7,601832.0
London,18,96,900000,3,mean_intersection,88194ad261fffff,1.121742e7,1.1748764e7,531344.0
London,18,96,900000,3,mean_intersection,88194ad263fffff,1.1521575e7,1.1715874e7,194299.0
London,18,96,900000,3,mean_intersection,88194ad265fffff,1.154328e7,1.1672539e7,129259.0
London,18,96,900000,3,mean_intersection,88194ad267fffff,1.1511244e7,1.166992e7,158676.0
London,18,96,900000,3,mean_intersection,88194ad269fffff,1.118326e7,1.1561998e7,378738.0
London,18,96,900000,3,mean_intersection,88194ad26bfffff,1.1511214e7,1.1670481e7,159267.0
London,18,96,900000,3,mean_intersection,88194ad26dfffff,1.1235229e7,1.1535922e7,300693.0
London,18,96,900000,3,mean_intersection,88194ad281fffff,1.0549471e7,1.1179336e7,629865.0
London,18,96,900000,3,mean_intersection,88194ad283fffff,1.0480574e7,1.1379491e7,898917.0
London,18,96,900000,3,mean_intersection,88194ad285fffff,1.0602059e7,1.1249275e7,647216.0
London,18,96,900000,3,mean_intersection,88194ad287fffff,1.0539024e7,1.1364971e7,825947.0
London,18,96,900000,3,mean_intersection,88194ad289fffff,1.0944087e7,1.147219e7,528103.0
London,18,96,900000,3,mean_intersection,88194ad28bfffff,1.0590047e7,1.1262963e7,672916.0
London,18,96,900000,3,mean_intersection,88194ad28dfffff,1.0912376e7,1.1337101e7,424725.0
London,18,96,900000,3,mean_intersection,88194ad295fffff,1.0091297e7,1.1325038e7,1.233741e6
London,18,96,900000,3,mean_intersection,88194ad29dfffff,1.0474813e7,1.1359041e7,884228.0
London,18,96,900000,3,mean_intersection,88194ad2a1fffff,1.0614462e7,1.1386465e7,772003.0
London,18,96,900000,3,mean_intersection,88194ad2a3fffff,1.0258237e7,1.1397355e7,1.139118e6
London,18,96,900000,3,mean_intersection,88194ad2a5fffff,1.0684673e7,1.1483691e7,799018.0
London,18,96,900000,3,mean_intersection,88194ad2a7fffff,1.059249e7,1.1322847e7,730357.0
London,18,96,900000,3,mean_intersection,88194ad2a9fffff,1.0751785e7,1.141204e7,660255.0
London,18,96,900000,3,mean_intersection,88194ad2abfffff,1.0548246e7,1.1246891e7,698645.0
London,18,96,900000,3,mean_intersection,88194ad2adfffff,1.0868054e7,1.1513173e7,645119.0
London,18,96,900000,3,mean_intersection,88194ad2b1fffff,9.877947e6,1.1385987e7,1.50804e6
London,18,96,900000,3,mean_intersection,88194ad2b3fffff,9.57604e6,1.106659e7,1.49055e6
London,18,96,900000,3,mean_intersection,88194ad2b5fffff,1.025065e7,1.1421848e7,1.171198e6
London,18,96,900000,3,mean_intersection,88194ad2b7fffff,9.926181e6,1.1230248e7,1.304067e6
London,18,96,900000,3,mean_intersection,88194ad2b9fffff,1.0142736e7,1.1401759e7,1.259023e6
London,18,96,900000,3,mean_intersection,88194ad2bbfffff,1.0099894e7,1.1365856e7,1.265962e6
London,18,96,900000,3,mean_intersection,88194ad2bdfffff,1.032979e7,1.1278907e7,949117.0
London,18,96,900000,3,mean_intersection,88194ad2c1fffff,1.0704009e7,1.1427561e7,723552.0
London,18,96,900000,3,mean_intersection,88194ad2c3fffff,1.094414e7,1.1344905e7,400765.0
London,18,96,900000,3,mean_intersection,88194ad2c5fffff,1.0730848e7,1.1310499e7,579651.0
London,18,96,900000,3,mean_intersection,88194ad2c7fffff,1.0607046e7,1.1368168e7,761122.0
London,18,96,900000,3,mean_intersection,88194ad2c9fffff,1.0681592e7,1.1477003e7,795411.0
London,18,96,900000,3,mean_intersection,88194ad2cbfffff,1.0673587e7,1.1361507e7,687920.0
London,18,96,900000,3,mean_intersection,88194ad2cdfffff,1.0755471e7,1.1496289e7,740818.0
London,18,96,900000,3,mean_intersection,88194ad2d1fffff,1.0827985e7,1.1261111e7,433126.0
London,18,96,900000,3,mean_intersection,88194ad2d5fffff,1.0992013e7,1.1340675e7,348662.0
London,18,96,900000,3,mean_intersection,88194ad2d7fffff,1.0823764e7,1.1243772e7,420008.0
London,18,96,900000,3,mean_intersection,88194ad2d9fffff,1.0776007e7,1.1472657e7,696650.0
London,18,96,900000,3,mean_intersection,88194ad2ddfffff,1.0990548e7,1.1438352e7,447804.0
London,18,96,900000,3,mean_intersection,88194ad2e1fffff,1.0804916e7,1.1540298e7,735382.0
London,18,96,900000,3,mean_intersection,88194ad2e3fffff,1.0919258e7,1.1536556e7,617298.0
London,18,96,900000,3,mean_intersection,88194ad2e5fffff,1.098566e7,1.1629773e7,644113.0
London,18,96,900000,3,mean_intersection,88194ad2e7fffff,1.0923683e7,1.1532199e7,608516.0
London,18,96,900000,3,mean_intersection,88194ad2e9fffff,1.0901403e7,1.1511807e7,610404.0
London,18,96,900000,3,mean_intersection,88194ad2ebfffff,1.063162e7,1.1365416e7,733796.0
London,18,96,900000,3,mean_intersection,88194ad2edfffff,1.1017055e7,1.1665288e7,648233.0
London,18,96,900000,3,mean_intersection,88194ad301fffff,1.2015413e7,1.201602e7,607.0
London,18,96,900000,3,mean_intersection,88194ad303fffff,1.2019127e7,1.198879e7,-30337.0
London,18,96,900000,3,mean_intersection,88194ad305fffff,1.2241512e7,1.2108791e7,-132721.0
London,18,96,900000,3,mean_intersection,88194ad307fffff,1.2183449e7,1.2213508e7,30059.0
London,18,96,900000,3,mean_intersection,88194ad309fffff,1.1999042e7,1.186744e7,-131602.0
London,18,96,900000,3,mean_intersection,88194ad30bfffff,1.1918715e7,1.1855598e7,-63117.0
London,18,96,900000,3,mean_intersection,88194ad30dfffff,1.2183398e7,1.202133e7,-162068.0
London,18,96,900000,3,mean_intersection,88194ad311fffff,1.1693639e7,1.1673079e7,-20560.0
London,18,96,900000,3,mean_intersection,88194ad313fffff,1.1562657e7,1.1756362e7,193705.0
London,18,96,900000,3,mean_intersection,88194ad315fffff,1.1977351e7,1.192203e7,-55321.0
London,18,96,900000,3,mean_intersection,88194ad317fffff,1.1599124e7,1.1679685e7,80561.0
London,18,96,900000,3,mean_intersection,88194ad319fffff,1.1916155e7,1.1913189e7,-2966.0
London,18,96,900000,3,mean_intersection,88194ad31bfffff,1.1624193e7,1.1782592e7,158399.0
London,18,96,900000,3,mean_intersection,88194ad31dfffff,1.1635338e7,1.1802038e7,166700.0
London,18,96,900000,3,mean_intersection,88194ad321fffff,1.2253384e7,1.2007457e7,-245927.0
London,18,96,900000,3,mean_intersection,88194ad323fffff,1.2331732e7,1.1808055e7,-523677.0
London,18,96,900000,3,mean_intersection,88194ad325fffff,1.2330947e7,1.1810508e7,-520439.0
London,18,96,900000,3,mean_intersection,88194ad327fffff,1.2428272e7,1.1816747e7,-611525.0
London,18,96,900000,3,mean_intersection,88194ad329fffff,1.2277784e7,1.2036768e7,-241016.0
London,18,96,900000,3,mean_intersection,88194ad32bfffff,1.2190949e7,1.2106379e7,-84570.0
London,18,96,900000,3,mean_intersection,88194ad32dfffff,1.2296855e7,1.1774706e7,-522149.0
London,18,96,900000,3,mean_intersection,88194ad331fffff,1.2023034e7,1.1941481e7,-81553.0
London,18,96,900000,3,mean_intersection,88194ad333fffff,1.1659042e7,1.1615468e7,-43574.0
London,18,96,900000,3,mean_intersection,88194ad335fffff,1.2063347e7,1.1804446e7,-258901.0
London,18,96,900000,3,mean_intersection,88194ad337fffff,1.1877065e7,1.1695697e7,-181368.0
London,18,96,900000,3,mean_intersection,88194ad339fffff,1.2026012e7,1.2101394e7,75382.0
London,18,96,900000,3,mean_intersection,88194ad33bfffff,1.2017018e7,1.1825229e7,-191789.0
London,18,96,900000,3,mean_intersection,88194ad33dfffff,1.2122049e7,1.2017645e7,-104404.0
London,18,96,900000,3,mean_intersection,88194ad341fffff,1.1655712e7,1.1699948e7,44236.0
London,18,96,900000,3,mean_intersection,88194ad343fffff,1.1590508e7,1.1685155e7,94647.0
London,18,96,900000,3,mean_intersection,88194ad345fffff,1.1667916e7,1.1760685e7,92769.0
London,18,96,900000,3,mean_intersection,88194ad347fffff,1.2008472e7,1.1997839e7,-10633.0
London,18,96,900000,3,mean_intersection,88194ad349fffff,1.149386e7,1.1769443e7,275583.0
London,18,96,900000,3,mean_intersection,88194ad34bfffff,1.175779e7,1.1684046e7,-73744.0
London,18,96,900000,3,mean_intersection,88194ad34dfffff,1.1440137e7,1.1852345e7,412208.0
London,18,96,900000,3,mean_intersection,88194ad351fffff,1.1656525e7,1.1789034e7,132509.0
London,18,96,900000,3,mean_intersection,88194ad353fffff,1.1589776e7,1.1604881e7,15105.0
London,18,96,900000,3,mean_intersection,88194ad355fffff,1.1746982e7,1.1667159e7,-79823.0
London,18,96,900000,3,mean_intersection,88194ad357fffff,1.1473839e7,1.1664013e7,190174.0
London,18,96,900000,3,mean_intersection,88194ad359fffff,1.164762e7,1.1642878e7,-4742.0
London,18,96,900000,3,mean_intersection,88194ad35bfffff,1.150405e7,1.1692786e7,188736.0
London,18,96,900000,3,mean_intersection,88194ad35dfffff,1.1651813e7,1.1766573e7,114760.0
London,18,96,900000,3,mean_intersection,88194ad361fffff,1.1743158e7,1.1808201e7,65043.0
London,18,96,900000,3,mean_intersection,88194ad363fffff,1.190142e7,1.1958424e7,57004.0
London,18,96,900000,3,mean_intersection,88194ad365fffff,1.2140642e7,1.1852431e7,-288211.0
London,18,96,900000,3,mean_intersection,88194ad367fffff,1.2097347e7,1.1809336e7,-288011.0
London,18,96,900000,3,mean_intersection,88194ad369fffff,1.1746075e7,1.1831312e7,85237.0
London,18,96,900000,3,mean_intersection,88194ad36bfffff,1.1871595e7,1.1766729e7,-104866.0
London,18,96,900000,3,mean_intersection,88194ad36dfffff,1.2129623e7,1.1862818e7,-266805.0
London,18,96,900000,3,mean_intersection,88194ad801fffff,1.047581e7,1.1314422e7,838612.0
London,18,96,900000,3,mean_intersection,88194ad803fffff,1.0170423e7,1.1128488e7,958065.0
London,18,96,900000,3,mean_intersection,88194ad805fffff,1.0352388e7,1.1127408e7,775020.0
London,18,96,900000,3,mean_intersection,88194ad807fffff,1.0062064e7,1.1031467e7,969403.0
London,18,96,900000,3,mean_intersection,88194ad809fffff,1.0616685e7,1.1184417e7,567732.0
London,18,96,900000,3,mean_intersection,88194ad80bfffff,1.0463347e7,1.1171712e7,708365.0
London,18,96,900000,3,mean_intersection,88194ad80dfffff,1.0738663e7,1.135985e7,621187.0
London,18,96,900000,3,mean_intersection,88194ad811fffff,1.0194224e7,1.1284407e7,1.090183e6
London,18,96,900000,3,mean_intersection,88194ad813fffff,1.0374086e7,1.1131253e7,757167.0
London,18,96,900000,3,mean_intersection,88194ad815fffff,1.0224642e7,1.1517688e7,1.293046e6
London,18,96,900000,3,mean_intersection,88194ad817fffff,1.0142645e7,1.1303126e7,1.160481e6
London,18,96,900000,3,mean_intersection,88194ad819fffff,1.0737047e7,1.1404447e7,667400.0
London,18,96,900000,3,mean_intersection,88194ad81bfffff,1.0376405e7,1.1142385e7,765980.0
London,18,96,900000,3,mean_intersection,88194ad81dfffff,1.0224642e7,1.1414646e7,1.190004e6
London,18,96,900000,3,mean_intersection,88194ad829fffff,1.072961e7,1.1385869e7,656259.0
London,18,96,900000,3,mean_intersection,88194ad82bfffff,1.0167744e7,1.1173971e7,1.006227e6
London,18,96,900000,3,mean_intersection,88194ad831fffff,9.953478e6,1.1199194e7,1.245716e6
London,18,96,900000,3,mean_intersection,88194ad833fffff,9.928886e6,1.1316458e7,1.387572e6
London,18,96,900000,3,mean_intersection,88194ad839fffff,9.874469e6,1.1143091e7,1.268622e6
London,18,96,900000,3,mean_intersection,88194ad83bfffff,9.921986e6,1.1545805e7,1.623819e6
London,18,96,900000,3,mean_intersection,88194ad83dfffff,1.0103205e7,1.1149616e7,1.046411e6
London,18,96,900000,3,mean_intersection,88194ad841fffff,1.1079529e7,1.1341218e7,261689.0
London,18,96,900000,3,mean_intersection,88194ad843fffff,1.0968853e7,1.1310806e7,341953.0
London,18,96,900000,3,mean_intersection,88194ad845fffff,1.0877469e7,1.1364701e7,487232.0
London,18,96,900000,3,mean_intersection,88194ad847fffff,1.0858252e7,1.1506353e7,648101.0
London,18,96,900000,3,mean_intersection,88194ad849fffff,1.1084963e7,1.1646694e7,561731.0
London,18,96,900000,3,mean_intersection,88194ad84bfffff,1.1232899e7,1.1586701e7,353802.0
London,18,96,900000,3,mean_intersection,88194ad84dfffff,1.0905587e7,1.1502754e7,597167.0
London,18,96,900000,3,mean_intersection,88194ad851fffff,1.102793e7,1.1566964e7,539034.0
London,18,96,900000,3,mean_intersection,88194ad853fffff,1.0744119e7,1.1372593e7,628474.0
London,18,96,900000,3,mean_intersection,88194ad855fffff,1.0741519e7,1.1467821e7,726302.0
London,18,96,900000,3,mean_intersection,88194ad857fffff,1.0575061e7,1.1200333e7,625272.0
London,18,96,900000,3,mean_intersection,88194ad859fffff,1.1039418e7,1.1575961e7,536543.0
London,18,96,900000,3,mean_intersection,88194ad85bfffff,1.1024029e7,1.1585228e7,561199.0
London,18,96,900000,3,mean_intersection,88194ad85dfffff,1.1027473e7,1.1436018e7,408545.0
London,18,96,900000,3,mean_intersection,88194ad861fffff,1.0864084e7,1.1609151e7,745067.0
London,18,96,900000,3,mean_intersection,88194ad863fffff,1.0787675e7,1.1411742e7,624067.0
London,18,96,900000,3,mean_intersection,88194ad865fffff,1.0780871e7,1.1442046e7,661175.0
London,18,96,900000,3,mean_intersection,88194ad867fffff,1.0823312e7,1.1733592e7,910280.0
London,18,96,900000,3,mean_intersection,88194ad869fffff,1.0931342e7,1.1617735e7,686393.0
London,18,96,900000,3,mean_intersection,88194ad86bfffff,1.0798228e7,1.1417579e7,619351.0
London,18,96,900000,3,mean_intersection,88194ad86dfffff,1.0907647e7,1.1475732e7,568085.0
London,18,96,900000,3,mean_intersection,88194ad881fffff,1.0363492e7,1.129251e7,929018.0
London,18,96,900000,3,mean_intersection,88194ad885fffff,1.0829582e7,1.1236745e7,407163.0
London,18,96,900000,3,mean_intersection,88194ad889fffff,1.0820603e7,1.1243616e7,423013.0
London,18,96,900000,3,mean_intersection,88194ad88bfffff,1.0355732e7,1.1091468e7,735736.0
London,18,96,900000,3,mean_intersection,88194ad88dfffff,1.0820603e7,1.1208328e7,387725.0
London,18,96,900000,3,mean_intersection,88194ad8a9fffff,1.0439817e7,1.1479084e7,1.039267e6
London,18,96,900000,3,mean_intersection,88194ad8c1fffff,1.0933192e7,1.1698187e7,764995.0
London,18,96,900000,3,mean_intersection,88194ad8c3fffff,1.0523986e7,1.1504268e7,980282.0
London,18,96,900000,3,mean_intersection,88194ad8c5fffff,1.0573903e7,1.1238928e7,665025.0
London,18,96,900000,3,mean_intersection,88194ad8c7fffff,1.0834057e7,1.1253039e7,418982.0
London,18,96,900000,3,mean_intersection,88194ad8c9fffff,1.087452e7,1.128979e7,415270.0
London,18,96,900000,3,mean_intersection,88194ad8cbfffff,1.0925663e7,1.168641e7,760747.0
London,18,96,900000,3,mean_intersection,88194ad8cdfffff,1.0514171e7,1.1399652e7,885481.0
London,18,96,900000,3,mean_intersection,88194ad8d1fffff,1.0753033e7,1.1322205e7,569172.0
London,18,96,900000,3,mean_intersection,88194ad8d3fffff,1.0621753e7,1.1243243e7,621490.0
London,18,96,900000,3,mean_intersection,88194ad8d5fffff,1.0482704e7,1.1177494e7,694790.0
London,18,96,900000,3,mean_intersection,88194ad8d7fffff,1.0436084e7,1.1177016e7,740932.0
London,18,96,900000,3,mean_intersection,88194ad8d9fffff,1.0847803e7,1.1339552e7,491749.0
London,18,96,900000,3,mean_intersection,88194ad8dbfffff,1.0800391e7,1.1228431e7,428040.0
London,18,96,900000,3,mean_intersection,88194ad8ddfffff,1.0756737e7,1.1283998e7,527261.0
London,18,96,900000,3,mean_intersection,88194ad8e1fffff,1.0407167e7,1.1241005e7,833838.0
London,18,96,900000,3,mean_intersection,88194ad8e3fffff,1.0435464e7,1.1291602e7,856138.0
London,18,96,900000,3,mean_intersection,88194ad8e5fffff,1.0423401e7,1.1321321e7,897920.0
London,18,96,900000,3,mean_intersection,88194ad8e7fffff,1.0425309e7,1.1420886e7,995577.0
London,18,96,900000,3,mean_intersection,88194ad8e9fffff,1.0352401e7,1.1143369e7,790968.0
London,18,96,900000,3,mean_intersection,88194ad8ebfffff,1.0454902e7,1.1207276e7,752374.0
London,18,96,900000,3,mean_intersection,88194ad8edfffff,1.0271822e7,1.124197e7,970148.0
London,18,96,900000,3,mean_intersection,88194ada01fffff,1.1456411e7,1.1604553e7,148142.0
London,18,96,900000,3,mean_intersection,88194ada03fffff,1.1399769e7,1.1618421e7,218652.0
London,18,96,900000,3,mean_intersection,88194ada05fffff,1.152762e7,1.1613404e7,85784.0
London,18,96,900000,3,mean_intersection,88194ada07fffff,1.1317381e7,1.1349463e7,32082.0
London,18,96,900000,3,mean_intersection,88194ada09fffff,1.1878303e7,1.1615249e7,-263054.0
London,18,96,900000,3,mean_intersection,88194ada0bfffff,1.181706e7,1.1749207e7,-67853.0
London,18,96,900000,3,mean_intersection,88194ada0dfffff,1.1593579e7,1.1688589e7,95010.0
London,18,96,900000,3,mean_intersection,88194ada11fffff,1.1363193e7,1.1652977e7,289784.0
London,18,96,900000,3,mean_intersection,88194ada13fffff,1.1188771e7,1.1669765e7,480994.0
London,18,96,900000,3,mean_intersection,88194ada15fffff,1.1414125e7,1.1636967e7,222842.0
London,18,96,900000,3,mean_intersection,88194ada17fffff,1.1402039e7,1.164811e7,246071.0
London,18,96,900000,3,mean_intersection,88194ada19fffff,1.1623384e7,1.1629769e7,6385.0
London,18,96,900000,3,mean_intersection,88194ada1bfffff,1.1375669e7,1.1700267e7,324598.0
London,18,96,900000,3,mean_intersection,88194ada1dfffff,1.1465215e7,1.1626562e7,161347.0
London,18,96,900000,3,mean_intersection,88194ada21fffff,1.1237688e7,1.1762747e7,525059.0
London,18,96,900000,3,mean_intersection,88194ada23fffff,1.1160748e7,1.1579537e7,418789.0
London,18,96,900000,3,mean_intersection,88194ada25fffff,1.123904e7,1.1585321e7,346281.0
London,18,96,900000,3,mean_intersection,88194ada27fffff,1.1203051e7,1.1494935e7,291884.0
London,18,96,900000,3,mean_intersection,88194ada29fffff,1.1424941e7,1.1610888e7,185947.0
London,18,96,900000,3,mean_intersection,88194ada2bfffff,1.1214052e7,1.1592316e7,378264.0
London,18,96,900000,3,mean_intersection,88194ada2dfffff,1.1702693e7,1.1781269e7,78576.0
London,18,96,900000,3,mean_intersection,88194ada31fffff,1.1397125e7,1.1625265e7,228140.0
London,18,96,900000,3,mean_intersection,88194ada33fffff,1.1225687e7,1.1662875e7,437188.0
London,18,96,900000,3,mean_intersection,88194ada35fffff,1.1040832e7,1.1632172e7,591340.0
London,18,96,900000,3,mean_intersection,88194ada37fffff,1.1241185e7,1.1648162e7,406977.0
London,18,96,900000,3,mean_intersection,88194ada39fffff,1.1316865e7,1.1567465e7,250600.0
London,18,96,900000,3,mean_intersection,88194ada3bfffff,1.1402125e7,1.164177e7,239645.0
London,18,96,900000,3,mean_intersection,88194ada3dfffff,1.1118409e7,1.1552516e7,434107.0
London,18,96,900000,3,mean_intersection,88194ada41fffff,1.2087734e7,1.1752943e7,-334791.0
London,18,96,900000,3,mean_intersection,88194ada43fffff,1.1720148e7,1.1650421e7,-69727.0
London,18,96,900000,3,mean_intersection,88194ada45fffff,1.1819018e7,1.1881392e7,62374.0
London,18,96,900000,3,mean_intersection,88194ada47fffff,1.1827019e7,1.1784019e7,-43000.0
London,18,96,900000,3,mean_intersection,88194ada49fffff,1.208928e7,1.1682827e7,-406453.0
London,18,96,900000,3,mean_intersection,88194ada4bfffff,1.1993891e7,1.1674898e7,-318993.0
London,18,96,900000,3,mean_intersection,88194ada4dfffff,1.1778024e7,1.1909406e7,131382.0
London,18,96,900000,3,mean_intersection,88194ada51fffff,1.1835701e7,1.1652792e7,-182909.0
London,18,96,900000,3,mean_intersection,88194ada53fffff,1.1610632e7,1.1623576e7,12944.0
London,18,96,900000,3,mean_intersection,88194ada55fffff,1.1873694e7,1.1628276e7,-245418.0
London,18,96,900000,3,mean_intersection,88194ada57fffff,1.1711406e7,1.1621447e7,-89959.0
London,18,96,900000,3,mean_intersection,88194ada59fffff,1.1888329e7,1.1702282e7,-186047.0
London,18,96,900000,3,mean_intersection,88194ada5bfffff,1.1879264e7,1.179866e7,-80604.0
London,18,96,900000,3,mean_intersection,88194ada5dfffff,1.1934988e7,1.1649369e7,-285619.0
London,18,96,900000,3,mean_intersection,88194ada61fffff,1.1555953e7,1.1656481e7,100528.0
London,18,96,900000,3,mean_intersection,88194ada63fffff,1.1573229e7,1.1610863e7,37634.0
London,18,96,900000,3,mean_intersection,88194ada65fffff,1.1603502e7,1.2156114e7,552612.0
London,18,96,900000,3,mean_intersection,88194ada67fffff,1.1365083e7,1.1742088e7,377005.0
London,18,96,900000,3,mean_intersection,88194ada69fffff,1.1538443e7,1.177643e7,237987.0
London,18,96,900000,3,mean_intersection,88194ada6bfffff,1.16264e7,1.1618506e7,-7894.0
London,18,96,900000,3,mean_intersection,88194ada6dfffff,1.1638344e7,1.1830643e7,192299.0
London,18,96,900000,3,mean_intersection,88194ada81fffff,1.0991083e7,1.1439665e7,448582.0
London,18,96,900000,3,mean_intersection,88194ada83fffff,1.0907962e7,1.1559327e7,651365.0
London,18,96,900000,3,mean_intersection,88194ada85fffff,1.1118532e7,1.1409893e7,291361.0
London,18,96,900000,3,mean_intersection,88194ada87fffff,1.1064103e7,1.140943e7,345327.0
London,18,96,900000,3,mean_intersection,88194ada89fffff,1.1018529e7,1.1422947e7,404418.0
London,18,96,900000,3,mean_intersection,88194ada8bfffff,1.1135059e7,1.1408559e7,273500.0
London,18,96,900000,3,mean_intersection,88194ada8dfffff,1.1031109e7,1.1574188e7,543079.0
London,18,96,900000,3,mean_intersection,88194ada91fffff,1.0838578e7,1.1447434e7,608856.0
London,18,96,900000,3,mean_intersection,88194ada93fffff,1.0827549e7,1.144801e7,620461.0
London,18,96,900000,3,mean_intersection,88194ada95fffff,1.1243906e7,1.1412459e7,168553.0
London,18,96,900000,3,mean_intersection,88194ada97fffff,1.0838103e7,1.1399094e7,560991.0
London,18,96,900000,3,mean_intersection,88194ada99fffff,1.1245428e7,1.1474069e7,228641.0
London,18,96,900000,3,mean_intersection,88194ada9bfffff,1.0852524e7,1.1444122e7,591598.0
London,18,96,900000,3,mean_intersection,88194ada9dfffff,1.1125541e7,1.1415484e7,289943.0
London,18,96,900000,3,mean_intersection,88194adaa1fffff,1.0792011e7,1.138377e7,591759.0
London,18,96,900000,3,mean_intersection,88194adaa3fffff,1.0858873e7,1.1322009e7,463136.0
London,18,96,900000,3,mean_intersection,88194adaa5fffff,1.073052e7,1.1429329e7,698809.0
London,18,96,900000,3,mean_intersection,88194adaa7fffff,1.0749951e7,1.1267563e7,517612.0
London,18,96,900000,3,mean_intersection,88194adaa9fffff,1.0950957e7,1.1556718e7,605761.0
London,18,96,900000,3,mean_intersection,88194adaabfffff,1.0864567e7,1.1387396e7,522829.0
London,18,96,900000,3,mean_intersection,88194adaadfffff,1.0752981e7,1.1280991e7,528010.0
London,18,96,900000,3,mean_intersection,88194adab1fffff,1.0930548e7,1.1420231e7,489683.0
London,18,96,900000,3,mean_intersection,88194adab3fffff,1.108274e7,1.1560741e7,478001.0
London,18,96,900000,3,mean_intersection,88194adab5fffff,1.0888513e7,1.1578497e7,689984.0
London,18,96,900000,3,mean_intersection,88194adab7fffff,1.0874056e7,1.1511591e7,637535.0
London,18,96,900000,3,mean_intersection,88194adab9fffff,1.1010773e7,1.1435134e7,424361.0
London,18,96,900000,3,mean_intersection,88194adabbfffff,1.1243906e7,1.1411894e7,167988.0
London,18,96,900000,3,mean_intersection,88194adabdfffff,1.1029019e7,1.1687079e7,658060.0
London,18,96,900000,3,mean_intersection,88194adac1fffff,1.1158503e7,1.1614581e7,456078.0
London,18,96,900000,3,mean_intersection,88194adac3fffff,1.0889997e7,1.1661504e7,771507.0
London,18,96,900000,3,mean_intersection,88194adac5fffff,1.1273555e7,1.1644683e7,371128.0
London,18,96,900000,3,mean_intersection,88194adac7fffff,1.102219e7,1.1586638e7,564448.0
London,18,96,900000,3,mean_intersection,88194adac9fffff,1.1409314e7,1.167968e7,270366.0
London,18,96,900000,3,mean_intersection,88194adacbfffff,1.1067879e7,1.1646059e7,578180.0
London,18,96,900000,3,mean_intersection,88194adacdfffff,1.1336912e7,1.163504e7,298128.0
London,18,96,900000,3,mean_intersection,88194adad1fffff,1.1223025e7,1.143079e7,207765.0
London,18,96,900000,3,mean_intersection,88194adad3fffff,1.1054041e7,1.13446e7,290559.0
London,18,96,900000,3,mean_intersection,88194adad5fffff,1.1055597e7,1.1382287e7,326690.0
London,18,96,900000,3,mean_intersection,88194adad7fffff,1.1243906e7,1.1392153e7,148247.0
London,18,96,900000,3,mean_intersection,88194adad9fffff,1.1697211e7,1.1716565e7,19354.0
London,18,96,900000,3,mean_intersection,88194adadbfffff,1.1057358e7,1.1677301e7,619943.0
London,18,96,900000,3,mean_intersection,88194adaddfffff,1.105676e7,1.1657148e7,600388.0
London,18,96,900000,3,mean_intersection,88194adae1fffff,1.104246e7,1.1432734e7,390274.0
London,18,96,900000,3,mean_intersection,88194adae3fffff,1.0991794e7,1.1561182e7,569388.0
London,18,96,900000,3,mean_intersection,88194adae5fffff,1.141684e7,1.1501867e7,85027.0
London,18,96,900000,3,mean_intersection,88194adae7fffff,1.1037039e7,1.1425757e7,388718.0
London,18,96,900000,3,mean_intersection,88194adae9fffff,1.1164712e7,1.1614347e7,449635.0
London,18,96,900000,3,mean_intersection,88194adaebfffff,1.1030633e7,1.1655368e7,624735.0
London,18,96,900000,3,mean_intersection,88194adaedfffff,1.1417231e7,1.1644287e7,227056.0
London,18,96,900000,3,mean_intersection,88194adb01fffff,1.1589461e7,1.1582784e7,-6677.0
London,18,96,900000,3,mean_intersection,88194adb03fffff,1.1305265e7,1.1552739e7,247474.0
London,18,96,900000,3,mean_intersection,88194adb05fffff,1.1310787e7,1.1694265e7,383478.0
London,18,96,900000,3,mean_intersection,88194adb07fffff,1.1575623e7,1.1725983e7,150360.0
London,18,96,900000,3,mean_intersection,88194adb09fffff,1.1616403e7,1.1729635e7,113232.0
London,18,96,900000,3,mean_intersection,88194adb0bfffff,1.15308e7,1.1593181e7,62381.0
London,18,96,900000,3,mean_intersection,88194adb0dfffff,1.1636647e7,1.1775349e7,138702.0
London,18,96,900000,3,mean_intersection,88194adb11fffff,1.1276803e7,1.1715564e7,438761.0
London,18,96,900000,3,mean_intersection,88194adb13fffff,1.0916782e7,1.1567244e7,650462.0
London,18,96,900000,3,mean_intersection,88194adb15fffff,1.1341709e7,1.1669307e7,327598.0
London,18,96,900000,3,mean_intersection,88194adb17fffff,1.1236912e7,1.1595878e7,358966.0
London,18,96,900000,3,mean_intersection,88194adb19fffff,1.1417382e7,1.1808656e7,391274.0
London,18,96,900000,3,mean_intersection,88194adb1bfffff,1.1183544e7,1.1521433e7,337889.0
London,18,96,900000,3,mean_intersection,88194adb1dfffff,1.1417663e7,1.1729658e7,311995.0
London,18,96,900000,3,mean_intersection,88194adb29fffff,1.1431366e7,1.1930972e7,499606.0
London,18,96,900000,3,mean_intersection,88194adb2bfffff,1.1413693e7,1.1715876e7,302183.0
London,18,96,900000,3,mean_intersection,88194adb31fffff,1.1297885e7,1.1688685e7,390800.0
London,18,96,900000,3,mean_intersection,88194adb33fffff,1.0896979e7,1.1489573e7,592594.0
London,18,96,900000,3,mean_intersection,88194adb39fffff,1.1319759e7,1.1754047e7,434288.0
London,18,96,900000,3,mean_intersection,88194adb3bfffff,1.1240589e7,1.1715684e7,475095.0
London,18,96,900000,3,mean_intersection,88194adb3dfffff,1.1333728e7,1.1734495e7,400767.0
London,18,96,900000,3,mean_intersection,88194adb41fffff,1.1398512e7,1.1594501e7,195989.0
London,18,96,900000,3,mean_intersection,88194adb43fffff,1.1717544e7,1.1732591e7,15047.0
London,18,96,900000,3,mean_intersection,88194adb45fffff,1.1561991e7,1.1581829e7,19838.0
London,18,96,900000,3,mean_intersection,88194adb47fffff,1.1797988e7,1.1628219e7,-169769.0
London,18,96,900000,3,mean_intersection,88194adb49fffff,1.1426641e7,1.1650065e7,223424.0
London,18,96,900000,3,mean_intersection,88194adb4bfffff,1.1598304e7,1.1605507e7,7203.0
London,18,96,900000,3,mean_intersection,88194adb4dfffff,1.1428595e7,1.1645168e7,216573.0
London,18,96,900000,3,mean_intersection,88194adb51fffff,1.1613681e7,1.1893589e7,279908.0
London,18,96,900000,3,mean_intersection,88194adb53fffff,1.137523e7,1.1776958e7,401728.0
London,18,96,900000,3,mean_intersection,88194adb55fffff,1.1702061e7,1.1932175e7,230114.0
London,18,96,900000,3,mean_intersection,88194adb57fffff,1.1448552e7,1.1581661e7,133109.0
London,18,96,900000,3,mean_intersection,88194adb59fffff,1.1602232e7,1.2040761e7,438529.0
London,18,96,900000,3,mean_intersection,88194adb5bfffff,1.1426974e7,1.183487e7,407896.0
London,18,96,900000,3,mean_intersection,88194adb5dfffff,1.1650542e7,1.175291e7,102368.0
London,18,96,900000,3,mean_intersection,88194adb61fffff,1.1213029e7,1.1587681e7,374652.0
London,18,96,900000,3,mean_intersection,88194adb63fffff,1.1626164e7,1.1753011e7,126847.0
London,18,96,900000,3,mean_intersection,88194adb65fffff,1.1134147e7,1.1575133e7,440986.0
London,18,96,900000,3,mean_intersection,88194adb67fffff,1.1199113e7,1.1755894e7,556781.0
London,18,96,900000,3,mean_intersection,88194adb69fffff,1.1490235e7,1.1708014e7,217779.0
London,18,96,900000,3,mean_intersection,88194adb6bfffff,1.1565901e7,1.1535805e7,-30096.0
London,18,96,900000,3,mean_intersection,88194adb6dfffff,1.1408681e7,1.1608721e7,200040.0
London,18,96,900000,3,mean_intersection,88194e6805fffff,1.111162e7,1.132674e7,215120.0
London,18,96,900000,3,mean_intersection,88194e6807fffff,1.105709e7,1.1281706e7,224616.0
London,18,96,900000,3,mean_intersection,88194e6821fffff,1.105914e7,1.1346469e7,287329.0
London,18,96,900000,3,mean_intersection,88194e6823fffff,1.0986062e7,1.1468724e7,482662.0
London,18,96,900000,3,mean_intersection,88194e6825fffff,1.1320611e7,1.1630366e7,309755.0
London,18,96,900000,3,mean_intersection,88194e6827fffff,1.1099646e7,1.1574018e7,474372.0
London,18,96,900000,3,mean_intersection,88194e6829fffff,1.1066689e7,1.1300645e7,233956.0
London,18,96,900000,3,mean_intersection,88194e682bfffff,1.0920686e7,1.1290304e7,369618.0
London,18,96,900000,3,mean_intersection,88194e682dfffff,1.0735862e7,1.1574482e7,838620.0
London,18,96,900000,3,mean_intersection,88194e6831fffff,1.1067118e7,1.1398392e7,331274.0
London,18,96,900000,3,mean_intersection,88194e6833fffff,1.1036101e7,1.1418554e7,382453.0
London,18,96,900000,3,mean_intersection,88194e6835fffff,1.107146e7,1.1471766e7,400306.0
London,18,96,900000,3,mean_intersection,88194e6837fffff,1.1351186e7,1.1566653e7,215467.0
London,18,96,900000,3,mean_intersection,88194e6839fffff,1.1079582e7,1.134689e7,267308.0
London,18,96,900000,3,mean_intersection,88194e683bfffff,1.0782041e7,1.1359703e7,577662.0
London,18,96,900000,3,mean_intersection,88194e683dfffff,1.1072547e7,1.134251e7,269963.0
London,18,96,900000,3,mean_intersection,88194e6863fffff,1.0671387e7,1.1320765e7,649378.0
London,18,96,900000,3,mean_intersection,88194e6867fffff,1.0707167e7,1.1394047e7,686880.0
London,18,96,900000,3,mean_intersection,88194e6885fffff,1.1130485e7,1.1670768e7,540283.0
London,18,96,900000,3,mean_intersection,88194e6887fffff,1.1171668e7,1.1620812e7,449144.0
London,18,96,900000,3,mean_intersection,88194e68a1fffff,1.1080352e7,1.1561455e7,481103.0
London,18,96,900000,3,mean_intersection,88194e68a3fffff,1.1254808e7,1.163019e7,375382.0
London,18,96,900000,3,mean_intersection,88194e68a5fffff,1.1068072e7,1.1579842e7,511770.0
London,18,96,900000,3,mean_intersection,88194e68a7fffff,1.128914e7,1.1561778e7,272638.0
London,18,96,900000,3,mean_intersection,88194e68a9fffff,1.1083334e7,1.1538554e7,455220.0
London,18,96,900000,3,mean_intersection,88194e68abfffff,1.1231992e7,1.1521774e7,289782.0
London,18,96,900000,3,mean_intersection,88194e68adfffff,1.1291876e7,1.1624034e7,332158.0
London,18,96,900000,3,mean_intersection,88194e68b1fffff,1.0879626e7,1.145951e7,579884.0
London,18,96,900000,3,mean_intersection,88194e68b3fffff,1.0892484e7,1.1531857e7,639373.0
London,18,96,900000,3,mean_intersection,88194e68b5fffff,1.1034758e7,1.16147e7,579942.0
London,18,96,900000,3,mean_intersection,88194e68b7fffff,1.0958881e7,1.154085e7,581969.0
London,18,96,900000,3,mean_intersection,88194e68b9fffff,1.0977532e7,1.1610263e7,632731.0
London,18,96,900000,3,mean_intersection,88194e68bbfffff,1.0888636e7,1.1509593e7,620957.0
London,18,96,900000,3,mean_intersection,88194e68bdfffff,1.0975439e7,1.1535547e7,560108.0
London,18,96,900000,3,mean_intersection,88194e68e1fffff,1.0890064e7,1.1443641e7,553577.0
London,18,96,900000,3,mean_intersection,88194e68e3fffff,1.10898e7,1.1531631e7,441831.0
London,18,96,900000,3,mean_intersection,88194e68e5fffff,1.0849815e7,1.1325722e7,475907.0
London,18,96,900000,3,mean_intersection,88194e68e7fffff,1.1152162e7,1.1573863e7,421701.0
London,18,96,900000,3,mean_intersection,88194e68edfffff,1.0817388e7,1.1377899e7,560511.0
London,18,96,900000,3,mean_intersection,88194e6901fffff,1.1065077e7,1.1602873e7,537796.0
London,18,96,900000,3,mean_intersection,88194e6903fffff,1.1106351e7,1.1508074e7,401723.0
London,18,96,900000,3,mean_intersection,88194e6905fffff,1.1316511e7,1.1640301e7,323790.0
London,18,96,900000,3,mean_intersection,88194e6907fffff,1.1151727e7,1.1648217e7,496490.0
London,18,96,900000,3,mean_intersection,88194e6909fffff,1.0715755e7,1.1462795e7,747040.0
London,18,96,900000,3,mean_intersection,88194e690bfffff,1.0969665e7,1.1541679e7,572014.0
London,18,96,900000,3,mean_intersection,88194e690dfffff,1.0956569e7,1.1527158e7,570589.0
London,18,96,900000,3,mean_intersection,88194e6911fffff,1.1508208e7,1.1656723e7,148515.0
London,18,96,900000,3,mean_intersection,88194e6913fffff,1.1434057e7,1.1666408e7,232351.0
London,18,96,900000,3,mean_intersection,88194e6915fffff,1.1652622e7,1.1693953e7,41331.0
London,18,96,900000,3,mean_intersection,88194e6917fffff,1.1654645e7,1.1690251e7,35606.0
London,18,96,900000,3,mean_intersection,88194e6919fffff,1.1305784e7,1.1641011e7,335227.0
London,18,96,900000,3,mean_intersection,88194e691bfffff,1.1582703e7,1.172182e7,139117.0
London,18,96,900000,3,mean_intersection,88194e691dfffff,1.115725e7,1.1599104e7,441854.0
London,18,96,900000,3,mean_intersection,88194e6921fffff,1.1276546e7,1.1682342e7,405796.0
London,18,96,900000,3,mean_intersection,88194e6923fffff,1.1518766e7,1.1707753e7,188987.0
London,18,96,900000,3,mean_intersection,88194e6925fffff,1.1167956e7,1.1688853e7,520897.0
London,18,96,900000,3,mean_intersection,88194e6927fffff,1.1545031e7,1.1799567e7,254536.0
London,18,96,900000,3,mean_intersection,88194e6929fffff,1.0987874e7,1.156355e7,575676.0
London,18,96,900000,3,mean_intersection,88194e692bfffff,1.1316511e7,1.1663574e7,347063.0
London,18,96,900000,3,mean_intersection,88194e692dfffff,1.1136651e7,1.1694452e7,557801.0
London,18,96,900000,3,mean_intersection,88194e6931fffff,1.178303e7,1.1847359e7,64329.0
London,18,96,900000,3,mean_intersection,88194e6933fffff,1.1419519e7,1.1625319e7,205800.0
London,18,96,900000,3,mean_intersection,88194e6935fffff,1.1578834e7,1.1704951e7,126117.0
London,18,96,900000,3,mean_intersection,88194e6937fffff,1.1872869e7,1.1742431e7,-130438.0
London,18,96,900000,3,mean_intersection,88194e6939fffff,1.1299947e7,1.1566759e7,266812.0
London,18,96,900000,3,mean_intersection,88194e693bfffff,1.1652676e7,1.1764745e7,112069.0
London,18,96,900000,3,mean_intersection,88194e693dfffff,1.1552074e7,1.1645252e7,93178.0
London,18,96,900000,3,mean_intersection,88194e6951fffff,1.088647e7,1.1653483e7,767013.0
London,18,96,900000,3,mean_intersection,88194e6953fffff,1.103583e7,1.158206e7,546230.0
London,18,96,900000,3,mean_intersection,88194e6955fffff,1.0929849e7,1.1453767e7,523918.0
London,18,96,900000,3,mean_intersection,88194e6957fffff,1.103581e7,1.1570897e7,535087.0
London,18,96,900000,3,mean_intersection,88194e695bfffff,1.0894221e7,1.1512578e7,618357.0
London,18,96,900000,3,mean_intersection,88194e6963fffff,1.1245758e7,1.1635464e7,389706.0
London,18,96,900000,3,mean_intersection,88194e6967fffff,1.1110506e7,1.1580192e7,469686.0
London,18,96,900000,3,mean_intersection,88194e6981fffff,1.1148808e7,1.1574161e7,425353.0
London,18,96,900000,3,mean_intersection,88194e6983fffff,1.1262755e7,1.1588439e7,325684.0
London,18,96,900000,3,mean_intersection,88194e6985fffff,1.1007804e7,1.1687417e7,679613.0
London,18,96,900000,3,mean_intersection,88194e6987fffff,1.1140536e7,1.1595276e7,454740.0
London,18,96,900000,3,mean_intersection,88194e6989fffff,1.1157619e7,1.1535791e7,378172.0
London,18,96,900000,3,mean_intersection,88194e698bfffff,1.1304527e7,1.1526123e7,221596.0
London,18,96,900000,3,mean_intersection,88194e698dfffff,1.1006506e7,1.1501059e7,494553.0
London,18,96,900000,3,mean_intersection,88194e6991fffff,1.1479574e7,1.1625588e7,146014.0
London,18,96,900000,3,mean_intersection,88194e6993fffff,1.1714473e7,1.1573161e7,-141312.0
London,18,96,900000,3,mean_intersection,88194e6995fffff,1.1232463e7,1.1686907e7,454444.0
London,18,96,900000,3,mean_intersection,88194e6997fffff,1.1662526e7,1.1615869e7,-46657.0
London,18,96,900000,3,mean_intersection,88194e6999fffff,1.1479639e7,1.1572087e7,92448.0
London,18,96,900000,3,mean_intersection,88194e699bfffff,1.1374724e7,1.155692e7,182196.0
London,18,96,900000,3,mean_intersection,88194e699dfffff,1.1833117e7,1.1732458e7,-100659.0
London,18,96,900000,3,mean_intersection,88194e69a1fffff,1.1495295e7,1.1623661e7,128366.0
London,18,96,900000,3,mean_intersection,88194e69a3fffff,1.1381092e7,1.1853903e7,472811.0
London,18,96,900000,3,mean_intersection,88194e69a5fffff,1.1265055e7,1.1597513e7,332458.0
London,18,96,900000,3,mean_intersection,88194e69a7fffff,1.1470428e7,1.1788463e7,318035.0
London,18,96,900000,3,mean_intersection,88194e69a9fffff,1.1226292e7,1.171375e7,487458.0
London,18,96,900000,3,mean_intersection,88194e69abfffff,1.1194297e7,1.1592003e7,397706.0
London,18,96,900000,3,mean_intersection,88194e69adfffff,1.1362375e7,1.171736e7,354985.0
London,18,96,900000,3,mean_intersection,88194e69b1fffff,1.1655081e7,1.1550936e7,-104145.0
London,18,96,900000,3,mean_intersection,88194e69b3fffff,1.1830237e7,1.1813114e7,-17123.0
London,18,96,900000,3,mean_intersection,88194e69b5fffff,1.1329311e7,1.1727838e7,398527.0
London,18,96,900000,3,mean_intersection,88194e69b7fffff,1.1685232e7,1.1748031e7,62799.0
London,18,96,900000,3,mean_intersection,88194e69b9fffff,1.1378654e7,1.15923e7,213646.0
London,18,96,900000,3,mean_intersection,88194e69bbfffff,1.1710272e7,1.1595021e7,-115251.0
London,18,96,900000,3,mean_intersection,88194e69bdfffff,1.1238895e7,1.158535e7,346455.0
London,18,96,900000,3,mean_intersection,88194e69c1fffff,1.1457364e7,1.1562758e7,105394.0
London,18,96,900000,3,mean_intersection,88194e69c3fffff,1.1363437e7,1.1615524e7,252087.0
London,18,96,900000,3,mean_intersection,88194e69c5fffff,1.1232249e7,1.1544957e7,312708.0
London,18,96,900000,3,mean_intersection,88194e69c7fffff,1.1196581e7,1.1612633e7,416052.0
London,18,96,900000,3,mean_intersection,88194e69c9fffff,1.1038915e7,1.1534857e7,495942.0
London,18,96,900000,3,mean_intersection,88194e69cbfffff,1.1163052e7,1.1514149e7,351097.0
London,18,96,900000,3,mean_intersection,88194e69cdfffff,1.1317017e7,1.1595475e7,278458.0
London,18,96,900000,3,mean_intersection,88194e69d1fffff,1.1173729e7,1.1567757e7,394028.0
London,18,96,900000,3,mean_intersection,88194e69d3fffff,1.1292756e7,1.1779293e7,486537.0
London,18,96,900000,3,mean_intersection,88194e69d5fffff,1.14162e7,1.1546566e7,130366.0
London,18,96,900000,3,mean_intersection,88194e69d7fffff,1.1397955e7,1.1572297e7,174342.0
London,18,96,900000,3,mean_intersection,88194e69d9fffff,1.1048239e7,1.1505696e7,457457.0
London,18,96,900000,3,mean_intersection,88194e69dbfffff,1.0991186e7,1.1593807e7,602621.0
London,18,96,900000,3,mean_intersection,88194e69ddfffff,1.1175746e7,1.1533813e7,358067.0
London,18,96,900000,3,mean_intersection,88194e69e1fffff,1.0975076e7,1.1614094e7,639018.0
London,18,96,900000,3,mean_intersection,88194e69e3fffff,1.1011717e7,1.15461e7,534383.0
London,18,96,900000,3,mean_intersection,88194e69e5fffff,1.1259178e7,1.1614796e7,355618.0
London,18,96,900000,3,mean_intersection,88194e69e7fffff,1.1238018e7,1.1559622e7,321604.0
London,18,96,900000,3,mean_intersection,88194e69e9fffff,1.1390783e7,1.1628211e7,237428.0
London,18,96,900000,3,mean_intersection,88194e69ebfffff,1.1031926e7,1.1550089e7,518163.0
London,18,96,900000,3,mean_intersection,88194e69edfffff,1.1269492e7,1.1506907e7,237415.0
London,18,96,900000,3,mean_intersection,88194e6d05fffff,1.0655685e7,1.1257017e7,601332.0
London,18,96,900000,3,mean_intersection,88194e6d07fffff,1.0706052e7,1.1244184e7,538132.0
London,18,96,900000,3,mean_intersection,88194e6d21fffff,1.0804515e7,1.1443082e7,638567.0
London,18,96,900000,3,mean_intersection,88194e6d23fffff,1.0671494e7,1.136429e7,692796.0
London,18,96,900000,3,mean_intersection,88194e6d25fffff,1.1076159e7,1.1538515e7,462356.0
London,18,96,900000,3,mean_intersection,88194e6d27fffff,1.0887262e7,1.1476363e7,589101.0
London,18,96,900000,3,mean_intersection,88194e6d29fffff,1.1129933e7,1.1315218e7,185285.0
London,18,96,900000,3,mean_intersection,88194e6d2bfffff,1.0751217e7,1.1244347e7,493130.0
London,18,96,900000,3,mean_intersection,88194e6d2dfffff,1.1079988e7,1.155553e7,475542.0
London,18,96,900000,3,mean_intersection,88194e6d31fffff,1.074086e7,1.1359135e7,618275.0
London,18,96,900000,3,mean_intersection,88194e6d33fffff,1.0375923e7,1.1230759e7,854836.0
London,18,96,900000,3,mean_intersection,88194e6d35fffff,1.0681592e7,1.1361897e7,680305.0
London,18,96,900000,3,mean_intersection,88194e6d37fffff,1.074236e7,1.1263196e7,520836.0
London,18,96,900000,3,mean_intersection,88194e6d39fffff,1.0292412e7,1.1082327e7,789915.0
London,18,96,900000,3,mean_intersection,88194e6d3bfffff,1.0787021e7,1.1225899e7,438878.0
London,18,96,900000,3,mean_intersection,88194e6d3dfffff,1.0699974e7,1.1374785e7,674811.0
London,18,96,900000,3,mean_intersection,88194e6d61fffff,1.0775612e7,1.1414156e7,638544.0
London,18,96,900000,3,mean_intersection,88194e6d63fffff,1.0784875e7,1.1269907e7,485032.0
London,18,96,900000,3,mean_intersection,88194e6d65fffff,1.0831397e7,1.1484969e7,653572.0
London,18,96,900000,3,mean_intersection,88194e6d67fffff,1.078087e7,1.135937e7,578500.0
London,18,96,900000,3,mean_intersection,88194e6d6dfffff,1.0719577e7,1.1448891e7,729314.0
London,18,96,900000,3,mean_intersection,88195da401fffff,1.1335843e7,1.1607437e7,271594.0
London,18,96,900000,3,mean_intersection,88195da403fffff,1.1349786e7,1.1536109e7,186323.0
London,18,96,900000,3,mean_intersection,88195da405fffff,1.1284254e7,1.1647376e7,363122.0
London,18,96,900000,3,mean_intersection,88195da407fffff,1.1371584e7,1.1674113e7,302529.0
London,18,96,900000,3,mean_intersection,88195da409fffff,1.1034413e7,1.1545055e7,510642.0
London,18,96,900000,3,mean_intersection,88195da40bfffff,1.1217253e7,1.1532104e7,314851.0
London,18,96,900000,3,mean_intersection,88195da40dfffff,1.102586e7,1.1663262e7,637402.0
London,18,96,900000,3,mean_intersection,88195da411fffff,1.1320819e7,1.1706766e7,385947.0
London,18,96,900000,3,mean_intersection,88195da413fffff,1.1791823e7,1.1728777e7,-63046.0
London,18,96,900000,3,mean_intersection,88195da415fffff,1.1449268e7,1.1704388e7,255120.0
London,18,96,900000,3,mean_intersection,88195da417fffff,1.1950639e7,1.1814663e7,-135976.0
London,18,96,900000,3,mean_intersection,88195da419fffff,1.1140755e7,1.1721461e7,580706.0
London,18,96,900000,3,mean_intersection,88195da41bfffff,1.1336902e7,1.1733389e7,396487.0
London,18,96,900000,3,mean_intersection,88195da41dfffff,1.1277394e7,1.1538142e7,260748.0
London,18,96,900000,3,mean_intersection,88195da421fffff,1.1408828e7,1.1768454e7,359626.0
London,18,96,900000,3,mean_intersection,88195da423fffff,1.1268134e7,1.169091e7,422776.0
London,18,96,900000,3,mean_intersection,88195da425fffff,1.1424409e7,1.1963984e7,539575.0
London,18,96,900000,3,mean_intersection,88195da427fffff,1.1275939e7,1.1727352e7,451413.0
London,18,96,900000,3,mean_intersection,88195da429fffff,1.1373712e7,1.1686485e7,312773.0
London,18,96,900000,3,mean_intersection,88195da42bfffff,1.1421057e7,1.1599517e7,178460.0
London,18,96,900000,3,mean_intersection,88195da42dfffff,1.1238511e7,1.1685398e7,446887.0
London,18,96,900000,3,mean_intersection,88195da431fffff,1.1481917e7,1.1651987e7,170070.0
London,18,96,900000,3,mean_intersection,88195da433fffff,1.161487e7,1.178707e7,172200.0
London,18,96,900000,3,mean_intersection,88195da435fffff,1.1592686e7,1.172172e7,129034.0
London,18,96,900000,3,mean_intersection,88195da437fffff,1.1645408e7,1.1781447e7,136039.0
London,18,96,900000,3,mean_intersection,88195da439fffff,1.1466681e7,1.1701744e7,235063.0
London,18,96,900000,3,mean_intersection,88195da43bfffff,1.1627854e7,1.1754914e7,127060.0
London,18,96,900000,3,mean_intersection,88195da43dfffff,1.1364846e7,1.1625103e7,260257.0
London,18,96,900000,3,mean_intersection,88195da441fffff,1.1013102e7,1.1575021e7,561919.0
London,18,96,900000,3,mean_intersection,88195da443fffff,1.1102767e7,1.1663864e7,561097.0
London,18,96,900000,3,mean_intersection,88195da445fffff,1.1585982e7,1.1738471e7,152489.0
London,18,96,900000,3,mean_intersection,88195da447fffff,1.1104867e7,1.1765156e7,660289.0
London,18,96,900000,3,mean_intersection,88195da449fffff,1.1089503e7,1.1619662e7,530159.0
London,18,96,900000,3,mean_intersection,88195da44bfffff,1.1107061e7,1.163564e7,528579.0
London,18,96,900000,3,mean_intersection,88195da44dfffff,1.1109032e7,1.163763e7,528598.0
London,18,96,900000,3,mean_intersection,88195da451fffff,1.109892e7,1.1585553e7,486633.0
London,18,96,900000,3,mean_intersection,88195da453fffff,1.1185861e7,1.171706e7,531199.0
London,18,96,900000,3,mean_intersection,88195da455fffff,1.1039882e7,1.1591802e7,551920.0
London,18,96,900000,3,mean_intersection,88195da457fffff,1.0998408e7,1.1526248e7,527840.0
London,18,96,900000,3,mean_intersection,88195da459fffff,1.1180976e7,1.1842322e7,661346.0
London,18,96,900000,3,mean_intersection,88195da45bfffff,1.1528515e7,1.1797159e7,268644.0
London,18,96,900000,3,mean_intersection,88195da45dfffff,1.1600256e7,1.1645751e7,45495.0
London,18,96,900000,3,mean_intersection,88195da461fffff,1.1043852e7,1.1538504e7,494652.0
London,18,96,900000,3,mean_intersection,88195da463fffff,1.1045232e7,1.1500979e7,455747.0
London,18,96,900000,3,mean_intersection,88195da465fffff,1.0984951e7,1.1522126e7,537175.0
London,18,96,900000,3,mean_intersection,88195da467fffff,1.1047385e7,1.1646446e7,599061.0
London,18,96,900000,3,mean_intersection,88195da469fffff,1.1017629e7,1.1585685e7,568056.0
London,18,96,900000,3,mean_intersection,88195da46bfffff,1.116556e7,1.172105e7,555490.0
London,18,96,900000,3,mean_intersection,88195da46dfffff,1.0815906e7,1.1546086e7,730180.0
London,18,96,900000,3,mean_intersection,88195da481fffff,1.1995671e7,1.1788426e7,-207245.0
London,18,96,900000,3,mean_intersection,88195da483fffff,1.2269984e7,1.1840668e7,-429316.0
London,18,96,900000,3,mean_intersection,88195da485fffff,1.2092559e7,1.1800496e7,-292063.0
London,18,96,900000,3,mean_intersection,88195da487fffff,1.2100581e7,1.1833364e7,-267217.0
London,18,96,900000,3,mean_intersection,88195da489fffff,1.1721953e7,1.1707964e7,-13989.0
London,18,96,900000,3,mean_intersection,88195da48bfffff,1.2159588e7,1.1795934e7,-363654.0
London,18,96,900000,3,mean_intersection,88195da48dfffff,1.2085415e7,1.1763508e7,-321907.0
London,18,96,900000,3,mean_intersection,88195da491fffff,1.2455067e7,1.1875512e7,-579555.0
London,18,96,900000,3,mean_intersection,88195da493fffff,1.2146771e7,1.1810862e7,-335909.0
London,18,96,900000,3,mean_intersection,88195da495fffff,1.2223919e7,1.1803084e7,-420835.0
London,18,96,900000,3,mean_intersection,88195da497fffff,1.2198907e7,1.1850294e7,-348613.0
London,18,96,900000,3,mean_intersection,88195da499fffff,1.2267338e7,1.1806155e7,-461183.0
London,18,96,900000,3,mean_intersection,88195da49bfffff,1.2434704e7,1.1838259e7,-596445.0
London,18,96,900000,3,mean_intersection,88195da49dfffff,1.2271006e7,1.1798484e7,-472522.0
London,18,96,900000,3,mean_intersection,88195da4a1fffff,1.1852317e7,1.1825669e7,-26648.0
London,18,96,900000,3,mean_intersection,88195da4a3fffff,1.1898555e7,1.1806498e7,-92057.0
London,18,96,900000,3,mean_intersection,88195da4a5fffff,1.1652214e7,1.1837576e7,185362.0
London,18,96,900000,3,mean_intersection,88195da4a7fffff,1.1843696e7,1.1763521e7,-80175.0
London,18,96,900000,3,mean_intersection,88195da4a9fffff,1.1640514e7,1.1787789e7,147275.0
London,18,96,900000,3,mean_intersection,88195da4abfffff,1.1782084e7,1.1802763e7,20679.0
London,18,96,900000,3,mean_intersection,88195da4adfffff,1.1704597e7,1.1751417e7,46820.0
London,18,96,900000,3,mean_intersection,88195da4b1fffff,1.214335e7,1.1794199e7,-349151.0
London,18,96,900000,3,mean_intersection,88195da4b3fffff,1.1884123e7,1.1828902e7,-55221.0
London,18,96,900000,3,mean_intersection,88195da4b5fffff,1.2098997e7,1.1811915e7,-287082.0
London,18,96,900000,3,mean_intersection,88195da4b7fffff,1.1829394e7,1.1801591e7,-27803.0
London,18,96,900000,3,mean_intersection,88195da4b9fffff,1.2193797e7,1.1799057e7,-394740.0
London,18,96,900000,3,mean_intersection,88195da4bbfffff,1.2038076e7,1.1781052e7,-257024.0
London,18,96,900000,3,mean_intersection,88195da4bdfffff,1.2083564e7,1.1862207e7,-221357.0
London,18,96,900000,3,mean_intersection,88195da4c1fffff,1.2056018e7,1.1832166e7,-223852.0
London,18,96,900000,3,mean_intersection,88195da4c3fffff,1.2229243e7,1.1805902e7,-423341.0
London,18,96,900000,3,mean_intersection,88195da4c5fffff,1.1976525e7,1.1819536e7,-156989.0
London,18,96,900000,3,mean_intersection,88195da4c7fffff,1.1724369e7,1.179391e7,69541.0
London,18,96,900000,3,mean_intersection,88195da4c9fffff,1.2070406e7,1.1868016e7,-202390.0
London,18,96,900000,3,mean_intersection,88195da4cbfffff,1.217486e7,1.1862255e7,-312605.0
London,18,96,900000,3,mean_intersection,88195da4cdfffff,1.179198e7,1.1745032e7,-46948.0
London,18,96,900000,3,mean_intersection,88195da4d1fffff,1.2239678e7,1.2038736e7,-200942.0
London,18,96,900000,3,mean_intersection,88195da4d3fffff,1.2217162e7,1.1832919e7,-384243.0
London,18,96,900000,3,mean_intersection,88195da4d5fffff,1.2215439e7,1.17997e7,-415739.0
London,18,96,900000,3,mean_intersection,88195da4d7fffff,1.2277302e7,1.1812995e7,-464307.0
London,18,96,900000,3,mean_intersection,88195da4d9fffff,1.2258563e7,1.1837436e7,-421127.0
London,18,96,900000,3,mean_intersection,88195da4dbfffff,1.2132206e7,1.1775523e7,-356683.0
London,18,96,900000,3,mean_intersection,88195da4ddfffff,1.2220491e7,1.1799753e7,-420738.0
London,18,96,900000,3,mean_intersection,88195da4e1fffff,1.208383e7,1.1804806e7,-279024.0
London,18,96,900000,3,mean_intersection,88195da4e3fffff,1.2017523e7,1.1768263e7,-249260.0
London,18,96,900000,3,mean_intersection,88195da4e5fffff,1.200517e7,1.1915036e7,-90134.0
London,18,96,900000,3,mean_intersection,88195da4e7fffff,1.2055698e7,1.1800654e7,-255044.0
London,18,96,900000,3,mean_intersection,88195da4e9fffff,1.1987986e7,1.1800036e7,-187950.0
London,18,96,900000,3,mean_intersection,88195da4ebfffff,1.208383e7,1.1813805e7,-270025.0
London,18,96,900000,3,mean_intersection,88195da4edfffff,1.1625279e7,1.1844586e7,219307.0
London,18,96,900000,3,mean_intersection,88195da503fffff,1.1163796e7,1.1426143e7,262347.0
London,18,96,900000,3,mean_intersection,88195da50bfffff,1.1234645e7,1.1590641e7,355996.0
London,18,96,900000,3,mean_intersection,88195da511fffff,1.1350878e7,1.1618306e7,267428.0
London,18,96,900000,3,mean_intersection,88195da513fffff,1.11733e7,1.1612194e7,438894.0
London,18,96,900000,3,mean_intersection,88195da515fffff,1.1121875e7,1.1548703e7,426828.0
London,18,96,900000,3,mean_intersection,88195da517fffff,1.1275558e7,1.1632218e7,356660.0
London,18,96,900000,3,mean_intersection,88195da519fffff,1.1327724e7,1.1538999e7,211275.0
London,18,96,900000,3,mean_intersection,88195da51bfffff,1.1214227e7,1.1672453e7,458226.0
London,18,96,900000,3,mean_intersection,88195da51dfffff,1.1111476e7,1.1518301e7,406825.0
London,18,96,900000,3,mean_intersection,88195da531fffff,1.1055324e7,1.1484315e7,428991.0
London,18,96,900000,3,mean_intersection,88195da533fffff,1.1302346e7,1.1577387e7,275041.0
London,18,96,900000,3,mean_intersection,88195da537fffff,1.114357e7,1.1542162e7,398592.0
London,18,96,900000,3,mean_intersection,88195da539fffff,1.1484785e7,1.1692115e7,207330.0
London,18,96,900000,3,mean_intersection,88195da53bfffff,1.1053118e7,1.146637e7,413252.0
London,18,96,900000,3,mean_intersection,88195da551fffff,1.1397569e7,1.1682454e7,284885.0
London,18,96,900000,3,mean_intersection,88195da553fffff,1.1179124e7,1.154035e7,361226.0
London,18,96,900000,3,mean_intersection,88195da555fffff,1.115368e7,1.1581274e7,427594.0
London,18,96,900000,3,mean_intersection,88195da557fffff,1.1225522e7,1.1577262e7,351740.0
London,18,96,900000,3,mean_intersection,88195da559fffff,1.1047875e7,1.1552742e7,504867.0
London,18,96,900000,3,mean_intersection,88195da55bfffff,1.1119514e7,1.1545889e7,426375.0
London,18,96,900000,3,mean_intersection,88195da55dfffff,1.1048892e7,1.1683407e7,634515.0
London,18,96,900000,3,mean_intersection,88195da581fffff,1.1535654e7,1.1787198e7,251544.0
London,18,96,900000,3,mean_intersection,88195da583fffff,1.1535686e7,1.1779813e7,244127.0
London,18,96,900000,3,mean_intersection,88195da585fffff,1.1535654e7,1.1779712e7,244058.0
London,18,96,900000,3,mean_intersection,88195da587fffff,1.1431522e7,1.178444e7,352918.0
London,18,96,900000,3,mean_intersection,88195da589fffff,1.1594187e7,1.1787875e7,193688.0
London,18,96,900000,3,mean_intersection,88195da58bfffff,1.1370638e7,1.1611176e7,240538.0
London,18,96,900000,3,mean_intersection,88195da58dfffff,1.1584267e7,1.1692776e7,108509.0
London,18,96,900000,3,mean_intersection,88195da591fffff,1.1524864e7,1.1844137e7,319273.0
London,18,96,900000,3,mean_intersection,88195da593fffff,1.1641833e7,1.1858917e7,217084.0
London,18,96,900000,3,mean_intersection,88195da595fffff,1.152969e7,1.1624624e7,94934.0
London,18,96,900000,3,mean_intersection,88195da597fffff,1.1787665e7,1.1970688e7,183023.0
London,18,96,900000,3,mean_intersection,88195da599fffff,1.1623495e7,1.1868077e7,244582.0
London,18,96,900000,3,mean_intersection,88195da59bfffff,1.1744102e7,1.1899681e7,155579.0
London,18,96,900000,3,mean_intersection,88195da59dfffff,1.1535654e7,1.1772029e7,236375.0
London,18,96,900000,3,mean_intersection,88195da5a1fffff,1.1254284e7,1.1602846e7,348562.0
London,18,96,900000,3,mean_intersection,88195da5a3fffff,1.1276126e7,1.1662472e7,386346.0
London,18,96,900000,3,mean_intersection,88195da5a5fffff,1.1378911e7,1.1764071e7,385160.0
London,18,96,900000,3,mean_intersection,88195da5a7fffff,1.130599e7,1.1631086e7,325096.0
London,18,96,900000,3,mean_intersection,88195da5a9fffff,1.1267715e7,1.1785012e7,517297.0
London,18,96,900000,3,mean_intersection,88195da5abfffff,1.1445003e7,1.1726806e7,281803.0
London,18,96,900000,3,mean_intersection,88195da5adfffff,1.1335189e7,1.1790142e7,454953.0
London,18,96,900000,3,mean_intersection,88195da5b1fffff,1.1773955e7,1.1741069e7,-32886.0
London,18,96,900000,3,mean_intersection,88195da5b3fffff,1.1619099e7,1.1794753e7,175654.0
London,18,96,900000,3,mean_intersection,88195da5b5fffff,1.1523535e7,1.1587109e7,63574.0
London,18,96,900000,3,mean_intersection,88195da5b7fffff,1.1729169e7,1.1817535e7,88366.0
London,18,96,900000,3,mean_intersection,88195da5b9fffff,1.1577508e7,1.1628299e7,50791.0
London,18,96,900000,3,mean_intersection,88195da5bbfffff,1.1655045e7,1.1785297e7,130252.0
London,18,96,900000,3,mean_intersection,88195da5bdfffff,1.1517361e7,1.1703775e7,186414.0
London,18,96,900000,3,mean_intersection,88195da5c1fffff,1.1380715e7,1.1580313e7,199598.0
London,18,96,900000,3,mean_intersection,88195da5c3fffff,1.1623241e7,1.1753848e7,130607.0
London,18,96,900000,3,mean_intersection,88195da5c5fffff,1.1423191e7,1.1631244e7,208053.0
London,18,96,900000,3,mean_intersection,88195da5c7fffff,1.1624609e7,1.1759279e7,134670.0
London,18,96,900000,3,mean_intersection,88195da5c9fffff,1.1502726e7,1.1675749e7,173023.0
London,18,96,900000,3,mean_intersection,88195da5cbfffff,1.1620744e7,1.171934e7,98596.0
London,18,96,900000,3,mean_intersection,88195da5cdfffff,1.1263681e7,1.154678e7,283099.0
London,18,96,900000,3,mean_intersection,88195da5d1fffff,1.1613617e7,1.1749917e7,136300.0
London,18,96,900000,3,mean_intersection,88195da5d3fffff,1.1512595e7,1.1758166e7,245571.0
London,18,96,900000,3,mean_intersection,88195da5d5fffff,1.1623604e7,1.1768038e7,144434.0
London,18,96,900000,3,mean_intersection,88195da5d7fffff,1.1526331e7,1.1818171e7,291840.0
London,18,96,900000,3,mean_intersection,88195da5d9fffff,1.1999999e7,1.1850217e7,-149782.0
London,18,96,900000,3,mean_intersection,88195da5dbfffff,1.1616629e7,1.1826112e7,209483.0
London,18,96,900000,3,mean_intersection,88195da5ddfffff,1.2006368e7,1.175229e7,-254078.0
London,18,96,900000,3,mean_intersection,88195da5e1fffff,1.1276695e7,1.1712067e7,435372.0
London,18,96,900000,3,mean_intersection,88195da5e3fffff,1.1277834e7,1.1662162e7,384328.0
London,18,96,900000,3,mean_intersection,88195da5e5fffff,1.1487441e7,1.1722482e7,235041.0
London,18,96,900000,3,mean_intersection,88195da5e7fffff,1.127659e7,1.1613249e7,336659.0
London,18,96,900000,3,mean_intersection,88195da5e9fffff,1.1276478e7,1.1706883e7,430405.0
London,18,96,900000,3,mean_intersection,88195da5ebfffff,1.1340683e7,1.1573539e7,232856.0
London,18,96,900000,3,mean_intersection,88195da5edfffff,1.1282602e7,1.161626e7,333658.0
London,18,96,900000,3,mean_intersection,88195da601fffff,1.1227222e7,1.1438079e7,210857.0
London,18,96,900000,3,mean_intersection,88195da603fffff,1.156557e7,1.1576828e7,11258.0
London,18,96,900000,3,mean_intersection,88195da605fffff,1.1065149e7,1.146222e7,397071.0
London,18,96,900000,3,mean_intersection,88195da607fffff,1.1353063e7,1.1526228e7,173165.0
London,18,96,900000,3,mean_intersection,88195da609fffff,1.1009756e7,1.1477187e7,467431.0
London,18,96,900000,3,mean_intersection,88195da60bfffff,1.1229073e7,1.1532717e7,303644.0
London,18,96,900000,3,mean_intersection,88195da60dfffff,1.1014024e7,1.1404565e7,390541.0
London,18,96,900000,3,mean_intersection,88195da611fffff,1.1675874e7,1.1759612e7,83738.0
London,18,96,900000,3,mean_intersection,88195da613fffff,1.1720369e7,1.1818862e7,98493.0
London,18,96,900000,3,mean_intersection,88195da615fffff,1.1515392e7,1.1643233e7,127841.0
London,18,96,900000,3,mean_intersection,88195da617fffff,1.1503327e7,1.1774759e7,271432.0
London,18,96,900000,3,mean_intersection,88195da619fffff,1.1466979e7,1.1633004e7,166025.0
London,18,96,900000,3,mean_intersection,88195da61bfffff,1.1459595e7,1.1780864e7,321269.0
London,18,96,900000,3,mean_intersection,88195da61dfffff,1.133624e7,1.1588005e7,251765.0
London,18,96,900000,3,mean_intersection,88195da621fffff,1.1069802e7,1.1600232e7,530430.0
London,18,96,900000,3,mean_intersection,88195da623fffff,1.0870353e7,1.1621686e7,751333.0
London,18,96,900000,3,mean_intersection,88195da625fffff,1.1054407e7,1.1597512e7,543105.0
London,18,96,900000,3,mean_intersection,88195da627fffff,1.1098538e7,1.1619437e7,520899.0
London,18,96,900000,3,mean_intersection,88195da629fffff,1.0842274e7,1.1498685e7,656411.0
London,18,96,900000,3,mean_intersection,88195da62bfffff,1.105665e7,1.1429437e7,372787.0
London,18,96,900000,3,mean_intersection,88195da62dfffff,1.1061449e7,1.1597915e7,536466.0
London,18,96,900000,3,mean_intersection,88195da631fffff,1.1127532e7,1.1616177e7,488645.0
London,18,96,900000,3,mean_intersection,88195da633fffff,1.1132159e7,1.1753128e7,620969.0
London,18,96,900000,3,mean_intersection,88195da635fffff,1.1009992e7,1.1538208e7,528216.0
London,18,96,900000,3,mean_intersection,88195da637fffff,1.1053403e7,1.1565546e7,512143.0
London,18,96,900000,3,mean_intersection,88195da639fffff,1.1268699e7,1.1489335e7,220636.0
London,18,96,900000,3,mean_intersection,88195da63bfffff,1.1350442e7,1.1634343e7,283901.0
London,18,96,900000,3,mean_intersection,88195da63dfffff,1.1177758e7,1.1656192e7,478434.0
London,18,96,900000,3,mean_intersection,88195da651fffff,1.1442017e7,1.1598334e7,156317.0
London,18,96,900000,3,mean_intersection,88195da653fffff,1.1130371e7,1.1648933e7,518562.0
London,18,96,900000,3,mean_intersection,88195da655fffff,1.1124418e7,1.1487773e7,363355.0
London,18,96,900000,3,mean_intersection,88195da657fffff,1.1446266e7,1.16202e7,173934.0
London,18,96,900000,3,mean_intersection,88195da65bfffff,1.1119038e7,1.1594169e7,475131.0
London,18,96,900000,3,mean_intersection,88195da663fffff,1.0874716e7,1.1435948e7,561232.0
London,18,96,900000,3,mean_intersection,88195da667fffff,1.0725123e7,1.1488279e7,763156.0
London,18,96,900000,3,mean_intersection,88195da681fffff,1.2156989e7,1.1757168e7,-399821.0
London,18,96,900000,3,mean_intersection,88195da683fffff,1.2060128e7,1.1834112e7,-226016.0
London,18,96,900000,3,mean_intersection,88195da685fffff,1.1646459e7,1.1777886e7,131427.0
London,18,96,900000,3,mean_intersection,88195da687fffff,1.2021671e7,1.1795407e7,-226264.0
London,18,96,900000,3,mean_intersection,88195da689fffff,1.2055096e7,1.1778354e7,-276742.0
London,18,96,900000,3,mean_intersection,88195da68bfffff,1.1863648e7,1.1793157e7,-70491.0
London,18,96,900000,3,mean_intersection,88195da68dfffff,1.1460678e7,1.1675605e7,214927.0
London,18,96,900000,3,mean_intersection,88195da691fffff,1.1665144e7,1.1841085e7,175941.0
London,18,96,900000,3,mean_intersection,88195da693fffff,1.1679749e7,1.1754738e7,74989.0
London,18,96,900000,3,mean_intersection,88195da695fffff,1.1702351e7,1.1779997e7,77646.0
London,18,96,900000,3,mean_intersection,88195da697fffff,1.2007143e7,1.1895886e7,-111257.0
London,18,96,900000,3,mean_intersection,88195da699fffff,1.1555047e7,1.1835119e7,280072.0
London,18,96,900000,3,mean_intersection,88195da69bfffff,1.1591482e7,1.1841891e7,250409.0
London,18,96,900000,3,mean_intersection,88195da69dfffff,1.1662985e7,1.1781816e7,118831.0
London,18,96,900000,3,mean_intersection,88195da6a1fffff,1.1932035e7,1.1781456e7,-150579.0
London,18,96,900000,3,mean_intersection,88195da6a3fffff,1.18316e7,1.1793988e7,-37612.0
London,18,96,900000,3,mean_intersection,88195da6a5fffff,1.1454792e7,1.1732958e7,278166.0
London,18,96,900000,3,mean_intersection,88195da6a7fffff,1.1749588e7,1.16986e7,-50988.0
London,18,96,900000,3,mean_intersection,88195da6a9fffff,1.1335371e7,1.1600349e7,264978.0
London,18,96,900000,3,mean_intersection,88195da6abfffff,1.1993326e7,1.1720394e7,-272932.0
London,18,96,900000,3,mean_intersection,88195da6adfffff,1.1338076e7,1.1673436e7,335360.0
London,18,96,900000,3,mean_intersection,88195da6b1fffff,1.2025835e7,1.1844569e7,-181266.0
London,18,96,900000,3,mean_intersection,88195da6b3fffff,1.1747343e7,1.1814686e7,67343.0
London,18,96,900000,3,mean_intersection,88195da6b5fffff,1.2160526e7,1.1786059e7,-374467.0
London,18,96,900000,3,mean_intersection,88195da6b7fffff,1.170856e7,1.182196e7,113400.0
London,18,96,900000,3,mean_intersection,88195da6b9fffff,1.2162204e7,1.1855051e7,-307153.0
London,18,96,900000,3,mean_intersection,88195da6bbfffff,1.2124917e7,1.1904216e7,-220701.0
London,18,96,900000,3,mean_intersection,88195da6bdfffff,1.2149271e7,1.1777257e7,-372014.0
London,18,96,900000,3,mean_intersection,88195da6c1fffff,1.1604739e7,1.1782798e7,178059.0
London,18,96,900000,3,mean_intersection,88195da6c3fffff,1.1464245e7,1.1695648e7,231403.0
London,18,96,900000,3,mean_intersection,88195da6c5fffff,1.1548161e7,1.1822002e7,273841.0
London,18,96,900000,3,mean_intersection,88195da6c7fffff,1.1572161e7,1.1784645e7,212484.0
London,18,96,900000,3,mean_intersection,88195da6c9fffff,1.141244e7,1.178116e7,368720.0
London,18,96,900000,3,mean_intersection,88195da6cbfffff,1.1601746e7,1.1806316e7,204570.0
London,18,96,900000,3,mean_intersection,88195da6cdfffff,1.1720369e7,1.1821533e7,101164.0
London,18,96,900000,3,mean_intersection,88195da6d1fffff,1.1495572e7,1.1842603e7,347031.0
London,18,96,900000,3,mean_intersection,88195da6d3fffff,1.1555229e7,1.1845755e7,290526.0
London,18,96,900000,3,mean_intersection,88195da6d5fffff,1.1709419e7,1.1783691e7,74272.0
London,18,96,900000,3,mean_intersection,88195da6d7fffff,1.1556873e7,1.1787856e7,230983.0
London,18,96,900000,3,mean_intersection,88195da6d9fffff,1.1629164e7,1.1800432e7,171268.0
London,18,96,900000,3,mean_intersection,88195da6dbfffff,1.1415546e7,1.1848413e7,432867.0
London,18,96,900000,3,mean_intersection,88195da6ddfffff,1.165982e7,1.1811377e7,151557.0
London,18,96,900000,3,mean_intersection,88195da6e1fffff,1.1176607e7,1.1723847e7,547240.0
London,18,96,900000,3,mean_intersection,88195da6e3fffff,1.1502911e7,1.1804209e7,301298.0
London,18,96,900000,3,mean_intersection,88195da6e5fffff,1.1219524e7,1.172291e7,503386.0
London,18,96,900000,3,mean_intersection,88195da6e7fffff,1.1334483e7,1.1662245e7,327762.0
London,18,96,900000,3,mean_intersection,88195da6e9fffff,1.1418391e7,1.1788407e7,370016.0
London,18,96,900000,3,mean_intersection,88195da6ebfffff,1.1334991e7,1.1778336e7,443345.0
London,18,96,900000,3,mean_intersection,88195da6edfffff,1.1098071e7,1.17465e7,648429.0
London,18,96,900000,3,mean_intersection,88195da703fffff,1.0476388e7,1.1310953e7,834565.0
London,18,96,900000,3,mean_intersection,88195da70bfffff,1.0322442e7,1.1270516e7,948074.0
London,18,96,900000,3,mean_intersection,88195da711fffff,1.0699667e7,1.1475573e7,775906.0
London,18,96,900000,3,mean_intersection,88195da713fffff,1.1025718e7,1.1563914e7,538196.0
London,18,96,900000,3,mean_intersection,88195da715fffff,1.0748246e7,1.1439762e7,691516.0
London,18,96,900000,3,mean_intersection,88195da717fffff,1.0813686e7,1.1492294e7,678608.0
London,18,96,900000,3,mean_intersection,88195da719fffff,1.0928526e7,1.1555249e7,626723.0
London,18,96,900000,3,mean_intersection,88195da71bfffff,1.1056545e7,1.1588632e7,532087.0
London,18,96,900000,3,mean_intersection,88195da71dfffff,1.0655789e7,1.138062e7,724831.0
London,18,96,900000,3,mean_intersection,88195da731fffff,1.0778885e7,1.1562622e7,783737.0
London,18,96,900000,3,mean_intersection,88195da733fffff,1.0770209e7,1.162259e7,852381.0
London,18,96,900000,3,mean_intersection,88195da737fffff,1.1077762e7,1.1716004e7,638242.0
London,18,96,900000,3,mean_intersection,88195da739fffff,1.0563063e7,1.1451157e7,888094.0
London,18,96,900000,3,mean_intersection,88195da73bfffff,1.0767136e7,1.147232e7,705184.0
London,18,96,900000,3,mean_intersection,88195da751fffff,1.0596559e7,1.1454273e7,857714.0
London,18,96,900000,3,mean_intersection,88195da753fffff,1.0955197e7,1.1592293e7,637096.0
London,18,96,900000,3,mean_intersection,88195da755fffff,1.0601593e7,1.1330601e7,729008.0
London,18,96,900000,3,mean_intersection,88195da757fffff,1.0620772e7,1.1416947e7,796175.0
London,18,96,900000,3,mean_intersection,88195da75bfffff,1.0743305e7,1.1505295e7,761990.0
London,18,96,900000,3,mean_intersection,88195dae83fffff,1.0932083e7,1.1373881e7,441798.0
London,18,96,900000,3,mean_intersection,88195dae8bfffff,1.0904877e7,1.150504e7,600163.0
London,18,96,900000,3,mean_intersection,88195dae91fffff,1.1093804e7,1.1568491e7,474687.0
London,18,96,900000,3,mean_intersection,88195dae93fffff,1.1492866e7,1.1579249e7,86383.0
London,18,96,900000,3,mean_intersection,88195dae95fffff,1.0880584e7,1.1434995e7,554411.0
London,18,96,900000,3,mean_intersection,88195dae97fffff,1.1081348e7,1.1510903e7,429555.0
London,18,96,900000,3,mean_intersection,88195dae99fffff,1.1191333e7,1.144833e7,256997.0
London,18,96,900000,3,mean_intersection,88195dae9bfffff,1.1320275e7,1.1699076e7,378801.0
London,18,96,900000,3,mean_intersection,88195dae9dfffff,1.1211468e7,1.1578248e7,366780.0
London,18,96,900000,3,mean_intersection,88195daeb1fffff,1.0902831e7,1.1610478e7,707647.0
London,18,96,900000,3,mean_intersection,88195daeb3fffff,1.0959202e7,1.1804375e7,845173.0
London,18,96,900000,3,mean_intersection,88195daeb9fffff,1.0721094e7,1.1394216e7,673122.0
London,18,96,900000,3,mean_intersection,88195daebbfffff,1.0960877e7,1.1504789e7,543912.0
London,18,96,900000,3,mean_intersection,88195daed1fffff,1.1156493e7,1.1471123e7,314630.0
London,18,96,900000,3,mean_intersection,88195daed3fffff,1.1379422e7,1.170427e7,324848.0
London,18,96,900000,3,mean_intersection,88195daed5fffff,1.1176525e7,1.1557923e7,381398.0
London,18,96,900000,3,mean_intersection,88195daed7fffff,1.1189422e7,1.1635172e7,445750.0
London,18,96,900000,3,mean_intersection,88195daed9fffff,1.1308388e7,1.1587776e7,279388.0
London,18,96,900000,3,mean_intersection,88195daedbfffff,1.1530502e7,1.1744445e7,213943.0
London,18,96,900000,3,mean_intersection,88195daeddfffff,1.1175926e7,1.1516812e7,340886.0
London,18,96,900000,3,reachable_union,88194ac201fffff,3.2628259145833377e7,2.4392636489583194e7,-8.235622656250183e6
London,18,96,900000,3,reachable_union,88194ac205fffff,3.331452995833336e7,2.566509246874988e7,-7.649437489583477e6
London,18,96,900000,3,reachable_union,88194ac209fffff,3.2797494250000052e7,2.4668976312499832e7,-8.12851793750022e6
London,18,96,900000,3,reachable_union,88194ac20bfffff,2.9953301697916742e7,2.3082378083333306e7,-6.870923614583436e6
London,18,96,900000,3,reachable_union,88194ac20dfffff,3.365634545833339e7,2.5869871312499873e7,-7.786474145833515e6
London,18,96,900000,3,reachable_union,88194ac229fffff,3.3413110593750045e7,2.5473208124999892e7,-7.939902468750153e6
London,18,96,900000,3,reachable_union,88194ac22dfffff,3.315482458333337e7,2.4207439124999948e7,-8.947385458333421e6
London,18,96,900000,3,reachable_union,88194ac241fffff,3.2224016979166713e7,2.4291253479166612e7,-7.932763500000101e6
London,18,96,900000,3,reachable_union,88194ac243fffff,3.248971769791672e7,2.4125876593749963e7,-8.363841104166757e6
London,18,96,900000,3,reachable_union,88194ac245fffff,3.265199796875004e7,2.4444825083333287e7,-8.207172885416754e6
London,18,96,900000,3,reachable_union,88194ac247fffff,3.298114420833338e7,2.412120755208328e7,-8.8599366562501e6
London,18,96,900000,3,reachable_union,88194ac249fffff,3.0798126625000067e7,2.3881615208333295e7,-6.916511416666772e6
London,18,96,900000,3,reachable_union,88194ac24bfffff,2.98034549583334e7,2.3137732781249985e7,-6.665722177083414e6
London,18,96,900000,3,reachable_union,88194ac24dfffff,3.2059818760416724e7,2.558767982291658e7,-6.472138937500145e6
London,18,96,900000,3,reachable_union,88194ac251fffff,2.8671569718750045e7,2.2327400833333302e7,-6.344168885416742e6
London,18,96,900000,3,reachable_union,88194ac255fffff,3.1327584510416698e7,2.3786107291666605e7,-7.541477218750093e6
London,18,96,900000,3,reachable_union,88194ac257fffff,3.085015634375005e7,2.360638634374997e7,-7.243770000000078e6
London,18,96,900000,3,reachable_union,88194ac259fffff,2.9092006947916757e7,2.3934734645833284e7,-5.157272302083474e6
London,18,96,900000,3,reachable_union,88194ac25dfffff,3.0754839833333395e7,2.4054235645833235e7,-6.70060418750016e6
London,18,96,900000,3,reachable_union,88194ac261fffff,3.3311940291666705e7,2.564352690624991e7,-7.668413385416795e6
London,18,96,900000,3,reachable_union,88194ac263fffff,3.448092332291672e7,2.7655624656249907e7,-6.8252986666668095e6
London,18,96,900000,3,reachable_union,88194ac265fffff,3.2896669895833373e7,2.5721248895833254e7,-7.175421000000119e6
London,18,96,900000,3,reachable_union,88194ac267fffff,3.379876841666672e7,2.5386252385416575e7,-8.412516031250142e6
London,18,96,900000,3,reachable_union,88194ac269fffff,3.2065618645833366e7,2.5406797354166616e7,-6.65882129166675e6
London,18,96,900000,3,reachable_union,88194ac26bfffff,3.265609262500006e7,2.5494122604166567e7,-7.161970020833492e6
London,18,96,900000,3,reachable_union,88194ac26dfffff,3.2741172156250037e7,2.5762536666666575e7,-6.9786354895834625e6
London,18,96,900000,3,reachable_union,88194ac301fffff,2.952947513541669e7,2.443028228124998e7,-5.099192854166709e6
London,18,96,900000,3,reachable_union,88194ac305fffff,2.9871920708333373e7,2.4435737479166646e7,-5.4361832291667275e6
London,18,96,900000,3,reachable_union,88194ac309fffff,2.9212206312500037e7,2.3753849645833295e7,-5.458356666666742e6
London,18,96,900000,3,reachable_union,88194ac30bfffff,2.8498536781250045e7,2.3271239489583317e7,-5.2272972916667275e6
London,18,96,900000,3,reachable_union,88194ac30dfffff,2.9520283270833347e7,2.4099130531249974e7,-5.421152739583373e6
London,18,96,900000,3,reachable_union,88194ac329fffff,2.9950054604166687e7,2.4568857687500004e7,-5.381196916666683e6
London,18,96,900000,3,reachable_union,88194ac32dfffff,3.0095898802083362e7,2.4562960812499985e7,-5.532937989583377e6
London,18,96,900000,3,reachable_union,88194ac341fffff,3.009865650000002e7,2.456068519791664e7,-5.537971302083377e6
London,18,96,900000,3,reachable_union,88194ac343fffff,3.060720196875005e7,2.430352042708332e7,-6.3036815416667275e6
London,18,96,900000,3,reachable_union,88194ac345fffff,3.1542191531250022e7,2.6264977312499896e7,-5.277214218750127e6
London,18,96,900000,3,reachable_union,88194ac347fffff,3.0135317989583366e7,2.4417063229166646e7,-5.71825476041672e6
London,18,96,900000,3,reachable_union,88194ac349fffff,3.0411880197916713e7,2.5680405437500022e7,-4.73147476041669e6
London,18,96,900000,3,reachable_union,88194ac34bfffff,2.9571330781250045e7,2.5661112031250004e7,-3.910218750000041e6
London,18,96,900000,3,reachable_union,88194ac34dfffff,3.1175202541666683e7,2.5889215093749948e7,-5.285987447916735e6
London,18,96,900000,3,reachable_union,88194ac351fffff,3.0463196906250052e7,2.448559551041669e7,-5.977601395833362e6
London,18,96,900000,3,reachable_union,88194ac353fffff,3.0843870333333395e7,2.4082638656249966e7,-6.761231677083429e6
London,18,96,900000,3,reachable_union,88194ac355fffff,2.948969129166673e7,2.3588802499999974e7,-5.900888791666757e6
London,18,96,900000,3,reachable_union,88194ac357fffff,2.9731974218750075e7,2.402493028124994e7,-5.707043937500134e6
London,18,96,900000,3,reachable_union,88194ac359fffff,3.0226572166666716e7,2.515761196874997e7,-5.068960197916746e6
London,18,96,900000,3,reachable_union,88194ac35bfffff,3.3096914322916705e7,2.4498935864583295e7,-8.59797845833341e6
London,18,96,900000,3,reachable_union,88194ac35dfffff,3.0514690291666713e7,2.4363171677083343e7,-6.151518614583369e6
London,18,96,900000,3,reachable_union,88194ac361fffff,3.234864145833336e7,2.5798978093749866e7,-6.549663364583492e6
London,18,96,900000,3,reachable_union,88194ac363fffff,3.030856662500003e7,2.4433250614583295e7,-5.875316010416735e6
London,18,96,900000,3,reachable_union,88194ac365fffff,3.287873605208335e7,2.645825729166655e7,-6.420478760416802e6
London,18,96,900000,3,reachable_union,88194ac367fffff,3.087324259375002e7,2.4677159166666653e7,-6.196083427083366e6
London,18,96,900000,3,reachable_union,88194ac369fffff,3.1748181500000022e7,2.6367503749999907e7,-5.3806777500001155e6
London,18,96,900000,3,reachable_union,88194ac36bfffff,3.0787427000000045e7,2.441482180208333e7,-6.372605197916716e6
London,18,96,900000,3,reachable_union,88194ac36dfffff,3.258477630208335e7,2.6109095593749892e7,-6.475680708333459e6
London,18,96,900000,3,reachable_union,88194ad001fffff,3.440020450000007e7,2.629749909374997e7,-8.102705406250097e6
London,18,96,900000,3,reachable_union,88194ad003fffff,3.4208095052083395e7,2.62892934375e7,-7.918801614583395e6
London,18,96,900000,3,reachable_union,88194ad005fffff,3.4430491437500075e7,2.638772524999995e7,-8.042766187500123e6
London,18,96,900000,3,reachable_union,88194ad007fffff,3.389708142708339e7,2.599251330208334e7,-7.904568125000048e6
London,18,96,900000,3,reachable_union,88194ad009fffff,3.6259687312500075e7,2.645962700000002e7,-9.800060312500056e6
London,18,96,900000,3,reachable_union,88194ad00bfffff,3.4112735302083395e7,2.5906771958333313e7,-8.205963343750082e6
London,18,96,900000,3,reachable_union,88194ad00dfffff,3.450163481250007e7,2.6644146614583332e7,-7.857488197916735e6
London,18,96,900000,3,reachable_union,88194ad011fffff,3.419663110416674e7,2.6230586239583284e7,-7.966044864583455e6
London,18,96,900000,3,reachable_union,88194ad013fffff,3.2527263656250034e7,2.642456647916663e7,-6.102697177083403e6
London,18,96,900000,3,reachable_union,88194ad015fffff,3.346967281250005e7,2.6007429729166657e7,-7.462243083333392e6
London,18,96,900000,3,reachable_union,88194ad017fffff,3.3138514083333313e7,2.6009203031249996e7,-7.129311052083317e6
London,18,96,900000,3,reachable_union,88194ad019fffff,3.416895567708331e7,2.679152238541664e7,-7.377433291666672e6
London,18,96,900000,3,reachable_union,88194ad01bfffff,3.384168771875e7,2.669076811458334e7,-7.15091960416666e6
London,18,96,900000,3,reachable_union,88194ad01dfffff,3.332446229166665e7,2.5885139187500007e7,-7.439323104166642e6
London,18,96,900000,3,reachable_union,88194ad021fffff,3.4261108020833306e7,2.627931963541667e7,-7.981788385416634e6
London,18,96,900000,3,reachable_union,88194ad023fffff,3.380887091666664e7,2.6379441739583332e7,-7.42942917708331e6
London,18,96,900000,3,reachable_union,88194ad025fffff,3.5024288249999955e7,2.773967689583337e7,-7.284611354166586e6
London,18,96,900000,3,reachable_union,88194ad027fffff,3.448589170833329e7,2.7289675302083347e7,-7.196216406249944e6
London,18,96,900000,3,reachable_union,88194ad029fffff,3.500899843749997e7,2.6507133770833366e7,-8.501864666666605e6
London,18,96,900000,3,reachable_union,88194ad02bfffff,3.384680677083332e7,2.6390641843750034e7,-7.456164927083287e6
London,18,96,900000,3,reachable_union,88194ad02dfffff,3.595594931249993e7,2.7899199750000026e7,-8.056749562499907e6
London,18,96,900000,3,reachable_union,88194ad031fffff,3.396713869791665e7,2.6226875677083302e7,-7.740263020833347e6
London,18,96,900000,3,reachable_union,88194ad033fffff,3.3326325135416638e7,2.673121687499996e7,-6.595108260416679e6
London,18,96,900000,3,reachable_union,88194ad035fffff,3.348208887499997e7,2.6559399406249974e7,-6.922689468749996e6
London,18,96,900000,3,reachable_union,88194ad037fffff,3.2518138374999963e7,2.6538883124999974e7,-5.979255249999989e6
London,18,96,900000,3,reachable_union,88194ad039fffff,3.2692031010416623e7,2.5837697749999996e7,-6.854333260416627e6
London,18,96,900000,3,reachable_union,88194ad03bfffff,3.3369313989583295e7,2.6154935010416612e7,-7.214378979166683e6
London,18,96,900000,3,reachable_union,88194ad03dfffff,3.2396257166666627e7,2.6028349208333336e7,-6.367907958333291e6
London,18,96,900000,3,reachable_union,88194ad041fffff,3.760220455208332e7,3.2511891291666873e7,-5.090313260416448e6
London,18,96,900000,3,reachable_union,88194ad043fffff,3.5785399322916634e7,2.89702800833334e7,-6.815119239583235e6
London,18,96,900000,3,reachable_union,88194ad045fffff,3.495031354166666e7,2.9126083250000138e7,-5.824230291666519e6
London,18,96,900000,3,reachable_union,88194ad047fffff,3.65794605e7,2.838779842708339e7,-8.191662072916608e6
London,18,96,900000,3,reachable_union,88194ad049fffff,3.5149535937499985e7,2.9650193979166802e7,-5.499341958333183e6
London,18,96,900000,3,reachable_union,88194ad04bfffff,3.736154694791665e7,3.2954227875000212e7,-4.407319072916437e6
London,18,96,900000,3,reachable_union,88194ad04dfffff,3.557387754166664e7,3.3084330197916873e7,-2.489547343749769e6
London,18,96,900000,3,reachable_union,88194ad051fffff,3.485580851041665e7,2.7569849812500075e7,-7.285958697916575e6
London,18,96,900000,3,reachable_union,88194ad053fffff,3.437936171875001e7,2.6438299843749985e7,-7.941061875000022e6
London,18,96,900000,3,reachable_union,88194ad055fffff,3.432475525e7,2.6258320583333347e7,-8.066434666666653e6
London,18,96,900000,3,reachable_union,88194ad057fffff,3.437866079166668e7,2.643250836458335e7,-7.946152427083328e6
London,18,96,900000,3,reachable_union,88194ad059fffff,3.569538279166662e7,3.2413674791666858e7,-3.2817079999997616e6
London,18,96,900000,3,reachable_union,88194ad05bfffff,3.447299566666666e7,2.6512047343749993e7,-7.960948322916664e6
London,18,96,900000,3,reachable_union,88194ad05dfffff,3.643150435416667e7,2.770158702083338e7,-8.729917333333291e6
London,18,96,900000,3,reachable_union,88194ad061fffff,3.520748343749997e7,2.6995238979166683e7,-8.212244458333287e6
London,18,96,900000,3,reachable_union,88194ad063fffff,3.478903741666666e7,2.671827579166671e7,-8.070761624999948e6
London,18,96,900000,3,reachable_union,88194ad065fffff,3.5957900874999955e7,3.009165748958341e7,-5.866243385416545e6
London,18,96,900000,3,reachable_union,88194ad067fffff,3.55415712395833e7,2.8070965874999974e7,-7.470605364583325e6
London,18,96,900000,3,reachable_union,88194ad069fffff,3.548445372916662e7,3.2337864572916847e7,-3.1465891562497728e6
London,18,96,900000,3,reachable_union,88194ad06bfffff,3.558770809374998e7,3.1825933666666836e7,-3.761774427083142e6
London,18,96,900000,3,reachable_union,88194ad06dfffff,3.6461362239583306e7,3.3391669635416843e7,-3.069692604166463e6
London,18,96,900000,3,reachable_union,88194ad081fffff,2.99657949895833e7,2.3749879437500004e7,-6.215915552083295e6
London,18,96,900000,3,reachable_union,88194ad083fffff,2.9974801552083306e7,2.4176470010416687e7,-5.7983315416666195e6
London,18,96,900000,3,reachable_union,88194ad085fffff,3.0582375031249966e7,2.4282204906250015e7,-6.300170124999952e6
London,18,96,900000,3,reachable_union,88194ad087fffff,2.972164572916665e7,2.347043205208337e7,-6.25121367708328e6
London,18,96,900000,3,reachable_union,88194ad089fffff,2.9770266989583306e7,2.3350806531250004e7,-6.419460458333302e6
London,18,96,900000,3,reachable_union,88194ad08bfffff,2.995594868749997e7,2.396927151041665e7,-5.986677177083321e6
London,18,96,900000,3,reachable_union,88194ad08dfffff,3.050811952083331e7,2.4352553166666653e7,-6.155566354166657e6
London,18,96,900000,3,reachable_union,88194ad095fffff,2.8825928739583306e7,2.3153175302083332e7,-5.672753437499974e6
London,18,96,900000,3,reachable_union,88194ad09dfffff,3.0559210437499963e7,2.4048205395833336e7,-6.511005041666627e6
London,18,96,900000,3,reachable_union,88194ad0a1fffff,3.0966244781249978e7,2.441819053124993e7,-6.548054250000048e6
London,18,96,900000,3,reachable_union,88194ad0a3fffff,3.0283884270833302e7,2.39145977708334e7,-6.369286499999903e6
London,18,96,900000,3,reachable_union,88194ad0a5fffff,3.2316842343749966e7,2.5573284989583302e7,-6.743557354166664e6
London,18,96,900000,3,reachable_union,88194ad0a7fffff,3.0800204239583302e7,2.529664686458332e7,-5.503557374999981e6
London,18,96,900000,3,reachable_union,88194ad0a9fffff,3.101143790624998e7,2.4235072572916728e7,-6.776365333333254e6
London,18,96,900000,3,reachable_union,88194ad0abfffff,3.0110849083333287e7,2.407238134375004e7,-6.038467739583246e6
London,18,96,900000,3,reachable_union,88194ad0adfffff,3.2027645395833295e7,2.541991334374999e7,-6.607732052083306e6
London,18,96,900000,3,reachable_union,88194ad0b1fffff,2.8714011541666657e7,2.339895066666661e7,-5.315060875000048e6
London,18,96,900000,3,reachable_union,88194ad0b3fffff,2.973567510416665e7,2.449215003124999e7,-5.24352507291666e6
London,18,96,900000,3,reachable_union,88194ad0b5fffff,2.934378909374999e7,2.354057233333334e7,-5.803216760416649e6
London,18,96,900000,3,reachable_union,88194ad0b7fffff,2.9665674708333313e7,2.3932981208333336e7,-5.732693499999978e6
London,18,96,900000,3,reachable_union,88194ad0b9fffff,2.9925358124999985e7,2.398712819791665e7,-5.938229927083336e6
London,18,96,900000,3,reachable_union,88194ad0bbfffff,2.9896476458333332e7,2.340766470833336e7,-6.488811749999974e6
London,18,96,900000,3,reachable_union,88194ad0bdfffff,2.9880118385416653e7,2.375472913541672e7,-6.125389249999933e6
London,18,96,900000,3,reachable_union,88194ad0c1fffff,3.089202358333331e7,2.4663209875000015e7,-6.228813708333295e6
London,18,96,900000,3,reachable_union,88194ad0c3fffff,3.1771274916666634e7,2.491431128124996e7,-6.856963635416675e6
London,18,96,900000,3,reachable_union,88194ad0c5fffff,3.2436513750000034e7,2.6039551322916627e7,-6.396962427083407e6
London,18,96,900000,3,reachable_union,88194ad0c7fffff,2.925650128125001e7,2.3067436218750037e7,-6.189065062499974e6
London,18,96,900000,3,reachable_union,88194ad0c9fffff,3.1399097458333354e7,2.4929519645833347e7,-6.469577812500007e6
London,18,96,900000,3,reachable_union,88194ad0cbfffff,3.132165809375004e7,2.4612772489583347e7,-6.708885604166694e6
London,18,96,900000,3,reachable_union,88194ad0cdfffff,3.1861100927083354e7,2.6031820281250026e7,-5.829280645833328e6
London,18,96,900000,3,reachable_union,88194ad0d1fffff,3.2338496791666687e7,2.464471583333333e7,-7.693780958333358e6
London,18,96,900000,3,reachable_union,88194ad0d5fffff,3.0724797843750026e7,2.4226407072916687e7,-6.49839077083334e6
London,18,96,900000,3,reachable_union,88194ad0d7fffff,3.1285244937500022e7,2.4298379427083336e7,-6.986865510416687e6
London,18,96,900000,3,reachable_union,88194ad0d9fffff,2.986990576041667e7,2.3791655041666634e7,-6.078250718750037e6
London,18,96,900000,3,reachable_union,88194ad0ddfffff,3.1019019479166694e7,2.5231412499999974e7,-5.78760697916672e6
London,18,96,900000,3,reachable_union,88194ad0e1fffff,3.024825155208335e7,2.454663346875001e7,-5.70161808333334e6
London,18,96,900000,3,reachable_union,88194ad0e3fffff,3.1998149510416698e7,2.431564501041667e7,-7.682504500000026e6
London,18,96,900000,3,reachable_union,88194ad0e5fffff,3.213370460416668e7,2.6040617156250004e7,-6.093087447916675e6
London,18,96,900000,3,reachable_union,88194ad0e7fffff,3.1581859989583362e7,2.5712500406249985e7,-5.869359583333377e6
London,18,96,900000,3,reachable_union,88194ad0e9fffff,3.406833535416668e7,2.655093294791669e7,-7.517402406249989e6
London,18,96,900000,3,reachable_union,88194ad0ebfffff,3.028138806250001e7,2.4016438083333306e7,-6.264949979166705e6
London,18,96,900000,3,reachable_union,88194ad0edfffff,3.226207303125002e7,2.61803904895834e7,-6.0816825416666195e6
London,18,96,900000,3,reachable_union,88194ad101fffff,3.704232297916671e7,2.8624496958333362e7,-8.417826020833347e6
London,18,96,900000,3,reachable_union,88194ad103fffff,3.7738636833333395e7,2.8636801489583362e7,-9.101835343750034e6
London,18,96,900000,3,reachable_union,88194ad105fffff,3.8828445052083425e7,2.88946357291667e7,-9.933809322916724e6
London,18,96,900000,3,reachable_union,88194ad107fffff,3.68430178645834e7,2.873727254166671e7,-8.105745322916694e6
London,18,96,900000,3,reachable_union,88194ad109fffff,3.851283105208338e7,2.8526394500000022e7,-9.986436552083358e6
London,18,96,900000,3,reachable_union,88194ad10bfffff,3.891797031250008e7,2.862722735416669e7,-1.0290742958333392e7
London,18,96,900000,3,reachable_union,88194ad10dfffff,3.838762437500007e7,2.858709923958341e7,-9.800525135416657e6
London,18,96,900000,3,reachable_union,88194ad111fffff,3.585840355208339e7,2.866595021875006e7,-7.192453333333328e6
London,18,96,900000,3,reachable_union,88194ad113fffff,3.465065503125002e7,2.8453103062500067e7,-6.197551968749955e6
London,18,96,900000,3,reachable_union,88194ad115fffff,3.621781094791674e7,2.859339298958339e7,-7.624417958333347e6
London,18,96,900000,3,reachable_union,88194ad117fffff,3.5299841093750045e7,2.8716876114583373e7,-6.582964979166672e6
London,18,96,900000,3,reachable_union,88194ad119fffff,3.575267969791674e7,2.8461716447916746e7,-7.290963249999993e6
London,18,96,900000,3,reachable_union,88194ad11bfffff,3.498695897916669e7,2.858554687500008e7,-6.401412104166608e6
London,18,96,900000,3,reachable_union,88194ad11dfffff,3.811367198958338e7,2.8749578822916687e7,-9.364093166666694e6
London,18,96,900000,3,reachable_union,88194ad121fffff,3.6799192520833425e7,2.9127660750000067e7,-7.671531770833358e6
London,18,96,900000,3,reachable_union,88194ad123fffff,3.673531956250007e7,2.90678972812501e7,-7.6674222812499665e6
London,18,96,900000,3,reachable_union,88194ad125fffff,3.60920370520834e7,2.9041787302083403e7,-7.05024975e6
London,18,96,900000,3,reachable_union,88194ad127fffff,3.827600504166674e7,2.978254300000015e7,-8.49346204166659e6
London,18,96,900000,3,reachable_union,88194ad129fffff,3.621270385416674e7,2.854991762500007e7,-7.662786229166668e6
London,18,96,900000,3,reachable_union,88194ad12bfffff,3.6789667781250075e7,2.8775050552083425e7,-8.014617229166649e6
London,18,96,900000,3,reachable_union,88194ad12dfffff,3.623300368750006e7,2.877887015625009e7,-7.45413353124997e6
London,18,96,900000,3,reachable_union,88194ad131fffff,3.575445389583341e7,2.8633557156250022e7,-7.120896739583388e6
London,18,96,900000,3,reachable_union,88194ad133fffff,3.421740837499999e7,2.8204835239583388e7,-6.012573135416605e6
London,18,96,900000,3,reachable_union,88194ad135fffff,3.395619907291668e7,2.797261011458342e7,-5.983588958333258e6
London,18,96,900000,3,reachable_union,88194ad137fffff,3.484259389583335e7,2.852779584375006e7,-6.314798052083291e6
London,18,96,900000,3,reachable_union,88194ad139fffff,3.7674416875000075e7,2.8789271760416694e7,-8.88514511458338e6
London,18,96,900000,3,reachable_union,88194ad13bfffff,3.494659358333334e7,2.853393543750008e7,-6.412658145833265e6
London,18,96,900000,3,reachable_union,88194ad13dfffff,3.5916085885416724e7,2.8902569010416724e7,-7.013516875e6
London,18,96,900000,3,reachable_union,88194ad141fffff,3.9117411239583425e7,2.9504423989583414e7,-9.612987250000011e6
London,18,96,900000,3,reachable_union,88194ad143fffff,3.878505531250007e7,2.8709727885416716e7,-1.007532742708335e7
London,18,96,900000,3,reachable_union,88194ad145fffff,3.950828203125007e7,3.041413036458346e7,-9.094151666666608e6
London,18,96,900000,3,reachable_union,88194ad147fffff,3.931566194791676e7,3.124090576041688e7,-8.074756187499881e6
London,18,96,900000,3,reachable_union,88194ad149fffff,3.9500602583333395e7,3.113780500000021e7,-8.362797583333187e6
London,18,96,900000,3,reachable_union,88194ad14bfffff,3.9293551031250075e7,3.1064971760416787e7,-8.228579270833287e6
London,18,96,900000,3,reachable_union,88194ad14dfffff,4.012399705208341e7,3.269673991666679e7,-7.4272571354166195e6
London,18,96,900000,3,reachable_union,88194ad151fffff,3.7241431114583395e7,2.848346281250005e7,-8.757968302083347e6
London,18,96,900000,3,reachable_union,88194ad153fffff,3.821365958333339e7,2.861913683333341e7,-9.594522749999978e6
London,18,96,900000,3,reachable_union,88194ad155fffff,3.821381215625003e7,2.853919242708339e7,-9.674619729166638e6
London,18,96,900000,3,reachable_union,88194ad157fffff,3.684399412500006e7,2.8592612572916705e7,-8.251381552083354e6
London,18,96,900000,3,reachable_union,88194ad159fffff,3.773131375000004e7,2.898349763541674e7,-8.747816114583299e6
London,18,96,900000,3,reachable_union,88194ad15bfffff,3.71026483333334e7,2.8609195729166724e7,-8.49345260416668e6
London,18,96,900000,3,reachable_union,88194ad15dfffff,3.878379513541671e7,2.879299535416676e7,-9.990799781249948e6
London,18,96,900000,3,reachable_union,88194ad161fffff,3.925858644791676e7,2.883622753125005e7,-1.0422358916666713e7
London,18,96,900000,3,reachable_union,88194ad163fffff,3.873929139583341e7,2.8597764885416698e7,-1.0141526510416713e7
London,18,96,900000,3,reachable_union,88194ad165fffff,3.858635631250007e7,2.8494289250000108e7,-1.0092067062499959e7
London,18,96,900000,3,reachable_union,88194ad167fffff,3.778838853125003e7,2.8590967020833407e7,-9.197421510416623e6
London,18,96,900000,3,reachable_union,88194ad169fffff,4.0074072520833425e7,3.1363483312500186e7,-8.710589208333239e6
London,18,96,900000,3,reachable_union,88194ad16bfffff,3.891113867708329e7,2.9075333958333485e7,-9.835804718749806e6
London,18,96,900000,3,reachable_union,88194ad16dfffff,3.9591357072916634e7,3.1116776364583567e7,-8.474580708333068e6
London,18,96,900000,3,reachable_union,88194ad181fffff,3.2910152624999966e7,2.602314196875015e7,-6.887010656249817e6
London,18,96,900000,3,reachable_union,88194ad183fffff,3.0459498458333347e7,2.5602441250000138e7,-4.857057208333209e6
London,18,96,900000,3,reachable_union,88194ad185fffff,3.2434301833333302e7,2.567964052083342e7,-6.754661312499881e6
London,18,96,900000,3,reachable_union,88194ad187fffff,3.076359940624998e7,2.5535528020833448e7,-5.228071385416534e6
London,18,96,900000,3,reachable_union,88194ad189fffff,3.207591803125e7,2.5953906583333485e7,-6.122011447916515e6
London,18,96,900000,3,reachable_union,88194ad18bfffff,3.210948309374999e7,2.5909949677083462e7,-6.199533416666526e6
London,18,96,900000,3,reachable_union,88194ad18dfffff,3.3360700760416616e7,2.593390515625014e7,-7.426795604166474e6
London,18,96,900000,3,reachable_union,88194ad191fffff,3.3751864677083306e7,2.634788695833347e7,-7.403977718749836e6
London,18,96,900000,3,reachable_union,88194ad193fffff,3.245961654166666e7,2.5879359645833474e7,-6.580256895833187e6
London,18,96,900000,3,reachable_union,88194ad195fffff,3.0654997937499996e7,2.56074306979168e7,-5.047567239583198e6
London,18,96,900000,3,reachable_union,88194ad197fffff,3.270681076041664e7,2.599672780208346e7,-6.710082958333183e6
London,18,96,900000,3,reachable_union,88194ad199fffff,3.1926175114583325e7,2.563456468750009e7,-6.291610427083235e6
London,18,96,900000,3,reachable_union,88194ad19bfffff,3.4434612593749985e7,2.8836875958333485e7,-5.5977366354165e6
London,18,96,900000,3,reachable_union,88194ad19dfffff,3.2366976166666657e7,2.5870996729166795e7,-6.495979437499862e6
London,18,96,900000,3,reachable_union,88194ad1a1fffff,3.2338386770833302e7,2.6039977906250153e7,-6.29840886458315e6
London,18,96,900000,3,reachable_union,88194ad1a3fffff,3.0135869645833343e7,2.5349205500000108e7,-4.786664145833235e6
London,18,96,900000,3,reachable_union,88194ad1a5fffff,3.3005560385416612e7,2.614927578125015e7,-6.856284604166463e6
London,18,96,900000,3,reachable_union,88194ad1a7fffff,3.121665043749998e7,2.606653063541681e7,-5.150119802083172e6
London,18,96,900000,3,reachable_union,88194ad1a9fffff,3.3437586604166638e7,2.5990635572916802e7,-7.446951031249836e6
London,18,96,900000,3,reachable_union,88194ad1abfffff,3.2961450927083313e7,2.6014124020833418e7,-6.947326906249896e6
London,18,96,900000,3,reachable_union,88194ad1adfffff,3.2890347364583284e7,2.5995559614583492e7,-6.894787749999791e6
London,18,96,900000,3,reachable_union,88194ad1b1fffff,3.1140464500000007e7,2.592561033333347e7,-5.2148541666665375e6
London,18,96,900000,3,reachable_union,88194ad1b3fffff,3.1331753895833332e7,2.620959079166681e7,-5.122163104166523e6
London,18,96,900000,3,reachable_union,88194ad1b5fffff,3.001755265625e7,2.6020206604166806e7,-3.9973460520831943e6
London,18,96,900000,3,reachable_union,88194ad1b7fffff,2.9632660833333343e7,2.4907370666666787e7,-4.725290166666556e6
London,18,96,900000,3,reachable_union,88194ad1b9fffff,3.063799297916667e7,2.5802113145833436e7,-4.835879833333235e6
London,18,96,900000,3,reachable_union,88194ad1bbfffff,3.1949174364583317e7,2.5976997020833462e7,-5.972177343749855e6
London,18,96,900000,3,reachable_union,88194ad1bdfffff,3.1954515041666638e7,2.5885823968750108e7,-6.06869107291653e6
London,18,96,900000,3,reachable_union,88194ad1c1fffff,3.3964898677083306e7,2.7446837177083474e7,-6.518061499999832e6
London,18,96,900000,3,reachable_union,88194ad1c3fffff,3.2295656031250004e7,2.601740582291684e7,-6.278250208333164e6
London,18,96,900000,3,reachable_union,88194ad1c5fffff,3.427377906249997e7,2.8080968125000145e7,-6.192810937499825e6
London,18,96,900000,3,reachable_union,88194ad1c7fffff,3.392955260416666e7,2.6419249364583474e7,-7.510303239583183e6
London,18,96,900000,3,reachable_union,88194ad1c9fffff,3.303582559374997e7,2.622568727083345e7,-6.810138322916519e6
London,18,96,900000,3,reachable_union,88194ad1cbfffff,3.389583924999996e7,2.73127812916668e7,-6.583057958333164e6
London,18,96,900000,3,reachable_union,88194ad1cdfffff,3.394729159374997e7,2.7589699031250108e7,-6.357592562499862e6
London,18,96,900000,3,reachable_union,88194ad1d1fffff,3.2393171635416653e7,2.6095243666666824e7,-6.297927968749829e6
London,18,96,900000,3,reachable_union,88194ad1d3fffff,3.25145671875e7,2.6058845104166802e7,-6.455722083333198e6
London,18,96,900000,3,reachable_union,88194ad1d5fffff,3.2217116802083325e7,2.6159464072916787e7,-6.0576527291665375e6
London,18,96,900000,3,reachable_union,88194ad1d7fffff,3.152759578125e7,2.585377062500014e7,-5.673825156249858e6
London,18,96,900000,3,reachable_union,88194ad1d9fffff,3.2109540906249993e7,2.631810329166678e7,-5.791437614583213e6
London,18,96,900000,3,reachable_union,88194ad1dbfffff,3.1870099145833343e7,2.5913199197916724e7,-5.9568999479166195e6
London,18,96,900000,3,reachable_union,88194ad1ddfffff,3.2265092833333325e7,2.6232919843750127e7,-6.032172989583198e6
London,18,96,900000,3,reachable_union,88194ad1e1fffff,3.441920416666666e7,2.6848219531250134e7,-7.570984635416523e6
London,18,96,900000,3,reachable_union,88194ad1e3fffff,3.26452578020833e7,2.5710403666666806e7,-6.934854135416493e6
London,18,96,900000,3,reachable_union,88194ad1e5fffff,3.283980108333328e7,2.6860915604166806e7,-5.978885479166474e6
London,18,96,900000,3,reachable_union,88194ad1e7fffff,3.369183232291665e7,2.6147640635416817e7,-7.544191687499832e6
London,18,96,900000,3,reachable_union,88194ad1e9fffff,3.416838244791665e7,2.8093745916666772e7,-6.074636531249877e6
London,18,96,900000,3,reachable_union,88194ad1ebfffff,3.28726352395833e7,2.6251336802083433e7,-6.621298437499866e6
London,18,96,900000,3,reachable_union,88194ad1edfffff,3.4732114864583306e7,2.836518641666677e7,-6.3669284479165375e6
London,18,96,900000,3,reachable_union,88194ad201fffff,3.694144213541664e7,3.2006180114583615e7,-4.935262020833027e6
London,18,96,900000,3,reachable_union,88194ad203fffff,3.492689183333332e7,3.0809394197916936e7,-4.117497635416385e6
London,18,96,900000,3,reachable_union,88194ad205fffff,3.587943465625003e7,3.0814420614583593e7,-5.065014041666437e6
London,18,96,900000,3,reachable_union,88194ad207fffff,3.4585522958333336e7,2.9502687447916884e7,-5.082835510416452e6
London,18,96,900000,3,reachable_union,88194ad209fffff,3.386516457291664e7,2.89836127812502e7,-4.881551791666441e6
London,18,96,900000,3,reachable_union,88194ad20bfffff,3.318778076041664e7,2.7832321375000183e7,-5.355459385416459e6
London,18,96,900000,3,reachable_union,88194ad20dfffff,3.360367813541665e7,2.8651471260416865e7,-4.952206874999784e6
London,18,96,900000,3,reachable_union,88194ad211fffff,3.3294921927083313e7,3.0096028604166884e7,-3.1988933229164295e6
London,18,96,900000,3,reachable_union,88194ad213fffff,3.248285453124999e7,3.0242047552083585e7,-2.2408069791664034e6
London,18,96,900000,3,reachable_union,88194ad215fffff,3.4267349270833306e7,3.0594249645833567e7,-3.673099624999739e6
London,18,96,900000,3,reachable_union,88194ad217fffff,3.393697948958331e7,3.058729782291695e7,-3.3496816666663624e6
London,18,96,900000,3,reachable_union,88194ad219fffff,3.333388456249999e7,3.0669799177083585e7,-2.6640853854164034e6
London,18,96,900000,3,reachable_union,88194ad21bfffff,3.3031895385416657e7,3.0400723010416918e7,-2.631172374999739e6
London,18,96,900000,3,reachable_union,88194ad21dfffff,3.3466277541666687e7,3.001798496875012e7,-3.4482925729165673e6
London,18,96,900000,3,reachable_union,88194ad221fffff,3.52527329375001e7,3.1138406218750153e7,-4.114326718749944e6
London,18,96,900000,3,reachable_union,88194ad223fffff,3.518375359375009e7,3.0062703208333444e7,-5.121050385416646e6
London,18,96,900000,3,reachable_union,88194ad225fffff,3.557263590625008e7,3.365122648958353e7,-1.9214094166665524e6
London,18,96,900000,3,reachable_union,88194ad227fffff,3.465567371875005e7,3.235545132291684e7,-2.300222395833213e6
London,18,96,900000,3,reachable_union,88194ad229fffff,3.768485279166679e7,3.389212538541688e7,-3.7927274062499106e6
London,18,96,900000,3,reachable_union,88194ad22bfffff,3.610763554166674e7,3.100023271875018e7,-5.10740282291656e6
London,18,96,900000,3,reachable_union,88194ad22dfffff,3.6542014479166746e7,3.376232417708349e7,-2.779690302083254e6
London,18,96,900000,3,reachable_union,88194ad231fffff,3.490344281250007e7,3.052748968750015e7,-4.375953124999918e6
London,18,96,900000,3,reachable_union,88194ad233fffff,3.404470351041669e7,2.9505835520833444e7,-4.538867989583243e6
London,18,96,900000,3,reachable_union,88194ad235fffff,3.54868394583334e7,3.1143425166666873e7,-4.34341429166653e6
London,18,96,900000,3,reachable_union,88194ad237fffff,3.5293797666666746e7,3.0885809687500138e7,-4.407987979166608e6
London,18,96,900000,3,reachable_union,88194ad239fffff,3.460254807291674e7,3.038982598958345e7,-4.212722083333287e6
London,18,96,900000,3,reachable_union,88194ad23bfffff,3.372287161458336e7,2.9694989677083466e7,-4.027881937499892e6
London,18,96,900000,3,reachable_union,88194ad23dfffff,3.545277051041675e7,3.0452581822916813e7,-5.00018868749994e6
London,18,96,900000,3,reachable_union,88194ad241fffff,3.478372415625006e7,3.0617528875000115e7,-4.166195281249944e6
London,18,96,900000,3,reachable_union,88194ad243fffff,3.560365165625006e7,3.0662929437500145e7,-4.940722218749914e6
London,18,96,900000,3,reachable_union,88194ad245fffff,3.5541983020833395e7,3.2625846645833537e7,-2.9161363749998584e6
London,18,96,900000,3,reachable_union,88194ad247fffff,3.5919424052083425e7,3.2200099760416806e7,-3.7193242916666195e6
London,18,96,900000,3,reachable_union,88194ad249fffff,3.486142921875006e7,3.0857104041666806e7,-4.004325177083254e6
London,18,96,900000,3,reachable_union,88194ad24bfffff,3.432740079166667e7,3.018164197916678e7,-4.145758812499892e6
London,18,96,900000,3,reachable_union,88194ad24dfffff,3.458150927083336e7,3.063652207291679e7,-3.9449871979165673e6
London,18,96,900000,3,reachable_union,88194ad251fffff,3.395787164583336e7,2.994363889583346e7,-4.0142327499998994e6
London,18,96,900000,3,reachable_union,88194ad253fffff,3.2955740156249993e7,3.032125965625011e7,-2.634480499999881e6
London,18,96,900000,3,reachable_union,88194ad255fffff,3.459756407291673e7,3.0635520291666787e7,-3.962043781249944e6
London,18,96,900000,3,reachable_union,88194ad257fffff,3.2126882468750004e7,2.889342252083345e7,-3.2334599479165524e6
London,18,96,900000,3,reachable_union,88194ad259fffff,3.403433240625001e7,3.0451534916666843e7,-3.5827974895831645e6
London,18,96,900000,3,reachable_union,88194ad25bfffff,3.3028968729166675e7,2.965102942708344e7,-3.3779393020832352e6
London,18,96,900000,3,reachable_union,88194ad25dfffff,3.483391110416672e7,3.03595312604168e7,-4.474379843749918e6
London,18,96,900000,3,reachable_union,88194ad261fffff,3.659228487500009e7,3.1484892354166813e7,-5.107392520833276e6
London,18,96,900000,3,reachable_union,88194ad263fffff,3.729936387500011e7,3.130805819791683e7,-5.99130567708328e6
London,18,96,900000,3,reachable_union,88194ad265fffff,3.631568632291674e7,3.3631143718750164e7,-2.684542604166575e6
London,18,96,900000,3,reachable_union,88194ad267fffff,3.808021092708346e7,3.4374568250000134e7,-3.7056426770833284e6
London,18,96,900000,3,reachable_union,88194ad269fffff,3.492638206250005e7,3.028485998958348e7,-4.641522072916571e6
London,18,96,900000,3,reachable_union,88194ad26bfffff,3.611123296875005e7,3.0565158072916787e7,-5.546074895833265e6
London,18,96,900000,3,reachable_union,88194ad26dfffff,3.6562175020833425e7,3.150730962500015e7,-5.054865395833276e6
London,18,96,900000,3,reachable_union,88194ad281fffff,3.050677644791666e7,2.534853394791664e7,-5.158242500000019e6
London,18,96,900000,3,reachable_union,88194ad283fffff,3.0628211333333336e7,2.4936608645833343e7,-5.691602687499993e6
London,18,96,900000,3,reachable_union,88194ad285fffff,3.1575413437500007e7,2.5047818250000026e7,-6.527595187499981e6
London,18,96,900000,3,reachable_union,88194ad287fffff,3.1927833895833347e7,2.4570654364583332e7,-7.357179531250015e6
London,18,96,900000,3,reachable_union,88194ad289fffff,3.1010250958333336e7,2.478935194791671e7,-6.220899010416627e6
London,18,96,900000,3,reachable_union,88194ad28bfffff,3.244577109374998e7,2.5262982635416713e7,-7.182788458333269e6
London,18,96,900000,3,reachable_union,88194ad28dfffff,3.1764392875000007e7,2.5460733552083362e7,-6.303659322916646e6
London,18,96,900000,3,reachable_union,88194ad295fffff,3.087524647916668e7,2.5466485645833366e7,-5.408760833333313e6
London,18,96,900000,3,reachable_union,88194ad29dfffff,3.029100038541666e7,2.5606472645833418e7,-4.684527739583243e6
London,18,96,900000,3,reachable_union,88194ad2a1fffff,3.272464385416667e7,2.7710413020833474e7,-5.014230833333198e6
London,18,96,900000,3,reachable_union,88194ad2a3fffff,3.18032239791667e7,2.5193974760416668e7,-6.6092492187500335e6
London,18,96,900000,3,reachable_union,88194ad2a5fffff,3.3344279020833336e7,2.6090439822916757e7,-7.2538391979165785e6
London,18,96,900000,3,reachable_union,88194ad2a7fffff,3.1314112927083336e7,2.4838357125000022e7,-6.475755802083313e6
London,18,96,900000,3,reachable_union,88194ad2a9fffff,3.332374411458333e7,2.75957463750001e7,-5.727997739583228e6
London,18,96,900000,3,reachable_union,88194ad2abfffff,3.285492514583334e7,2.577410195833338e7,-7.080823187499959e6
London,18,96,900000,3,reachable_union,88194ad2adfffff,3.5316976072916724e7,2.998992745833354e7,-5.327048614583183e6
London,18,96,900000,3,reachable_union,88194ad2b1fffff,3.188664396875002e7,2.5741700156250004e7,-6.144943812500015e6
London,18,96,900000,3,reachable_union,88194ad2b3fffff,2.8679037541666683e7,2.358908157291671e7,-5.089955968749974e6
London,18,96,900000,3,reachable_union,88194ad2b5fffff,3.230083840625001e7,2.6131297864583317e7,-6.169540541666694e6
London,18,96,900000,3,reachable_union,88194ad2b7fffff,3.097039961458333e7,2.559840226041672e7,-5.371997354166608e6
London,18,96,900000,3,reachable_union,88194ad2b9fffff,3.2067851895833354e7,2.6090328333333377e7,-5.977523562499978e6
London,18,96,900000,3,reachable_union,88194ad2bbfffff,2.9983397291666694e7,2.3940797020833395e7,-6.042600270833299e6
London,18,96,900000,3,reachable_union,88194ad2bdfffff,3.252777042708334e7,2.6292954333333377e7,-6.234816093749963e6
London,18,96,900000,3,reachable_union,88194ad2c1fffff,3.2007374895833332e7,2.6127797750000056e7,-5.879577145833276e6
London,18,96,900000,3,reachable_union,88194ad2c3fffff,3.2320168322916664e7,2.5757536708333403e7,-6.562631614583261e6
London,18,96,900000,3,reachable_union,88194ad2c5fffff,3.2477963770833343e7,2.6831379833333366e7,-5.646583937499978e6
London,18,96,900000,3,reachable_union,88194ad2c7fffff,3.0818911822916664e7,2.5051056687500007e7,-5.767855135416657e6
London,18,96,900000,3,reachable_union,88194ad2c9fffff,3.1258741833333325e7,2.6362209125000093e7,-4.8965327083332315e6
London,18,96,900000,3,reachable_union,88194ad2cbfffff,2.944048723958334e7,2.487370109375001e7,-4.566786145833328e6
London,18,96,900000,3,reachable_union,88194ad2cdfffff,3.133712853124996e7,2.895392818750007e7,-2.3832003437498882e6
London,18,96,900000,3,reachable_union,88194ad2d1fffff,3.125208724999997e7,2.5104651531250015e7,-6.147435718749955e6
London,18,96,900000,3,reachable_union,88194ad2d5fffff,3.227696878124997e7,2.5933154979166668e7,-6.343813802083302e6
London,18,96,900000,3,reachable_union,88194ad2d7fffff,3.0842745541666646e7,2.520996099999998e7,-5.632784541666664e6
London,18,96,900000,3,reachable_union,88194ad2d9fffff,3.1124621010416638e7,2.5736134312500007e7,-5.388486697916631e6
London,18,96,900000,3,reachable_union,88194ad2ddfffff,3.2066026156249966e7,2.569869420833335e7,-6.367331947916616e6
London,18,96,900000,3,reachable_union,88194ad2e1fffff,3.287467789583329e7,2.6170086604166634e7,-6.704591291666657e6
London,18,96,900000,3,reachable_union,88194ad2e3fffff,3.259690282291663e7,2.5500911916666683e7,-7.095990906249948e6
London,18,96,900000,3,reachable_union,88194ad2e5fffff,3.399834798958331e7,2.952808625000014e7,-4.470261739583172e6
London,18,96,900000,3,reachable_union,88194ad2e7fffff,3.3862920104166634e7,2.5792454604166646e7,-8.070465499999989e6
London,18,96,900000,3,reachable_union,88194ad2e9fffff,3.2644549718749955e7,2.8539072802083425e7,-4.10547691666653e6
London,18,96,900000,3,reachable_union,88194ad2ebfffff,3.338086711458329e7,2.6188815312499985e7,-7.192051802083306e6
London,18,96,900000,3,reachable_union,88194ad2edfffff,3.453791419791665e7,2.944312886458343e7,-5.09478533333322e6
London,18,96,900000,3,reachable_union,88194ad301fffff,3.978626492708344e7,3.485165515625027e7,-4.934609770833172e6
London,18,96,900000,3,reachable_union,88194ad303fffff,3.860378744791668e7,3.442517343750031e7,-4.178614010416366e6
London,18,96,900000,3,reachable_union,88194ad305fffff,4.005681326041678e7,3.489360766666693e7,-5.163205593749851e6
London,18,96,900000,3,reachable_union,88194ad307fffff,3.970042535416678e7,3.472577279166695e7,-4.974652562499836e6
London,18,96,900000,3,reachable_union,88194ad309fffff,3.917316940625007e7,3.4580382708333604e7,-4.592786697916463e6
London,18,96,900000,3,reachable_union,88194ad30bfffff,3.7687289729166694e7,3.383368721875031e7,-3.853602510416381e6
London,18,96,900000,3,reachable_union,88194ad30dfffff,4.00692730625001e7,3.5051458583333574e7,-5.017814479166523e6
London,18,96,900000,3,reachable_union,88194ad311fffff,3.8129033458333336e7,3.4305575083333574e7,-3.8234583749997616e6
London,18,96,900000,3,reachable_union,88194ad313fffff,3.814536059375e7,3.396239384375028e7,-4.182966749999717e6
London,18,96,900000,3,reachable_union,88194ad315fffff,3.882466884375005e7,3.456792585416701e7,-4.256742989583045e6
London,18,96,900000,3,reachable_union,88194ad317fffff,3.704740148958331e7,3.4091937260416895e7,-2.9554642291664183e6
London,18,96,900000,3,reachable_union,88194ad319fffff,3.8310296458333336e7,3.433226098958363e7,-3.9780354687497094e6
London,18,96,900000,3,reachable_union,88194ad31bfffff,3.815827272916668e7,3.431029863541693e7,-3.8479740937497467e6
London,18,96,900000,3,reachable_union,88194ad31dfffff,3.8761975197916694e7,3.439124715625029e7,-4.370728041666403e6
London,18,96,900000,3,reachable_union,88194ad321fffff,4.008312479166678e7,3.524067107291691e7,-4.842453718749873e6
London,18,96,900000,3,reachable_union,88194ad323fffff,3.9972966395833425e7,3.24386298854169e7,-7.534336510416526e6
London,18,96,900000,3,reachable_union,88194ad325fffff,4.048810146875016e7,3.542847626041689e7,-5.059625208333269e6
London,18,96,900000,3,reachable_union,88194ad327fffff,4.004314040625012e7,3.278239064583358e7,-7.2607497604165375e6
London,18,96,900000,3,reachable_union,88194ad329fffff,4.077524390625016e7,3.5408129083333544e7,-5.367114822916612e6
London,18,96,900000,3,reachable_union,88194ad32bfffff,3.998740936458344e7,3.566676338541685e7,-4.32064597916659e6
London,18,96,900000,3,reachable_union,88194ad32dfffff,4.04232597291668e7,3.620282146875023e7,-4.220438260416567e6
London,18,96,900000,3,reachable_union,88194ad331fffff,3.904472729166675e7,3.469162775000036e7,-4.353099541666396e6
London,18,96,900000,3,reachable_union,88194ad333fffff,3.690418318749999e7,3.3870921020833634e7,-3.0332621666663587e6
London,18,96,900000,3,reachable_union,88194ad335fffff,3.929521722916676e7,3.488295027083359e7,-4.412266958333172e6
London,18,96,900000,3,reachable_union,88194ad337fffff,3.880498652083337e7,3.413438573958366e7,-4.670600781249709e6
London,18,96,900000,3,reachable_union,88194ad339fffff,3.869576684375002e7,3.46639898437503e7,-4.0317769999997243e6
London,18,96,900000,3,reachable_union,88194ad33bfffff,3.794747620833335e7,3.452504528125032e7,-3.4224309270830303e6
London,18,96,900000,3,reachable_union,88194ad33dfffff,3.9333764177083425e7,3.480592350000028e7,-4.527840677083142e6
London,18,96,900000,3,reachable_union,88194ad341fffff,3.812941818750003e7,3.421281995833361e7,-3.9165982291664183e6
London,18,96,900000,3,reachable_union,88194ad343fffff,3.900279682291675e7,3.439180298958368e7,-4.610993833333075e6
London,18,96,900000,3,reachable_union,88194ad345fffff,3.9040488135416746e7,3.427373401041693e7,-4.766754124999814e6
London,18,96,900000,3,reachable_union,88194ad347fffff,3.961415515625009e7,3.453395946875029e7,-5.080195687499799e6
London,18,96,900000,3,reachable_union,88194ad349fffff,3.826733278125003e7,3.427414862500025e7,-3.9931841562497765e6
London,18,96,900000,3,reachable_union,88194ad34bfffff,3.912119577083341e7,3.447119200000029e7,-4.65000377083312e6
London,18,96,900000,3,reachable_union,88194ad34dfffff,3.8983622687500075e7,3.2516313260416888e7,-6.467309427083187e6
London,18,96,900000,3,reachable_union,88194ad351fffff,3.84554183854167e7,3.4369601593750276e7,-4.0858167916664258e6
London,18,96,900000,3,reachable_union,88194ad353fffff,3.683344556250001e7,3.410244932291695e7,-2.73099623958306e6
London,18,96,900000,3,reachable_union,88194ad355fffff,3.9038328020833425e7,3.435981629166697e7,-4.678511729166456e6
London,18,96,900000,3,reachable_union,88194ad357fffff,3.894887088541674e7,3.438708411458363e7,-4.561786770833112e6
London,18,96,900000,3,reachable_union,88194ad359fffff,3.697899269791667e7,3.4279477885416925e7,-2.6995148124997467e6
London,18,96,900000,3,reachable_union,88194ad35bfffff,3.886212551041675e7,3.443319446875028e7,-4.4289310416664705e6
London,18,96,900000,3,reachable_union,88194ad35dfffff,3.854444070833337e7,3.4415409343750276e7,-4.1290313645830974e6
London,18,96,900000,3,reachable_union,88194ad361fffff,3.971000233333344e7,3.5168023114583515e7,-4.5419792187499255e6
London,18,96,900000,3,reachable_union,88194ad363fffff,3.998617084375012e7,3.6002703072916865e7,-3.983467770833254e6
London,18,96,900000,3,reachable_union,88194ad365fffff,4.09879988541668e7,4.015289831250008e7,-835100.5416667163
London,18,96,900000,3,reachable_union,88194ad367fffff,4.049070573958346e7,3.877655144791671e7,-1.7141542916667536e6
London,18,96,900000,3,reachable_union,88194ad369fffff,3.9269612052083425e7,3.383774876041702e7,-5.431863291666403e6
London,18,96,900000,3,reachable_union,88194ad36bfffff,3.99301035312501e7,3.450785500000026e7,-5.422248531249836e6
London,18,96,900000,3,reachable_union,88194ad36dfffff,3.990863537500008e7,3.606902929166678e7,-3.8396060833332986e6
London,18,96,900000,3,reachable_union,88194ad801fffff,2.7289641010416646e7,2.1575647895833306e7,-5.71399311458334e6
London,18,96,900000,3,reachable_union,88194ad803fffff,2.7404301239583317e7,2.293742721874998e7,-4.466874020833336e6
London,18,96,900000,3,reachable_union,88194ad805fffff,2.924783121874993e7,2.3109185260416683e7,-6.138645958333246e6
London,18,96,900000,3,reachable_union,88194ad807fffff,2.6837764468749985e7,2.1655081427083302e7,-5.182683041666683e6
London,18,96,900000,3,reachable_union,88194ad809fffff,2.8861498291666623e7,2.2951120187499974e7,-5.910378104166649e6
London,18,96,900000,3,reachable_union,88194ad80bfffff,2.827475270833329e7,2.3009133187499978e7,-5.265619520833313e6
London,18,96,900000,3,reachable_union,88194ad80dfffff,2.9755495395833265e7,2.315228932291664e7,-6.603206072916623e6
London,18,96,900000,3,reachable_union,88194ad811fffff,2.898158796874994e7,2.4366560322916668e7,-4.6150276458332725e6
London,18,96,900000,3,reachable_union,88194ad813fffff,2.947192873958327e7,2.3612071927083433e7,-5.859856812499836e6
London,18,96,900000,3,reachable_union,88194ad815fffff,2.906939779166661e7,2.4415136187499963e7,-4.654261604166646e6
London,18,96,900000,3,reachable_union,88194ad817fffff,2.8655955416666623e7,2.4329226958333373e7,-4.32672845833325e6
London,18,96,900000,3,reachable_union,88194ad819fffff,3.0108688531249944e7,2.4606449020833325e7,-5.5022395104166195e6
London,18,96,900000,3,reachable_union,88194ad81bfffff,2.929127396874994e7,2.4247086531250082e7,-5.044187437499858e6
London,18,96,900000,3,reachable_union,88194ad81dfffff,2.9298892552083272e7,2.4459082249999978e7,-4.839810302083295e6
London,18,96,900000,3,reachable_union,88194ad829fffff,3.1011140895833276e7,2.4494768468749996e7,-6.51637242708328e6
London,18,96,900000,3,reachable_union,88194ad82bfffff,2.843735853124995e7,2.293393573958331e7,-5.503422791666642e6
London,18,96,900000,3,reachable_union,88194ad831fffff,2.7135214645833313e7,2.314133429166668e7,-3.9938803541666344e6
London,18,96,900000,3,reachable_union,88194ad833fffff,2.971625592708328e7,2.454008448958332e7,-5.176171437499959e6
London,18,96,900000,3,reachable_union,88194ad839fffff,2.6994743354166653e7,2.2864954541666687e7,-4.1297888124999665e6
London,18,96,900000,3,reachable_union,88194ad83bfffff,2.9289922739583284e7,2.452930732291666e7,-4.760615416666623e6
London,18,96,900000,3,reachable_union,88194ad83dfffff,2.7292209833333313e7,2.2704700406249996e7,-4.587509427083317e6
London,18,96,900000,3,reachable_union,88194ad841fffff,3.261625534374994e7,2.523493864583342e7,-7.381316697916519e6
London,18,96,900000,3,reachable_union,88194ad843fffff,2.9773961635416605e7,2.4329480177083347e7,-5.444481458333258e6
London,18,96,900000,3,reachable_union,88194ad845fffff,3.1582294416666616e7,2.4887519281250056e7,-6.69477513541656e6
London,18,96,900000,3,reachable_union,88194ad847fffff,3.118543790624995e7,2.4496361187500022e7,-6.689076718749929e6
London,18,96,900000,3,reachable_union,88194ad849fffff,3.3399106031249914e7,2.640160070833348e7,-6.997505322916433e6
London,18,96,900000,3,reachable_union,88194ad84bfffff,3.3424280354166582e7,2.6402482260416847e7,-7.0217980937497355e6
London,18,96,900000,3,reachable_union,88194ad84dfffff,3.0992037770833276e7,2.5399317916666754e7,-5.592719854166523e6
London,18,96,900000,3,reachable_union,88194ad851fffff,3.226624158333326e7,2.4855217322916627e7,-7.411024260416634e6
London,18,96,900000,3,reachable_union,88194ad853fffff,3.1290325406249944e7,2.4663919760416687e7,-6.626405645833258e6
London,18,96,900000,3,reachable_union,88194ad855fffff,3.0509389624999944e7,2.3913836854166687e7,-6.595552770833258e6
London,18,96,900000,3,reachable_union,88194ad857fffff,2.9260720833333272e7,2.329542572916665e7,-5.965295104166623e6
London,18,96,900000,3,reachable_union,88194ad859fffff,3.2899498333333246e7,2.605480063541676e7,-6.844697697916485e6
London,18,96,900000,3,reachable_union,88194ad85bfffff,3.1247173802083284e7,2.497597676041672e7,-6.271197041666564e6
London,18,96,900000,3,reachable_union,88194ad85dfffff,3.151703274999995e7,2.4740886083333377e7,-6.776146666666575e6
London,18,96,900000,3,reachable_union,88194ad861fffff,3.134676894791662e7,2.475465234374998e7,-6.592116604166638e6
London,18,96,900000,3,reachable_union,88194ad863fffff,3.1115121083333272e7,2.4557745010416657e7,-6.557376072916616e6
London,18,96,900000,3,reachable_union,88194ad865fffff,3.04681844479166e7,2.4821951562500034e7,-5.646232885416567e6
London,18,96,900000,3,reachable_union,88194ad867fffff,3.413405663541659e7,2.77731575937501e7,-6.360899041666489e6
London,18,96,900000,3,reachable_union,88194ad869fffff,3.125404484374995e7,2.4886507739583313e7,-6.367537104166638e6
London,18,96,900000,3,reachable_union,88194ad86bfffff,3.1289563177083287e7,2.4570024166666683e7,-6.719539010416605e6
London,18,96,900000,3,reachable_union,88194ad86dfffff,2.9972740187499933e7,2.3006590385416638e7,-6.966149802083295e6
London,18,96,900000,3,reachable_union,88194ad881fffff,3.2647232999999933e7,2.4887776802083414e7,-7.759456197916519e6
London,18,96,900000,3,reachable_union,88194ad885fffff,3.1925184260416593e7,2.47632533333334e7,-7.161930927083194e6
London,18,96,900000,3,reachable_union,88194ad889fffff,3.1086624531249933e7,2.419624813541676e7,-6.890376395833172e6
London,18,96,900000,3,reachable_union,88194ad88bfffff,2.927718501041662e7,2.3413103395833407e7,-5.864081614583213e6
London,18,96,900000,3,reachable_union,88194ad88dfffff,3.135951912499994e7,2.429191248958341e7,-7.06760663541653e6
London,18,96,900000,3,reachable_union,88194ad8a9fffff,2.994182678124994e7,2.3898548885416746e7,-6.043277895833194e6
London,18,96,900000,3,reachable_union,88194ad8c1fffff,3.313148567708326e7,2.6249961708333354e7,-6.881523968749907e6
London,18,96,900000,3,reachable_union,88194ad8c3fffff,3.2409760906249937e7,2.5154778302083407e7,-7.25498260416653e6
London,18,96,900000,3,reachable_union,88194ad8c5fffff,3.098999931249994e7,2.4497937718750093e7,-6.492061593749847e6
London,18,96,900000,3,reachable_union,88194ad8c7fffff,3.251648395833326e7,2.4559623947916742e7,-7.956860010416519e6
London,18,96,900000,3,reachable_union,88194ad8c9fffff,3.243486590624994e7,2.5877840750000037e7,-6.557025156249903e6
London,18,96,900000,3,reachable_union,88194ad8cbfffff,3.3171772114583258e7,2.6428679885416742e7,-6.743092229166515e6
London,18,96,900000,3,reachable_union,88194ad8cdfffff,3.12830333854166e7,2.4828920958333377e7,-6.454112427083224e6
London,18,96,900000,3,reachable_union,88194ad8d1fffff,3.0889222854166597e7,2.47697549895834e7,-6.119467864583198e6
London,18,96,900000,3,reachable_union,88194ad8d3fffff,3.02903337916666e7,2.4355073062500045e7,-5.935260729166556e6
London,18,96,900000,3,reachable_union,88194ad8d5fffff,3.139195581249993e7,2.428443677083339e7,-7.1075190416665375e6
London,18,96,900000,3,reachable_union,88194ad8d7fffff,3.0826597572916597e7,2.4378724875000063e7,-6.447872697916534e6
London,18,96,900000,3,reachable_union,88194ad8d9fffff,3.2582368833333265e7,2.588350573958332e7,-6.698863093749944e6
London,18,96,900000,3,reachable_union,88194ad8dbfffff,3.075880909374995e7,2.46425686041667e7,-6.11624048958325e6
London,18,96,900000,3,reachable_union,88194ad8ddfffff,3.0922201406249948e7,2.4745144020833388e7,-6.17705738541656e6
London,18,96,900000,3,reachable_union,88194ad8e1fffff,2.992424355208327e7,2.4060988427083395e7,-5.863255124999873e6
London,18,96,900000,3,reachable_union,88194ad8e3fffff,3.2507488291666605e7,2.5534917687500022e7,-6.972570604166582e6
London,18,96,900000,3,reachable_union,88194ad8e5fffff,3.0120502520833258e7,2.4393697427083325e7,-5.726805093749933e6
London,18,96,900000,3,reachable_union,88194ad8e7fffff,3.021795558333334e7,2.465557810416669e7,-5.562377479166649e6
London,18,96,900000,3,reachable_union,88194ad8e9fffff,2.9730786729166675e7,2.4025866874999978e7,-5.704919854166698e6
London,18,96,900000,3,reachable_union,88194ad8ebfffff,3.0276164281250004e7,2.394533590625001e7,-6.330828374999993e6
London,18,96,900000,3,reachable_union,88194ad8edfffff,2.9504551541666668e7,2.384811136458336e7,-5.65644017708331e6
London,18,96,900000,3,reachable_union,88194ada01fffff,3.457742745833334e7,2.648925958333336e7,-8.088167874999985e6
London,18,96,900000,3,reachable_union,88194ada03fffff,3.4640182093750015e7,2.677676195833343e7,-7.863420135416586e6
London,18,96,900000,3,reachable_union,88194ada05fffff,3.485732084375e7,2.6415035083333418e7,-8.442285760416582e6
London,18,96,900000,3,reachable_union,88194ada07fffff,3.2272780322916653e7,2.4967494041666735e7,-7.305286281249918e6
London,18,96,900000,3,reachable_union,88194ada09fffff,3.650623319791669e7,2.665459976041672e7,-9.851633437499966e6
London,18,96,900000,3,reachable_union,88194ada0bfffff,3.5935265500000015e7,2.662571915625009e7,-9.309546343749925e6
London,18,96,900000,3,reachable_union,88194ada0dfffff,3.636951604166668e7,2.6951756781250067e7,-9.417759260416612e6
London,18,96,900000,3,reachable_union,88194ada11fffff,3.485511513541669e7,2.6903357979166746e7,-7.95175715624994e6
London,18,96,900000,3,reachable_union,88194ada13fffff,3.5158672520833336e7,2.8145669270833455e7,-7.013003249999881e6
London,18,96,900000,3,reachable_union,88194ada15fffff,3.4513293656250015e7,2.7034479416666783e7,-7.4788142395832315e6
London,18,96,900000,3,reachable_union,88194ada17fffff,3.465913522916668e7,2.7003783281250093e7,-7.655351947916586e6
London,18,96,900000,3,reachable_union,88194ada19fffff,3.566886755208336e7,2.7901360489583466e7,-7.767507062499892e6
London,18,96,900000,3,reachable_union,88194ada1bfffff,3.624725702083334e7,2.8435372302083384e7,-7.811884718749959e6
London,18,96,900000,3,reachable_union,88194ada1dfffff,3.576858989583337e7,2.7075127416666787e7,-8.693462479166586e6
London,18,96,900000,3,reachable_union,88194ada21fffff,3.3475925885416664e7,2.637890422916674e7,-7.0970216562499255e6
London,18,96,900000,3,reachable_union,88194ada23fffff,3.256561072916666e7,2.6077758906250037e7,-6.487851822916623e6
London,18,96,900000,3,reachable_union,88194ada25fffff,3.3279671083333317e7,2.6104510791666735e7,-7.175160291666582e6
London,18,96,900000,3,reachable_union,88194ada27fffff,3.2222744666666646e7,2.6558111072916735e7,-5.664633593749911e6
London,18,96,900000,3,reachable_union,88194ada29fffff,3.528162218750001e7,2.655463207291678e7,-8.726990114583228e6
London,18,96,900000,3,reachable_union,88194ada2bfffff,3.3127659135416668e7,2.6434551052083373e7,-6.693108083333295e6
London,18,96,900000,3,reachable_union,88194ada2dfffff,3.504137165625e7,2.6595501406250067e7,-8.445870249999933e6
London,18,96,900000,3,reachable_union,88194ada31fffff,3.3179160218749985e7,2.6623593031250052e7,-6.555567187499933e6
London,18,96,900000,3,reachable_union,88194ada33fffff,3.3583237916666664e7,2.6649305604166742e7,-6.933932312499922e6
London,18,96,900000,3,reachable_union,88194ada35fffff,3.402854075000001e7,2.67140593958334e7,-7.314481354166608e6
London,18,96,900000,3,reachable_union,88194ada37fffff,3.2689831583333336e7,2.6536214906250108e7,-6.153616677083228e6
London,18,96,900000,3,reachable_union,88194ada39fffff,3.2228119437499978e7,2.5321405395833384e7,-6.906714041666593e6
London,18,96,900000,3,reachable_union,88194ada3bfffff,3.438349354166669e7,2.7131674375000093e7,-7.251819166666593e6
London,18,96,900000,3,reachable_union,88194ada3dfffff,3.267246440625e7,2.646316266666672e7,-6.20930173958328e6
London,18,96,900000,3,reachable_union,88194ada41fffff,3.892436217708339e7,2.751217348958337e7,-1.1412188687500019e7
London,18,96,900000,3,reachable_union,88194ada43fffff,3.665948193750002e7,2.653087680208342e7,-1.01286051354166e7
London,18,96,900000,3,reachable_union,88194ada45fffff,3.720670410416669e7,2.712869927083334e7,-1.0078004833333347e7
London,18,96,900000,3,reachable_union,88194ada47fffff,3.822988898958337e7,2.732088450000008e7,-1.0909004489583295e7
London,18,96,900000,3,reachable_union,88194ada49fffff,3.926805143750006e7,2.930145078125005e7,-9.966600656250011e6
London,18,96,900000,3,reachable_union,88194ada4bfffff,3.8763271729166694e7,2.8474548364583455e7,-1.0288723364583239e7
London,18,96,900000,3,reachable_union,88194ada4dfffff,3.765153193749999e7,2.720189911458341e7,-1.0449632822916582e7
London,18,96,900000,3,reachable_union,88194ada51fffff,3.777652075000004e7,2.715511557291672e7,-1.0621405177083317e7
London,18,96,900000,3,reachable_union,88194ada53fffff,3.592418990625001e7,2.7080459895833366e7,-8.843730010416642e6
London,18,96,900000,3,reachable_union,88194ada55fffff,3.846886945833336e7,2.6861657375000093e7,-1.1607212083333265e7
London,18,96,900000,3,reachable_union,88194ada57fffff,3.6856203479166694e7,2.688954493750006e7,-9.966658541666634e6
London,18,96,900000,3,reachable_union,88194ada59fffff,3.9077800229166694e7,2.8300465197916765e7,-1.077733503124993e7
London,18,96,900000,3,reachable_union,88194ada5bfffff,3.736897691666671e7,2.8549942843750108e7,-8.8190340729166e6
London,18,96,900000,3,reachable_union,88194ada5dfffff,3.894085381250006e7,2.8045113729166728e7,-1.0895740083333332e7
London,18,96,900000,3,reachable_union,88194ada61fffff,3.515139715625e7,2.673079790625007e7,-8.42059924999993e6
London,18,96,900000,3,reachable_union,88194ada63fffff,3.577106909375003e7,2.672104593750007e7,-9.050023156249959e6
London,18,96,900000,3,reachable_union,88194ada65fffff,3.455723541666668e7,2.6876884343750067e7,-7.680351072916612e6
London,18,96,900000,3,reachable_union,88194ada67fffff,3.503097344791666e7,2.6538314541666728e7,-8.49265890624993e6
London,18,96,900000,3,reachable_union,88194ada69fffff,3.481362757291667e7,2.6683817281250067e7,-8.129810291666605e6
London,18,96,900000,3,reachable_union,88194ada6bfffff,3.639164321875002e7,2.6679368062500052e7,-9.71227515624997e6
London,18,96,900000,3,reachable_union,88194ada6dfffff,3.504175116666668e7,2.6412722437499978e7,-8.629028729166701e6
London,18,96,900000,3,reachable_union,88194ada81fffff,3.3785138697916664e7,2.663758016666666e7,-7.147558531250004e6
London,18,96,900000,3,reachable_union,88194ada83fffff,3.3164694708333313e7,2.636086630208333e7,-6.803828406249985e6
London,18,96,900000,3,reachable_union,88194ada85fffff,3.402429344791668e7,2.6543751104166664e7,-7.480542343750015e6
London,18,96,900000,3,reachable_union,88194ada87fffff,3.375320634375001e7,2.6591514552083343e7,-7.161691791666664e6
London,18,96,900000,3,reachable_union,88194ada89fffff,3.4225791458333336e7,2.6864578322916683e7,-7.361213135416653e6
London,18,96,900000,3,reachable_union,88194ada8bfffff,3.3787732031250015e7,2.652866704166667e7,-7.259064989583343e6
London,18,96,900000,3,reachable_union,88194ada8dfffff,3.5443403031250015e7,2.864352056250009e7,-6.7998824687499255e6
London,18,96,900000,3,reachable_union,88194ada91fffff,3.201729803125002e7,2.641334537499998e7,-5.603952656250037e6
London,18,96,900000,3,reachable_union,88194ada93fffff,3.252535970833333e7,2.6789118802083343e7,-5.736240906249985e6
London,18,96,900000,3,reachable_union,88194ada95fffff,3.389277294791668e7,2.6631477041666698e7,-7.261295906249981e6
London,18,96,900000,3,reachable_union,88194ada97fffff,3.2423324083333336e7,2.6374800520833354e7,-6.048523562499981e6
London,18,96,900000,3,reachable_union,88194ada99fffff,3.3808961968749985e7,2.6688803718750063e7,-7.120158249999922e6
London,18,96,900000,3,reachable_union,88194ada9bfffff,3.280769014583333e7,2.6367141895833407e7,-6.440548249999922e6
London,18,96,900000,3,reachable_union,88194ada9dfffff,3.363732593749999e7,2.6553508239583474e7,-7.083817697916519e6
London,18,96,900000,3,reachable_union,88194adaa1fffff,3.3162194083333317e7,2.6395880937500127e7,-6.7663131458331905e6
London,18,96,900000,3,reachable_union,88194adaa3fffff,3.338263993749999e7,2.652022671875011e7,-6.862413218749877e6
London,18,96,900000,3,reachable_union,88194adaa5fffff,3.0027384343749993e7,2.481390802083341e7,-5.213476322916582e6
London,18,96,900000,3,reachable_union,88194adaa7fffff,3.215250514583331e7,2.6119768614583414e7,-6.032736531249896e6
London,18,96,900000,3,reachable_union,88194adaa9fffff,3.2378475583333332e7,2.635250864583341e7,-6.025966937499922e6
London,18,96,900000,3,reachable_union,88194adaabfffff,3.1500007312499974e7,2.5572660635416728e7,-5.927346677083246e6
London,18,96,900000,3,reachable_union,88194adaadfffff,3.2887016958333306e7,2.6310952604166765e7,-6.576064354166541e6
London,18,96,900000,3,reachable_union,88194adab1fffff,3.383090364583331e7,2.6611282250000093e7,-7.21962139583322e6
London,18,96,900000,3,reachable_union,88194adab3fffff,3.312977223958332e7,2.647869363541681e7,-6.651078604166511e6
London,18,96,900000,3,reachable_union,88194adab5fffff,3.362479626041666e7,2.6581097416666757e7,-7.043698843749899e6
London,18,96,900000,3,reachable_union,88194adab7fffff,3.3021328364583313e7,2.6559067364583466e7,-6.462260999999847e6
London,18,96,900000,3,reachable_union,88194adab9fffff,3.377380741666664e7,2.6662216625000097e7,-7.111590791666545e6
London,18,96,900000,3,reachable_union,88194adabbfffff,3.375650311458332e7,2.6580632697916772e7,-7.175870416666549e6
London,18,96,900000,3,reachable_union,88194adabdfffff,3.479226632291665e7,2.7833097156250127e7,-6.959169166666523e6
London,18,96,900000,3,reachable_union,88194adac1fffff,3.442186248958332e7,2.696145204166677e7,-7.460410447916552e6
London,18,96,900000,3,reachable_union,88194adac3fffff,3.366499402083334e7,2.649688191666677e7,-7.168112104166575e6
London,18,96,900000,3,reachable_union,88194adac5fffff,3.508125890624998e7,2.6615724229166728e7,-8.46553467708325e6
London,18,96,900000,3,reachable_union,88194adac7fffff,3.453833015624999e7,2.6886906010416724e7,-7.651424145833269e6
London,18,96,900000,3,reachable_union,88194adac9fffff,3.571787229166664e7,2.875605559375016e7,-6.961816697916482e6
London,18,96,900000,3,reachable_union,88194adacbfffff,3.426078702083335e7,2.7657387395833395e7,-6.603399624999955e6
London,18,96,900000,3,reachable_union,88194adacdfffff,3.553779618749999e7,2.711731788541677e7,-8.420478302083224e6
London,18,96,900000,3,reachable_union,88194adad1fffff,3.491518998958332e7,2.6673899281250115e7,-8.241290708333205e6
London,18,96,900000,3,reachable_union,88194adad3fffff,3.198646476041666e7,2.5779509291666716e7,-6.206955468749944e6
London,18,96,900000,3,reachable_union,88194adad5fffff,3.375776077083331e7,2.6405550375000127e7,-7.352210395833187e6
London,18,96,900000,3,reachable_union,88194adad7fffff,3.411937813541668e7,2.679561136458343e7,-7.32376677083325e6
London,18,96,900000,3,reachable_union,88194adad9fffff,3.523114339583333e7,2.8287262916666742e7,-6.943880479166586e6
London,18,96,900000,3,reachable_union,88194adadbfffff,3.375227157291665e7,2.656076354166679e7,-7.191508031249858e6
London,18,96,900000,3,reachable_union,88194adaddfffff,3.452383770833333e7,2.7417681510416742e7,-7.106156197916586e6
London,18,96,900000,3,reachable_union,88194adae1fffff,3.379181109374998e7,2.5881736031250075e7,-7.910075062499903e6
London,18,96,900000,3,reachable_union,88194adae3fffff,3.3699546312499985e7,2.657482005208344e7,-7.124726260416545e6
London,18,96,900000,3,reachable_union,88194adae5fffff,3.432293917708333e7,2.6441731000000007e7,-7.881208177083321e6
London,18,96,900000,3,reachable_union,88194adae7fffff,3.363583821874998e7,2.67090726979167e7,-6.926765520833276e6
London,18,96,900000,3,reachable_union,88194adae9fffff,3.4759367760416634e7,2.6961123343750067e7,-7.798244416666567e6
London,18,96,900000,3,reachable_union,88194adaebfffff,3.3884809656249985e7,2.623562484375002e7,-7.6491848124999665e6
London,18,96,900000,3,reachable_union,88194adaedfffff,3.464090534374999e7,2.7029983583333466e7,-7.610921760416526e6
London,18,96,900000,3,reachable_union,88194adb01fffff,3.4173668385416664e7,2.4686351593750082e7,-9.487316791666582e6
London,18,96,900000,3,reachable_union,88194adb03fffff,3.257904740624999e7,2.422818287500002e7,-8.35086453124997e6
London,18,96,900000,3,reachable_union,88194adb05fffff,3.347378653124998e7,2.464123896875002e7,-8.832547562499963e6
London,18,96,900000,3,reachable_union,88194adb07fffff,3.361364551041664e7,2.4490344322916683e7,-9.123301187499959e6
London,18,96,900000,3,reachable_union,88194adb09fffff,3.366546014583332e7,2.7943451114583462e7,-5.722009031249858e6
London,18,96,900000,3,reachable_union,88194adb0bfffff,3.269497544791666e7,2.427456311458336e7,-8.420412333333302e6
London,18,96,900000,3,reachable_union,88194adb0dfffff,3.4608969333333306e7,2.647941645833339e7,-8.129552874999914e6
London,18,96,900000,3,reachable_union,88194adb11fffff,3.1179835843749985e7,2.4545165364583366e7,-6.6346704791666195e6
London,18,96,900000,3,reachable_union,88194adb13fffff,3.2257369406249985e7,2.5130924562500052e7,-7.126444843749933e6
London,18,96,900000,3,reachable_union,88194adb15fffff,3.1956082270833325e7,2.4464836333333377e7,-7.491245937499948e6
London,18,96,900000,3,reachable_union,88194adb17fffff,3.082747751041665e7,2.4667545281250134e7,-6.159932229166515e6
London,18,96,900000,3,reachable_union,88194adb19fffff,3.382491723958331e7,2.5801830343750104e7,-8.023086895833209e6
London,18,96,900000,3,reachable_union,88194adb1bfffff,3.2201950291666653e7,2.5986717093750108e7,-6.215233197916545e6
London,18,96,900000,3,reachable_union,88194adb1dfffff,3.268732967708334e7,2.4757716270833388e7,-7.929613406249952e6
London,18,96,900000,3,reachable_union,88194adb29fffff,3.4176196729166664e7,2.476220938541668e7,-9.413987343749985e6
London,18,96,900000,3,reachable_union,88194adb2bfffff,3.2941005260416653e7,2.453108636458339e7,-8.409918895833261e6
London,18,96,900000,3,reachable_union,88194adb31fffff,3.1175377260416634e7,2.471522115625005e7,-6.460156104166586e6
London,18,96,900000,3,reachable_union,88194adb33fffff,2.8966902895833343e7,2.310064667708342e7,-5.866256218749922e6
London,18,96,900000,3,reachable_union,88194adb39fffff,3.227665066666666e7,2.455897501041671e7,-7.717675656249952e6
London,18,96,900000,3,reachable_union,88194adb3bfffff,3.171079238541664e7,2.459382098958338e7,-7.116971395833261e6
London,18,96,900000,3,reachable_union,88194adb3dfffff,3.1696886458333317e7,2.4520602604166746e7,-7.176283854166571e6
London,18,96,900000,3,reachable_union,88194adb41fffff,3.397434069791666e7,2.5455524656249996e7,-8.51881604166666e6
London,18,96,900000,3,reachable_union,88194adb43fffff,3.438541721874999e7,2.602943225000006e7,-8.355984968749933e6
London,18,96,900000,3,reachable_union,88194adb45fffff,3.4135334083333336e7,2.6212771927083395e7,-7.92256215624994e6
London,18,96,900000,3,reachable_union,88194adb47fffff,3.674816286458332e7,2.9408392187500156e7,-7.339770677083164e6
London,18,96,900000,3,reachable_union,88194adb49fffff,3.3884377124999985e7,2.503999166666675e7,-8.844385458333235e6
London,18,96,900000,3,reachable_union,88194adb4bfffff,3.4414126177083366e7,2.5277070489583414e7,-9.137055687499952e6
London,18,96,900000,3,reachable_union,88194adb4dfffff,3.407335555208334e7,2.4938718989583526e7,-9.134636562499817e6
London,18,96,900000,3,reachable_union,88194adb51fffff,3.372677446875001e7,2.5463127479166865e7,-8.263646989583142e6
London,18,96,900000,3,reachable_union,88194adb53fffff,3.452142243750004e7,2.6357576645833474e7,-8.163845791666564e6
London,18,96,900000,3,reachable_union,88194adb55fffff,3.459792231250006e7,2.582641935416677e7,-8.771502958333291e6
London,18,96,900000,3,reachable_union,88194adb57fffff,3.327457144791665e7,2.4910656916666795e7,-8.363914531249855e6
London,18,96,900000,3,reachable_union,88194adb59fffff,3.428180908333335e7,2.68796970937502e7,-7.40211198958315e6
London,18,96,900000,3,reachable_union,88194adb5bfffff,3.295731577083332e7,2.5649496916666795e7,-7.307818854166526e6
London,18,96,900000,3,reachable_union,88194adb5dfffff,3.431511622916668e7,2.5834444541666742e7,-8.480671687499937e6
London,18,96,900000,3,reachable_union,88194adb61fffff,3.359603291666668e7,2.4886363000000153e7,-8.709669916666526e6
London,18,96,900000,3,reachable_union,88194adb63fffff,3.423797790625004e7,2.4592780406250175e7,-9.645197499999862e6
London,18,96,900000,3,reachable_union,88194adb65fffff,3.1896986020833347e7,2.5129410625000153e7,-6.767575395833194e6
London,18,96,900000,3,reachable_union,88194adb67fffff,3.2722438322916675e7,2.4668442625000145e7,-8.05399569791653e6
London,18,96,900000,3,reachable_union,88194adb69fffff,3.326214300000001e7,2.5220439125000123e7,-8.041703874999888e6
London,18,96,900000,3,reachable_union,88194adb6bfffff,3.424698144791671e7,2.632364475000016e7,-7.923336697916549e6
London,18,96,900000,3,reachable_union,88194adb6dfffff,3.269194194791668e7,2.5365786947916787e7,-7.326154999999892e6
London,18,96,900000,3,reachable_union,88194e6805fffff,3.2672534458333354e7,2.435758433333347e7,-8.3149501249998845e6
London,18,96,900000,3,reachable_union,88194e6807fffff,3.35892173229167e7,2.427382833333347e7,-9.315388989583232e6
London,18,96,900000,3,reachable_union,88194e6821fffff,3.532879464583338e7,2.6136083041666854e7,-9.192711604166526e6
London,18,96,900000,3,reachable_union,88194e6823fffff,3.402778631250004e7,2.6869696427083533e7,-7.158089885416504e6
London,18,96,900000,3,reachable_union,88194e6825fffff,3.478122785416674e7,2.5551620072916843e7,-9.229607781249896e6
London,18,96,900000,3,reachable_union,88194e6827fffff,3.426506227083336e7,2.5956938375000156e7,-8.308123895833202e6
London,18,96,900000,3,reachable_union,88194e6829fffff,3.3032452229166683e7,2.4786465510416828e7,-8.245986718749855e6
London,18,96,900000,3,reachable_union,88194e682bfffff,3.2049603364583354e7,2.4984426572916817e7,-7.0651767916665375e6
London,18,96,900000,3,reachable_union,88194e682dfffff,3.359136517708335e7,2.5187536458333522e7,-8.403828718749829e6
London,18,96,900000,3,reachable_union,88194e6831fffff,3.446697871875009e7,2.5659393385416817e7,-8.807585333333272e6
London,18,96,900000,3,reachable_union,88194e6833fffff,3.3813553531250015e7,2.6066253510416884e7,-7.747300020833131e6
London,18,96,900000,3,reachable_union,88194e6835fffff,3.410068287500002e7,2.672195761458349e7,-7.378725260416534e6
London,18,96,900000,3,reachable_union,88194e6837fffff,3.51274638333334e7,2.7432385833333556e7,-7.695077999999847e6
London,18,96,900000,3,reachable_union,88194e6839fffff,3.428008325000004e7,2.4673835927083496e7,-9.606247322916541e6
London,18,96,900000,3,reachable_union,88194e683bfffff,3.0848415729166687e7,2.390221440625014e7,-6.946201322916545e6
London,18,96,900000,3,reachable_union,88194e683dfffff,3.447165835416674e7,2.5172553093750164e7,-9.299105260416575e6
London,18,96,900000,3,reachable_union,88194e6863fffff,3.1739506979166694e7,2.4890811395833496e7,-6.848695583333198e6
London,18,96,900000,3,reachable_union,88194e6867fffff,3.1618400437500007e7,2.425583444791676e7,-7.362565989583246e6
London,18,96,900000,3,reachable_union,88194e6885fffff,3.441949120833338e7,2.6764592447916754e7,-7.654898760416627e6
London,18,96,900000,3,reachable_union,88194e6887fffff,3.388827975000002e7,2.69468008958334e7,-6.941478854166623e6
London,18,96,900000,3,reachable_union,88194e68a1fffff,3.461789963541674e7,2.6179178656250093e7,-8.438720979166646e6
London,18,96,900000,3,reachable_union,88194e68a3fffff,3.423106648958337e7,2.9559784145833574e7,-4.671282343749799e6
London,18,96,900000,3,reachable_union,88194e68a5fffff,3.462170953125008e7,2.9181191843750276e7,-5.440517687499806e6
London,18,96,900000,3,reachable_union,88194e68a7fffff,3.511148257291675e7,3.0193036052083623e7,-4.918446520833131e6
London,18,96,900000,3,reachable_union,88194e68a9fffff,3.391346528125001e7,2.5719178406250138e7,-8.19428687499987e6
London,18,96,900000,3,reachable_union,88194e68abfffff,3.4090124416666694e7,2.7632471770833474e7,-6.45765264583322e6
London,18,96,900000,3,reachable_union,88194e68adfffff,3.434102984375003e7,2.7592964927083574e7,-6.748064916666456e6
London,18,96,900000,3,reachable_union,88194e68b1fffff,3.2966212052083325e7,2.733226887500017e7,-5.633943177083153e6
London,18,96,900000,3,reachable_union,88194e68b3fffff,3.347032634375001e7,2.9423986906250224e7,-4.0463394374997877e6
London,18,96,900000,3,reachable_union,88194e68b5fffff,3.420077571875005e7,2.9754668343750246e7,-4.446107374999806e6
London,18,96,900000,3,reachable_union,88194e68b7fffff,3.374766067708336e7,2.9401136489583574e7,-4.346524187499784e6
London,18,96,900000,3,reachable_union,88194e68b9fffff,3.2606101677083354e7,2.608894826041682e7,-6.517153416666534e6
London,18,96,900000,3,reachable_union,88194e68bbfffff,3.2692617270833354e7,2.701059151041676e7,-5.682025760416593e6
London,18,96,900000,3,reachable_union,88194e68bdfffff,3.2397620052083354e7,2.806776485416688e7,-4.329855197916474e6
London,18,96,900000,3,reachable_union,88194e68e1fffff,3.43332082604167e7,2.6682914239583556e7,-7.650294020833146e6
London,18,96,900000,3,reachable_union,88194e68e3fffff,3.379648130208335e7,2.60191821458334e7,-7.777299156249952e6
London,18,96,900000,3,reachable_union,88194e68e5fffff,3.3387833979166668e7,2.521757278125011e7,-8.170261197916556e6
London,18,96,900000,3,reachable_union,88194e68e7fffff,3.40206632291667e7,2.6217499822916787e7,-7.803163406249914e6
London,18,96,900000,3,reachable_union,88194e68edfffff,3.366784282291668e7,2.6332141166666813e7,-7.335701656249866e6
London,18,96,900000,3,reachable_union,88194e6901fffff,3.448569614583341e7,2.4847212802083485e7,-9.638483343749925e6
London,18,96,900000,3,reachable_union,88194e6903fffff,3.4177382885416694e7,2.4798391281250108e7,-9.378991604166586e6
London,18,96,900000,3,reachable_union,88194e6905fffff,3.480939273958341e7,2.5242819656250082e7,-9.566573083333328e6
London,18,96,900000,3,reachable_union,88194e6907fffff,3.5527966364583395e7,2.5129516333333433e7,-1.0398450031249963e7
London,18,96,900000,3,reachable_union,88194e6909fffff,3.292152376041671e7,2.4892832875000164e7,-8.028690885416545e6
London,18,96,900000,3,reachable_union,88194e690bfffff,3.150726215625003e7,2.3384431375000007e7,-8.122830781250022e6
London,18,96,900000,3,reachable_union,88194e690dfffff,3.303732861458337e7,2.5051711968750134e7,-7.985616645833235e6
London,18,96,900000,3,reachable_union,88194e6911fffff,3.502163503125005e7,2.5248074250000153e7,-9.7735607812499e6
London,18,96,900000,3,reachable_union,88194e6913fffff,3.6736639406250075e7,2.685160688541683e7,-9.885032520833243e6
London,18,96,900000,3,reachable_union,88194e6915fffff,3.5884124343750075e7,2.508232768750011e7,-1.0801796656249963e7
London,18,96,900000,3,reachable_union,88194e6917fffff,3.79709108645834e7,2.5511604364583366e7,-1.2459306500000037e7
London,18,96,900000,3,reachable_union,88194e6919fffff,3.48177405625001e7,2.56552905833334e7,-9.162449979166698e6
London,18,96,900000,3,reachable_union,88194e691bfffff,3.7259733989583395e7,2.7115224395833403e7,-1.0144509593749993e7
London,18,96,900000,3,reachable_union,88194e691dfffff,3.406950408333337e7,2.5213487989583403e7,-8.85601609374997e6
London,18,96,900000,3,reachable_union,88194e6921fffff,3.488339683333339e7,2.547609572916678e7,-9.407301104166608e6
London,18,96,900000,3,reachable_union,88194e6923fffff,3.611660089583342e7,2.706246072916678e7,-9.054140166666638e6
London,18,96,900000,3,reachable_union,88194e6925fffff,3.453095809375006e7,2.5462047843750138e7,-9.068910249999922e6
London,18,96,900000,3,reachable_union,88194e6927fffff,3.700649452083338e7,2.7632567218750175e7,-9.373927302083205e6
London,18,96,900000,3,reachable_union,88194e6929fffff,3.3355677104166675e7,2.503874738541678e7,-8.316929718749896e6
London,18,96,900000,3,reachable_union,88194e692bfffff,3.613858036458343e7,2.5299896833333403e7,-1.083868353125003e7
London,18,96,900000,3,reachable_union,88194e692dfffff,3.397537192708335e7,2.5503683375000063e7,-8.471688552083287e6
London,18,96,900000,3,reachable_union,88194e6931fffff,3.880904452083342e7,2.7310035708333466e7,-1.1499008812499952e7
London,18,96,900000,3,reachable_union,88194e6933fffff,3.634964129166674e7,2.715761851041677e7,-9.19202278124997e6
London,18,96,900000,3,reachable_union,88194e6935fffff,3.7354994791666746e7,2.6988443895833485e7,-1.0366550895833261e7
London,18,96,900000,3,reachable_union,88194e6937fffff,3.927659595833342e7,2.8563426583333515e7,-1.0713169374999903e7
London,18,96,900000,3,reachable_union,88194e6939fffff,3.5773269041666776e7,2.5144712593750115e7,-1.062855644791666e7
London,18,96,900000,3,reachable_union,88194e693bfffff,3.675400506250008e7,2.5185558927083425e7,-1.1568446135416657e7
London,18,96,900000,3,reachable_union,88194e693dfffff,3.840070784375004e7,2.6071496770833466e7,-1.2329211072916571e7
London,18,96,900000,3,reachable_union,88194e6951fffff,3.3372342468750007e7,2.5085344385416657e7,-8.286998083333351e6
London,18,96,900000,3,reachable_union,88194e6953fffff,3.3913020500000015e7,2.535683147916668e7,-8.556189020833336e6
London,18,96,900000,3,reachable_union,88194e6955fffff,3.2619781447916675e7,2.5014684645833373e7,-7.605096802083302e6
London,18,96,900000,3,reachable_union,88194e6957fffff,3.363418026041668e7,2.5077261458333347e7,-8.556918802083332e6
London,18,96,900000,3,reachable_union,88194e695bfffff,3.2444043020833347e7,2.504797706250004e7,-7.396065958333306e6
London,18,96,900000,3,reachable_union,88194e6963fffff,3.445840737500008e7,2.525911429166669e7,-9.199293083333392e6
London,18,96,900000,3,reachable_union,88194e6967fffff,3.360808164583335e7,2.5270480270833343e7,-8.337601375000007e6
London,18,96,900000,3,reachable_union,88194e6981fffff,3.490265713541675e7,2.7826763666666813e7,-7.07589346874994e6
London,18,96,900000,3,reachable_union,88194e6983fffff,3.58971107500001e7,3.232032066666695e7,-3.576790083333146e6
London,18,96,900000,3,reachable_union,88194e6985fffff,3.507202841666675e7,2.7223203104166765e7,-7.848825312499989e6
London,18,96,900000,3,reachable_union,88194e6987fffff,3.629105145833345e7,2.732091890625012e7,-8.970132552083328e6
London,18,96,900000,3,reachable_union,88194e6989fffff,3.479656897916678e7,2.7412064520833444e7,-7.38450445833334e6
London,18,96,900000,3,reachable_union,88194e698bfffff,3.570696938541677e7,3.1899106072917018e7,-3.8078633124997504e6
London,18,96,900000,3,reachable_union,88194e698dfffff,3.260433483333335e7,2.5230533208333388e7,-7.373801624999963e6
London,18,96,900000,3,reachable_union,88194e6991fffff,3.698731929166677e7,3.1709017822916932e7,-5.278301468749836e6
London,18,96,900000,3,reachable_union,88194e6993fffff,3.664200800000009e7,3.2834019354166944e7,-3.807988645833146e6
London,18,96,900000,3,reachable_union,88194e6995fffff,3.603244513541678e7,3.2769378260417026e7,-3.263066874999758e6
London,18,96,900000,3,reachable_union,88194e6997fffff,3.529996852083344e7,2.7994890937500134e7,-7.305077583333306e6
London,18,96,900000,3,reachable_union,88194e6999fffff,3.5544481750000104e7,3.0196235145833634e7,-5.3482466041664705e6
London,18,96,900000,3,reachable_union,88194e699bfffff,3.48633913437501e7,2.7532761416666783e7,-7.330629927083313e6
London,18,96,900000,3,reachable_union,88194e699dfffff,3.9056809458333425e7,3.675530135416705e7,-2.3015081041663736e6
London,18,96,900000,3,reachable_union,88194e69a1fffff,3.850724263541675e7,2.8466845229166854e7,-1.00403974062499e7
London,18,96,900000,3,reachable_union,88194e69a3fffff,3.737459887500007e7,3.396401028125025e7,-3.4105885937498137e6
London,18,96,900000,3,reachable_union,88194e69a5fffff,3.562636871875009e7,2.7400649927083366e7,-8.225718791666724e6
London,18,96,900000,3,reachable_union,88194e69a7fffff,3.8210681312500045e7,3.005514450000024e7,-8.155536812499806e6
London,18,96,900000,3,reachable_union,88194e69a9fffff,3.564888834375011e7,2.750109197916682e7,-8.147796364583291e6
London,18,96,900000,3,reachable_union,88194e69abfffff,3.64856353437501e7,2.8158591156250138e7,-8.327044187499959e6
London,18,96,900000,3,reachable_union,88194e69adfffff,3.66868113750001e7,2.8087684135416795e7,-8.599127239583302e6
London,18,96,900000,3,reachable_union,88194e69b1fffff,3.564991497916675e7,3.0447893666666936e7,-5.202021312499817e6
London,18,96,900000,3,reachable_union,88194e69b3fffff,3.857343165625006e7,3.419670356250029e7,-4.376728093749769e6
London,18,96,900000,3,reachable_union,88194e69b5fffff,3.609143847916678e7,3.247375568750026e7,-3.6176827916665226e6
London,18,96,900000,3,reachable_union,88194e69b7fffff,3.781890741666674e7,3.4210719135416955e7,-3.608188281249784e6
London,18,96,900000,3,reachable_union,88194e69b9fffff,3.504491712500006e7,2.746424966666678e7,-7.58066745833328e6
London,18,96,900000,3,reachable_union,88194e69bbfffff,3.663346603125009e7,2.7813129145833492e7,-8.820336885416597e6
London,18,96,900000,3,reachable_union,88194e69bdfffff,3.5402754197916746e7,2.9058480416666918e7,-6.344273781249829e6
London,18,96,900000,3,reachable_union,88194e69c1fffff,3.500929314583342e7,2.7251240281250127e7,-7.758052864583291e6
London,18,96,900000,3,reachable_union,88194e69c3fffff,3.526971941666677e7,2.7199849166666757e7,-8.069870250000011e6
London,18,96,900000,3,reachable_union,88194e69c5fffff,3.4802372625000104e7,2.72655946770834e7,-7.536777947916705e6
London,18,96,900000,3,reachable_union,88194e69c7fffff,3.4299947354166724e7,2.7170705229166728e7,-7.129242124999996e6
London,18,96,900000,3,reachable_union,88194e69c9fffff,3.434946985416673e7,2.699429769791672e7,-7.355172156250011e6
London,18,96,900000,3,reachable_union,88194e69cbfffff,3.43281062708334e7,2.705932834375005e7,-7.268777927083354e6
London,18,96,900000,3,reachable_union,88194e69cdfffff,3.52823728125001e7,2.722531212500005e7,-8.057060687500048e6
London,18,96,900000,3,reachable_union,88194e69d1fffff,3.486156426041677e7,2.7930140302083507e7,-6.931423958333261e6
London,18,96,900000,3,reachable_union,88194e69d3fffff,3.461821030208343e7,2.790233355208345e7,-6.715876749999981e6
London,18,96,900000,3,reachable_union,88194e69d5fffff,3.678006397916678e7,2.7561824822916772e7,-9.218239156250011e6
London,18,96,900000,3,reachable_union,88194e69d7fffff,3.552924091666673e7,3.0328294312500175e7,-5.200946604166556e6
London,18,96,900000,3,reachable_union,88194e69d9fffff,3.402683502083336e7,2.713194567708338e7,-6.894889343749978e6
London,18,96,900000,3,reachable_union,88194e69dbfffff,3.461429832291671e7,2.750179087500007e7,-7.112507447916638e6
London,18,96,900000,3,reachable_union,88194e69ddfffff,3.458822284375004e7,2.751487460416676e7,-7.073348239583276e6
London,18,96,900000,3,reachable_union,88194e69e1fffff,3.370834616666666e7,2.6105437572916746e7,-7.602908593749911e6
London,18,96,900000,3,reachable_union,88194e69e3fffff,3.425146085416669e7,2.690873648958332e7,-7.342724364583366e6
London,18,96,900000,3,reachable_union,88194e69e5fffff,3.398573874999998e7,2.6062349125000093e7,-7.9233896249998845e6
London,18,96,900000,3,reachable_union,88194e69e7fffff,3.5038625000000045e7,2.75503571666667e7,-7.488267833333343e6
London,18,96,900000,3,reachable_union,88194e69e9fffff,3.499881154166671e7,2.686551307291674e7,-8.13329846874997e6
London,18,96,900000,3,reachable_union,88194e69ebfffff,3.534223168750007e7,2.710860230208342e7,-8.233629385416646e6
London,18,96,900000,3,reachable_union,88194e69edfffff,3.37383798020833e7,2.524138119791671e7,-8.49699860416659e6
London,18,96,900000,3,reachable_union,88194e6d05fffff,3.2949077447916653e7,2.6504800927083332e7,-6.444276520833321e6
London,18,96,900000,3,reachable_union,88194e6d07fffff,3.2098065229166646e7,2.6376434281250026e7,-5.7216309479166195e6
London,18,96,900000,3,reachable_union,88194e6d21fffff,3.2356312260416664e7,2.7508870552083317e7,-4.847441708333347e6
London,18,96,900000,3,reachable_union,88194e6d23fffff,3.0746637031249996e7,2.5976048083333384e7,-4.770588947916612e6
London,18,96,900000,3,reachable_union,88194e6d25fffff,3.298888819791666e7,2.987267013541671e7,-3.1162180624999516e6
London,18,96,900000,3,reachable_union,88194e6d27fffff,3.145633797916667e7,2.73439091979167e7,-4.11242878124997e6
London,18,96,900000,3,reachable_union,88194e6d29fffff,3.3520649729166657e7,2.8060807031250045e7,-5.459842697916612e6
London,18,96,900000,3,reachable_union,88194e6d2bfffff,3.2399818895833313e7,2.634959815625003e7,-6.050220739583284e6
London,18,96,900000,3,reachable_union,88194e6d2dfffff,3.3265869989583325e7,2.9629463104166754e7,-3.636406885416571e6
London,18,96,900000,3,reachable_union,88194e6d31fffff,2.940612125e7,2.5765271437500067e7,-3.640849812499933e6
London,18,96,900000,3,reachable_union,88194e6d33fffff,2.904351555208332e7,2.5585402583333384e7,-3.4581129687499367e6
London,18,96,900000,3,reachable_union,88194e6d35fffff,3.0530789802083336e7,2.547430982291671e7,-5.056479979166627e6
London,18,96,900000,3,reachable_union,88194e6d37fffff,3.011973851041666e7,2.5616188697916683e7,-4.503549812499978e6
London,18,96,900000,3,reachable_union,88194e6d39fffff,2.9810956760416668e7,2.470312622916666e7,-5.107830531250007e6
London,18,96,900000,3,reachable_union,88194e6d3bfffff,2.975001386458332e7,2.5963976166666664e7,-3.7860376979166567e6
London,18,96,900000,3,reachable_union,88194e6d3dfffff,2.9260587489583332e7,2.3703887135416698e7,-5.556700354166634e6
London,18,96,900000,3,reachable_union,88194e6d61fffff,3.1630440604166657e7,2.7452122416666627e7,-4.17831818750003e6
London,18,96,900000,3,reachable_union,88194e6d63fffff,3.3953023614583336e7,2.8744940229166728e7,-5.208083385416608e6
London,18,96,900000,3,reachable_union,88194e6d65fffff,3.3449240166666657e7,2.9741274968750075e7,-3.707965197916582e6
London,18,96,900000,3,reachable_union,88194e6d67fffff,3.3046838666666653e7,2.9232797166666675e7,-3.8140414999999776e6
London,18,96,900000,3,reachable_union,88194e6d6dfffff,3.3168078781250004e7,2.892550325000006e7,-4.242575531249944e6
London,18,96,900000,3,reachable_union,88195da401fffff,3.414393933333334e7,2.706367164583337e7,-7.080267687499974e6
London,18,96,900000,3,reachable_union,88195da403fffff,3.832721351041674e7,2.713304296875006e7,-1.119417054166668e7
London,18,96,900000,3,reachable_union,88195da405fffff,3.3954023791666664e7,2.6926423875000082e7,-7.027599916666582e6
London,18,96,900000,3,reachable_union,88195da407fffff,3.481857353124999e7,2.7097147989583407e7,-7.721425541666586e6
London,18,96,900000,3,reachable_union,88195da409fffff,3.365584170833333e7,2.6885007125000045e7,-6.770834583333284e6
London,18,96,900000,3,reachable_union,88195da40bfffff,3.3525791718750007e7,2.652669388541667e7,-6.999097833333336e6
London,18,96,900000,3,reachable_union,88195da40dfffff,3.3887494812499985e7,2.705202230208338e7,-6.835472510416605e6
London,18,96,900000,3,reachable_union,88195da411fffff,3.472677530208332e7,2.7193390968750034e7,-7.533384333333287e6
London,18,96,900000,3,reachable_union,88195da413fffff,3.8685143250000075e7,3.0222234041666858e7,-8.462909208333217e6
London,18,96,900000,3,reachable_union,88195da415fffff,3.5199504885416694e7,2.6999187041666687e7,-8.200317843750007e6
London,18,96,900000,3,reachable_union,88195da417fffff,3.884072391666677e7,3.0192074302083492e7,-8.648649614583276e6
London,18,96,900000,3,reachable_union,88195da419fffff,3.518918397916671e7,2.7065311666666728e7,-8.123872312499981e6
London,18,96,900000,3,reachable_union,88195da41bfffff,3.455347610416666e7,2.803041545833339e7,-6.523060645833265e6
London,18,96,900000,3,reachable_union,88195da41dfffff,3.458255539583332e7,2.654105797916673e7,-8.04149741666659e6
London,18,96,900000,3,reachable_union,88195da421fffff,3.477952347916666e7,2.747129521875005e7,-7.308228260416608e6
London,18,96,900000,3,reachable_union,88195da423fffff,3.507322953125001e7,2.7524755489583407e7,-7.548474041666601e6
London,18,96,900000,3,reachable_union,88195da425fffff,3.538083613541665e7,2.7808899468750097e7,-7.571936666666552e6
London,18,96,900000,3,reachable_union,88195da427fffff,3.410036914583332e7,2.6819857520833366e7,-7.280511624999955e6
London,18,96,900000,3,reachable_union,88195da429fffff,3.452214720833331e7,2.6912979791666713e7,-7.609167416666601e6
London,18,96,900000,3,reachable_union,88195da42bfffff,3.6063803854166746e7,2.7274802177083388e7,-8.789001677083358e6
London,18,96,900000,3,reachable_union,88195da42dfffff,3.428007676041664e7,2.7571205791666735e7,-6.708870968749907e6
London,18,96,900000,3,reachable_union,88195da431fffff,3.529984965625002e7,2.713254426041676e7,-8.167305395833261e6
London,18,96,900000,3,reachable_union,88195da433fffff,3.631015726041676e7,2.808498978125011e7,-8.225167479166649e6
London,18,96,900000,3,reachable_union,88195da435fffff,3.617138442708341e7,2.685246902083337e7,-9.318915406250041e6
London,18,96,900000,3,reachable_union,88195da437fffff,3.666748035416676e7,2.7041100854166683e7,-9.626379500000078e6
London,18,96,900000,3,reachable_union,88195da439fffff,3.484090339583331e7,2.729354170833339e7,-7.547361687499922e6
London,18,96,900000,3,reachable_union,88195da43bfffff,3.5736519031250015e7,2.7383995989583384e7,-8.352523041666631e6
London,18,96,900000,3,reachable_union,88195da43dfffff,3.476252579166664e7,2.6987019875000056e7,-7.775505916666586e6
London,18,96,900000,3,reachable_union,88195da441fffff,3.391603857291666e7,2.6739414604166735e7,-7.176623968749922e6
London,18,96,900000,3,reachable_union,88195da443fffff,3.489209403124998e7,2.692039211458335e7,-7.971701916666627e6
London,18,96,900000,3,reachable_union,88195da445fffff,3.521259037500001e7,2.68950721979167e7,-8.317518177083306e6
London,18,96,900000,3,reachable_union,88195da447fffff,3.406778888541668e7,2.6823155197916716e7,-7.244633687499963e6
London,18,96,900000,3,reachable_union,88195da449fffff,3.314093831249998e7,2.666336189583332e7,-6.47757641666666e6
London,18,96,900000,3,reachable_union,88195da44bfffff,3.469928861458332e7,2.677949299999998e7,-7.91979561458334e6
London,18,96,900000,3,reachable_union,88195da44dfffff,3.42971570833333e7,2.6601345510416694e7,-7.695811572916605e6
London,18,96,900000,3,reachable_union,88195da451fffff,3.6851883937500045e7,2.713238337499998e7,-9.719500562500063e6
London,18,96,900000,3,reachable_union,88195da453fffff,3.728937559375005e7,2.8104959177083306e7,-9.184416416666746e6
London,18,96,900000,3,reachable_union,88195da455fffff,3.4348356885416634e7,2.683584002083334e7,-7.512516864583295e6
London,18,96,900000,3,reachable_union,88195da457fffff,3.3461908562499993e7,2.5148036322916657e7,-8.313872239583336e6
London,18,96,900000,3,reachable_union,88195da459fffff,3.585448101041664e7,2.7944668437499925e7,-7.909812572916716e6
London,18,96,900000,3,reachable_union,88195da45bfffff,3.851333152083337e7,2.8342074437499963e7,-1.017125708333341e7
London,18,96,900000,3,reachable_union,88195da45dfffff,3.707312563541672e7,2.7061690937499955e7,-1.0011434697916761e7
London,18,96,900000,3,reachable_union,88195da461fffff,3.2053345833333325e7,2.5637607864583325e7,-6.41573796875e6
London,18,96,900000,3,reachable_union,88195da463fffff,3.4038430374999955e7,2.6909579875e7,-7.128850499999955e6
London,18,96,900000,3,reachable_union,88195da465fffff,3.065698720833334e7,2.461957265625002e7,-6.037414552083321e6
London,18,96,900000,3,reachable_union,88195da467fffff,3.3810080458333306e7,2.695966347916661e7,-6.850416979166698e6
London,18,96,900000,3,reachable_union,88195da469fffff,3.3367191218749974e7,2.656484069791665e7,-6.802350520833325e6
London,18,96,900000,3,reachable_union,88195da46bfffff,3.4534778729166634e7,2.6927346114583306e7,-7.607432614583328e6
London,18,96,900000,3,reachable_union,88195da46dfffff,3.1294137218749985e7,2.5838733364583284e7,-5.455403854166701e6
London,18,96,900000,3,reachable_union,88195da481fffff,3.955249062500009e7,3.37553028958333e7,-5.797187729166791e6
London,18,96,900000,3,reachable_union,88195da483fffff,4.058267714583343e7,3.4033301760416545e7,-6.549375385416888e6
London,18,96,900000,3,reachable_union,88195da485fffff,3.937292075000011e7,3.2506979208333306e7,-6.865941541666806e6
London,18,96,900000,3,reachable_union,88195da487fffff,4.024683042708343e7,3.2868891770833313e7,-7.377938656250119e6
London,18,96,900000,3,reachable_union,88195da489fffff,3.8762305229166746e7,3.533681167708324e7,-3.425493552083507e6
London,18,96,900000,3,reachable_union,88195da48bfffff,4.022729926041676e7,3.6165003093749836e7,-4.062296166666925e6
London,18,96,900000,3,reachable_union,88195da48dfffff,3.972299100000008e7,3.2842528312499985e7,-6.880462687500097e6
London,18,96,900000,3,reachable_union,88195da491fffff,4.0395045947916776e7,3.363756306249997e7,-6.757482885416806e6
London,18,96,900000,3,reachable_union,88195da493fffff,4.020192867708344e7,3.333164384374997e7,-6.87028483333347e6
London,18,96,900000,3,reachable_union,88195da495fffff,4.055404723958347e7,3.373694246874996e7,-6.817104770833507e6
London,18,96,900000,3,reachable_union,88195da497fffff,4.027203693750011e7,3.266983959374991e7,-7.602197343750201e6
London,18,96,900000,3,reachable_union,88195da499fffff,4.0792557875000104e7,3.573994524999989e7,-5.052612625000216e6
London,18,96,900000,3,reachable_union,88195da49bfffff,4.043349902083344e7,3.2810114260416694e7,-7.623384760416746e6
London,18,96,900000,3,reachable_union,88195da49dfffff,4.089449144791676e7,3.586245949999984e7,-5.0320319479169175e6
London,18,96,900000,3,reachable_union,88195da4a1fffff,3.854598809375007e7,3.001412025e7,-8.531867843750067e6
London,18,96,900000,3,reachable_union,88195da4a3fffff,3.947144864583343e7,3.008113201041669e7,-9.390316635416742e6
London,18,96,900000,3,reachable_union,88195da4a5fffff,3.711138286458334e7,2.8195285208333235e7,-8.916097656250108e6
London,18,96,900000,3,reachable_union,88195da4a7fffff,3.872611382291676e7,2.8908969229166638e7,-9.817144593750123e6
London,18,96,900000,3,reachable_union,88195da4a9fffff,3.933964397916677e7,3.106761835416669e7,-8.272025625000078e6
London,18,96,900000,3,reachable_union,88195da4abfffff,3.949396834375008e7,3.1159359270833343e7,-8.334609072916739e6
London,18,96,900000,3,reachable_union,88195da4adfffff,3.8347541000000045e7,2.9307034489583302e7,-9.040506510416742e6
London,18,96,900000,3,reachable_union,88195da4b1fffff,4.005809811458344e7,3.144603444791662e7,-8.61206366666682e6
London,18,96,900000,3,reachable_union,88195da4b3fffff,3.801201840625007e7,2.9398458395833325e7,-8.613560010416742e6
London,18,96,900000,3,reachable_union,88195da4b5fffff,3.966527122916677e7,3.048997942708334e7,-9.175291802083429e6
London,18,96,900000,3,reachable_union,88195da4b7fffff,3.760141070833339e7,2.9142109718749948e7,-8.45930098958344e6
London,18,96,900000,3,reachable_union,88195da4b9fffff,4.01357514375001e7,3.269062529166666e7,-7.445126145833436e6
London,18,96,900000,3,reachable_union,88195da4bbfffff,3.790557017708338e7,3.056534764583329e7,-7.340222531250089e6
London,18,96,900000,3,reachable_union,88195da4bdfffff,4.045499427083344e7,3.2453073333333332e7,-8.001920937500108e6
London,18,96,900000,3,reachable_union,88195da4c1fffff,3.983698988541675e7,3.3839722947916664e7,-5.997266937500089e6
London,18,96,900000,3,reachable_union,88195da4c3fffff,4.018185573958343e7,3.767115613541655e7,-2.5106996041668802e6
London,18,96,900000,3,reachable_union,88195da4c5fffff,3.97710544062501e7,3.2870930843750056e7,-6.900123562500041e6
London,18,96,900000,3,reachable_union,88195da4c7fffff,3.892985712500011e7,3.323581011458334e7,-5.694047010416772e6
London,18,96,900000,3,reachable_union,88195da4c9fffff,3.993767020833345e7,3.463683769791667e7,-5.300832510416776e6
London,18,96,900000,3,reachable_union,88195da4cbfffff,4.004203759375009e7,3.564277966666667e7,-4.399257927083418e6
London,18,96,900000,3,reachable_union,88195da4cdfffff,3.8770842031250075e7,3.1085791614583425e7,-7.685050416666649e6
London,18,96,900000,3,reachable_union,88195da4d1fffff,4.2066203166666694e7,4.158593221875018e7,-480270.9479165152
London,18,96,900000,3,reachable_union,88195da4d3fffff,4.1103440302083395e7,3.77407209166666e7,-3.3627193854167983e6
London,18,96,900000,3,reachable_union,88195da4d5fffff,4.041909161458343e7,3.747142042708335e7,-2.947671187500082e6
London,18,96,900000,3,reachable_union,88195da4d7fffff,4.139212875000005e7,3.7633141124999925e7,-3.7589876250001267e6
London,18,96,900000,3,reachable_union,88195da4d9fffff,4.3450192791666724e7,4.2569308145833634e7,-880884.64583309
London,18,96,900000,3,reachable_union,88195da4dbfffff,4.17781709791667e7,4.049284525000013e7,-1.2853257291665748e6
London,18,96,900000,3,reachable_union,88195da4ddfffff,4.054844092708342e7,3.916467870833337e7,-1.3837622187500447e6
London,18,96,900000,3,reachable_union,88195da4e1fffff,3.919141218750009e7,3.0161792239583336e7,-9.029619947916754e6
London,18,96,900000,3,reachable_union,88195da4e3fffff,3.891593471875009e7,3.1289168312499985e7,-7.626766406250104e6
London,18,96,900000,3,reachable_union,88195da4e5fffff,3.891888660416675e7,2.8865746687500015e7,-1.0053139916666739e7
London,18,96,900000,3,reachable_union,88195da4e7fffff,3.8659477864583395e7,3.026762293749997e7,-8.391854927083425e6
London,18,96,900000,3,reachable_union,88195da4e9fffff,3.894843036458342e7,3.0347287302083336e7,-8.601143062500082e6
London,18,96,900000,3,reachable_union,88195da4ebfffff,3.940098739583331e7,3.1684864239583254e7,-7.71612315625006e6
London,18,96,900000,3,reachable_union,88195da4edfffff,3.829499107291662e7,2.9295060218749993e7,-8.999930854166627e6
London,18,96,900000,3,reachable_union,88195da503fffff,3.2648336125000007e7,2.5519229791666664e7,-7.129106333333343e6
London,18,96,900000,3,reachable_union,88195da50bfffff,3.3268382458333347e7,2.5278373385416646e7,-7.990009072916701e6
London,18,96,900000,3,reachable_union,88195da511fffff,3.2937975791666683e7,2.575734593749998e7,-7.180629854166701e6
London,18,96,900000,3,reachable_union,88195da513fffff,3.1731217145833354e7,2.4415807250000034e7,-7.315409895833321e6
London,18,96,900000,3,reachable_union,88195da515fffff,3.226455618750002e7,2.469212018749998e7,-7.572436000000037e6
London,18,96,900000,3,reachable_union,88195da517fffff,3.3007438312499993e7,2.667630730208324e7,-6.331131010416754e6
London,18,96,900000,3,reachable_union,88195da519fffff,3.379143233333331e7,2.73849625416666e7,-6.406469791666713e6
London,18,96,900000,3,reachable_union,88195da51bfffff,3.371947070833333e7,2.7250366791666638e7,-6.46910391666669e6
London,18,96,900000,3,reachable_union,88195da51dfffff,3.2895840864583366e7,2.529820748958338e7,-7.597633374999985e6
London,18,96,900000,3,reachable_union,88195da531fffff,3.3223108697916683e7,2.5674113729166668e7,-7.548994968750015e6
London,18,96,900000,3,reachable_union,88195da533fffff,3.389393414583337e7,2.69782513958333e7,-6.9156827500000745e6
London,18,96,900000,3,reachable_union,88195da537fffff,3.462402590625004e7,2.7150082520833276e7,-7.473943385416761e6
London,18,96,900000,3,reachable_union,88195da539fffff,3.391669171875002e7,2.70673420937499e7,-6.849349625000123e6
London,18,96,900000,3,reachable_union,88195da53bfffff,3.1451631145833343e7,2.44207409479167e7,-7.030890197916642e6
London,18,96,900000,3,reachable_union,88195da551fffff,3.431265077083333e7,2.697862989583326e7,-7.334020875000067e6
London,18,96,900000,3,reachable_union,88195da553fffff,3.24653844375e7,2.6057536156250045e7,-6.407848281249955e6
London,18,96,900000,3,reachable_union,88195da555fffff,3.3379769416666664e7,2.5152808312500022e7,-8.226961104166642e6
London,18,96,900000,3,reachable_union,88195da557fffff,3.3382687500000007e7,2.5493100656249993e7,-7.889586843750015e6
London,18,96,900000,3,reachable_union,88195da559fffff,3.2741407510416664e7,2.5447813697916683e7,-7.293593812499981e6
London,18,96,900000,3,reachable_union,88195da55bfffff,3.3413292979166657e7,2.6521885916666634e7,-6.891407062500022e6
London,18,96,900000,3,reachable_union,88195da55dfffff,3.3281259427083332e7,2.5408101510416713e7,-7.8731579166666195e6
London,18,96,900000,3,reachable_union,88195da581fffff,3.406441729166666e7,2.5296142135416567e7,-8.76827515625009e6
London,18,96,900000,3,reachable_union,88195da583fffff,3.5378614479166664e7,2.559625548958326e7,-9.782358989583403e6
London,18,96,900000,3,reachable_union,88195da585fffff,3.3297097364583343e7,2.54535516770833e7,-7.843545687500045e6
London,18,96,900000,3,reachable_union,88195da587fffff,3.505376383333333e7,2.5488829854166567e7,-9.564933979166761e6
London,18,96,900000,3,reachable_union,88195da589fffff,3.4992428625e7,2.548959711458321e7,-9.50283151041679e6
London,18,96,900000,3,reachable_union,88195da58bfffff,3.449695372916664e7,2.529737949999998e7,-9.19957422916666e6
London,18,96,900000,3,reachable_union,88195da58dfffff,3.3992629052083366e7,2.5334256708333254e7,-8.658372343750112e6
London,18,96,900000,3,reachable_union,88195da591fffff,3.537956035416669e7,2.6380537447916668e7,-8.999022906250019e6
London,18,96,900000,3,reachable_union,88195da593fffff,3.62873131875e7,2.696817854166657e7,-9.319134645833429e6
London,18,96,900000,3,reachable_union,88195da595fffff,3.409381815625006e7,2.4902867041666623e7,-9.190951114583436e6
London,18,96,900000,3,reachable_union,88195da597fffff,3.5449754208333366e7,2.6690044979166612e7,-8.759709229166754e6
London,18,96,900000,3,reachable_union,88195da599fffff,3.645860676041666e7,2.745085497916659e7,-9.007751781250067e6
London,18,96,900000,3,reachable_union,88195da59bfffff,3.655646242708331e7,2.707404746874988e7,-9.482414958333433e6
London,18,96,900000,3,reachable_union,88195da59dfffff,3.525347269791667e7,2.58214152395832e7,-9.43205745833347e6
London,18,96,900000,3,reachable_union,88195da5a1fffff,3.2921630177083332e7,2.5624216020833265e7,-7.297414156250067e6
London,18,96,900000,3,reachable_union,88195da5a3fffff,3.297575738541667e7,2.5106872218749933e7,-7.868885166666739e6
London,18,96,900000,3,reachable_union,88195da5a5fffff,3.3630564958333336e7,2.5927138354166556e7,-7.70342660416678e6
London,18,96,900000,3,reachable_union,88195da5a7fffff,3.29534862916667e7,2.524520574999998e7,-7.70828054166672e6
London,18,96,900000,3,reachable_union,88195da5a9fffff,3.376420877083335e7,2.6408180499999937e7,-7.356028270833414e6
London,18,96,900000,3,reachable_union,88195da5abfffff,3.2630987177083336e7,2.5456658281249966e7,-7.174328895833369e6
London,18,96,900000,3,reachable_union,88195da5adfffff,3.4000739500000045e7,2.5651236895833187e7,-8.349502604166858e6
London,18,96,900000,3,reachable_union,88195da5b1fffff,3.52980833854167e7,2.5457686927083254e7,-9.840396458333448e6
London,18,96,900000,3,reachable_union,88195da5b3fffff,3.434072931250005e7,2.641758893749998e7,-7.923140375000071e6
London,18,96,900000,3,reachable_union,88195da5b5fffff,3.431991931250005e7,2.5403510416666675e7,-8.916408895833377e6
London,18,96,900000,3,reachable_union,88195da5b7fffff,3.480620064583338e7,2.609516623958319e7,-8.71103440625019e6
London,18,96,900000,3,reachable_union,88195da5b9fffff,3.4462614135416664e7,2.5113646531249978e7,-9.348967604166687e6
London,18,96,900000,3,reachable_union,88195da5bbfffff,3.561198639583335e7,2.5754048885416653e7,-9.857937510416698e6
London,18,96,900000,3,reachable_union,88195da5bdfffff,3.439648210416672e7,2.5242185635416616e7,-9.1542964687501e6
London,18,96,900000,3,reachable_union,88195da5c1fffff,3.442168775e7,2.5428426343749903e7,-8.993261406250097e6
London,18,96,900000,3,reachable_union,88195da5c3fffff,3.628381947916666e7,2.5268324718749948e7,-1.1015494760416709e7
London,18,96,900000,3,reachable_union,88195da5c5fffff,3.466598139583333e7,2.541908335416658e7,-9.24689804166675e6
London,18,96,900000,3,reachable_union,88195da5c7fffff,3.5305072385416664e7,2.5383679281249914e7,-9.92139310416675e6
London,18,96,900000,3,reachable_union,88195da5c9fffff,3.610338607291663e7,2.642617123958323e7,-9.677214833333395e6
London,18,96,900000,3,reachable_union,88195da5cbfffff,3.594491246874996e7,2.6448769531249933e7,-9.49614293750003e6
London,18,96,900000,3,reachable_union,88195da5cdfffff,3.401206673958334e7,2.6053822291666556e7,-7.958244447916787e6
London,18,96,900000,3,reachable_union,88195da5d1fffff,3.611501958333328e7,2.6203209572916497e7,-9.911810010416787e6
London,18,96,900000,3,reachable_union,88195da5d3fffff,3.617854891666664e7,2.796412237499988e7,-8.214426541666761e6
London,18,96,900000,3,reachable_union,88195da5d5fffff,3.5278232020833306e7,2.526528597916659e7,-1.0012946041666716e7
London,18,96,900000,3,reachable_union,88195da5d7fffff,3.618842381249999e7,2.6252400072916538e7,-9.936023739583455e6
London,18,96,900000,3,reachable_union,88195da5d9fffff,3.834514244791662e7,2.7773119427083243e7,-1.0572023020833377e7
London,18,96,900000,3,reachable_union,88195da5dbfffff,3.7479374218749955e7,2.8807958541666597e7,-8.671415677083358e6
London,18,96,900000,3,reachable_union,88195da5ddfffff,3.746215320833337e7,2.618377208333325e7,-1.1278381125000123e7
London,18,96,900000,3,reachable_union,88195da5e1fffff,3.501460252083334e7,2.6785548229166657e7,-8.229054291666687e6
London,18,96,900000,3,reachable_union,88195da5e3fffff,3.3358120062499993e7,2.5382259864583194e7,-7.975860197916798e6
London,18,96,900000,3,reachable_union,88195da5e5fffff,3.590488828125002e7,2.827573506250004e7,-7.629153218749981e6
London,18,96,900000,3,reachable_union,88195da5e7fffff,3.271461288541664e7,2.565076733333335e7,-7.063845552083291e6
London,18,96,900000,3,reachable_union,88195da5e9fffff,3.3912571343750015e7,2.652315807291667e7,-7.389413270833343e6
London,18,96,900000,3,reachable_union,88195da5ebfffff,3.418409598958333e7,2.5658541208333272e7,-8.525554781250056e6
London,18,96,900000,3,reachable_union,88195da5edfffff,3.444829630208333e7,2.6840450374999966e7,-7.607845927083362e6
London,18,96,900000,3,reachable_union,88195da601fffff,3.407143512499997e7,2.511277138541665e7,-8.95866373958332e6
London,18,96,900000,3,reachable_union,88195da603fffff,3.522765363541668e7,2.521978197916662e7,-1.000787165625006e7
London,18,96,900000,3,reachable_union,88195da605fffff,3.396746823958331e7,2.4869318947916616e7,-9.098149291666698e6
London,18,96,900000,3,reachable_union,88195da607fffff,3.513042995833333e7,2.522239311458332e7,-9.908036843750007e6
London,18,96,900000,3,reachable_union,88195da609fffff,3.311858728124996e7,2.4985929812500004e7,-8.132657468749955e6
London,18,96,900000,3,reachable_union,88195da60bfffff,3.336204872916663e7,2.4999920239583306e7,-8.362128489583325e6
London,18,96,900000,3,reachable_union,88195da60dfffff,3.2925315833333325e7,2.475751232291672e7,-8.167803510416605e6
London,18,96,900000,3,reachable_union,88195da611fffff,3.6347552427083366e7,2.640201169791663e7,-9.945540729166735e6
London,18,96,900000,3,reachable_union,88195da613fffff,3.795235371875001e7,2.8049103354166612e7,-9.903250364583395e6
London,18,96,900000,3,reachable_union,88195da615fffff,3.659139092708338e7,2.555549180208328e7,-1.10358991250001e7
London,18,96,900000,3,reachable_union,88195da617fffff,3.804097397916669e7,2.854406377083334e7,-9.496910208333347e6
London,18,96,900000,3,reachable_union,88195da619fffff,3.485592991666669e7,2.531923855208329e7,-9.536691364583395e6
London,18,96,900000,3,reachable_union,88195da61bfffff,3.566986856250001e7,2.709486110416667e7,-8.575007458333336e6
London,18,96,900000,3,reachable_union,88195da61dfffff,3.492448567708333e7,2.5204357927083284e7,-9.720127750000045e6
London,18,96,900000,3,reachable_union,88195da621fffff,3.3025202208333313e7,2.5335993093749985e7,-7.689209114583328e6
London,18,96,900000,3,reachable_union,88195da623fffff,3.36995708333333e7,2.5216786562499996e7,-8.482784270833302e6
London,18,96,900000,3,reachable_union,88195da625fffff,3.4160763354166634e7,2.661581033333335e7,-7.544953020833284e6
London,18,96,900000,3,reachable_union,88195da627fffff,3.368715484374996e7,2.647380001041667e7,-7.213354833333291e6
London,18,96,900000,3,reachable_union,88195da629fffff,3.332053837499998e7,2.507497958333334e7,-8.245558791666642e6
London,18,96,900000,3,reachable_union,88195da62bfffff,3.3303030916666646e7,2.5193525468749944e7,-8.109505447916701e6
London,18,96,900000,3,reachable_union,88195da62dfffff,3.370170629166663e7,2.534330462500003e7,-8.358401666666597e6
London,18,96,900000,3,reachable_union,88195da631fffff,3.434533255208329e7,2.5552994031249966e7,-8.792338520833325e6
London,18,96,900000,3,reachable_union,88195da633fffff,3.5620364187500015e7,2.8226760197916724e7,-7.393603989583291e6
London,18,96,900000,3,reachable_union,88195da635fffff,3.297209054166666e7,2.627326577083331e7,-6.698824770833351e6
London,18,96,900000,3,reachable_union,88195da637fffff,3.393820078124998e7,2.5797598708333347e7,-8.140602072916631e6
London,18,96,900000,3,reachable_union,88195da639fffff,3.4089103364583306e7,2.518366827083329e7,-8.905435093750015e6
London,18,96,900000,3,reachable_union,88195da63bfffff,3.511341093750001e7,2.6005690624999925e7,-9.107720312500082e6
London,18,96,900000,3,reachable_union,88195da63dfffff,3.418526299999996e7,2.5320556989583336e7,-8.864706010416627e6
London,18,96,900000,3,reachable_union,88195da651fffff,3.323450504166663e7,2.525686727083329e7,-7.97763777083334e6
London,18,96,900000,3,reachable_union,88195da653fffff,3.383750716666664e7,2.5316002645833254e7,-8.521504520833388e6
London,18,96,900000,3,reachable_union,88195da655fffff,3.2849325812499966e7,2.4646998541666657e7,-8.20232727083331e6
London,18,96,900000,3,reachable_union,88195da657fffff,3.409745567708331e7,2.536688899999999e7,-8.730566677083325e6
London,18,96,900000,3,reachable_union,88195da65bfffff,3.3197321218749996e7,2.5062853187499966e7,-8.13446803125003e6
London,18,96,900000,3,reachable_union,88195da663fffff,3.149042783333333e7,2.4883243906249996e7,-6.607183927083332e6
London,18,96,900000,3,reachable_union,88195da667fffff,3.1760382229166653e7,2.473599654166666e7,-7.024385687499993e6
London,18,96,900000,3,reachable_union,88195da681fffff,3.991426383333344e7,3.775265973958356e7,-2.161604093749881e6
London,18,96,900000,3,reachable_union,88195da683fffff,3.969838957291677e7,3.18172588020834e7,-7.881130770833369e6
London,18,96,900000,3,reachable_union,88195da685fffff,3.9485456875000075e7,3.033079354166676e7,-9.154663333333313e6
London,18,96,900000,3,reachable_union,88195da687fffff,3.963870404166677e7,3.081999845833342e7,-8.818705583333347e6
London,18,96,900000,3,reachable_union,88195da689fffff,3.942040789583338e7,2.940612189583338e7,-1.0014286e7
London,18,96,900000,3,reachable_union,88195da68bfffff,3.938070315625006e7,3.0492427072916728e7,-8.888276083333332e6
London,18,96,900000,3,reachable_union,88195da68dfffff,3.789417936458336e7,2.88699728854167e7,-9.024206479166657e6
London,18,96,900000,3,reachable_union,88195da691fffff,3.961484891666677e7,2.869921982291667e7,-1.0915629093750097e7
London,18,96,900000,3,reachable_union,88195da693fffff,3.860341713541666e7,3.033512327083333e7,-8.268293864583328e6
London,18,96,900000,3,reachable_union,88195da695fffff,3.9403133364583395e7,3.118459979166675e7,-8.218533572916646e6
London,18,96,900000,3,reachable_union,88195da697fffff,3.987769328125008e7,3.2842426729166754e7,-7.035266552083328e6
London,18,96,900000,3,reachable_union,88195da699fffff,3.8764392937500015e7,2.8643411625e7,-1.0120981312500015e7
London,18,96,900000,3,reachable_union,88195da69bfffff,3.901016379166667e7,2.9389719989583347e7,-9.620443802083325e6
London,18,96,900000,3,reachable_union,88195da69dfffff,3.899896368750003e7,2.9173195229166713e7,-9.825768458333317e6
London,18,96,900000,3,reachable_union,88195da6a1fffff,3.914176650000005e7,2.9069254854166754e7,-1.0072511645833299e7
London,18,96,900000,3,reachable_union,88195da6a3fffff,3.9188277604166724e7,3.148690532291676e7,-7.701372281249963e6
London,18,96,900000,3,reachable_union,88195da6a5fffff,3.802985315625003e7,2.86054014583334e7,-9.42445169791663e6
London,18,96,900000,3,reachable_union,88195da6a7fffff,3.915314736458338e7,3.1537962958333366e7,-7.615184406250015e6
London,18,96,900000,3,reachable_union,88195da6a9fffff,3.884187850000003e7,2.906966416666671e7,-9.77221433333332e6
London,18,96,900000,3,reachable_union,88195da6abfffff,3.902236115625e7,2.9151783927083366e7,-9.870577229166634e6
London,18,96,900000,3,reachable_union,88195da6adfffff,3.8586370416666694e7,2.856773696875013e7,-1.0018633447916564e7
London,18,96,900000,3,reachable_union,88195da6b1fffff,4.064503810416672e7,3.936280327083348e7,-1.282234833333239e6
London,18,96,900000,3,reachable_union,88195da6b3fffff,4.07212508229167e7,3.948316748958351e7,-1.2380833333331943e6
London,18,96,900000,3,reachable_union,88195da6b5fffff,3.978006363541673e7,3.460478709375002e7,-5.175276541666709e6
London,18,96,900000,3,reachable_union,88195da6b7fffff,3.968546581250005e7,3.825259529166688e7,-1.432870520833172e6
London,18,96,900000,3,reachable_union,88195da6b9fffff,4.009924103125004e7,3.57990622083333e7,-4.300178822916739e6
London,18,96,900000,3,reachable_union,88195da6bbfffff,4.065000857291671e7,3.946852360416685e7,-1.1814849687498584e6
London,18,96,900000,3,reachable_union,88195da6bdfffff,3.9726956770833395e7,3.136895820833346e7,-8.357998562499937e6
London,18,96,900000,3,reachable_union,88195da6c1fffff,3.806836451041671e7,2.8410539354166716e7,-9.657825156249993e6
London,18,96,900000,3,reachable_union,88195da6c3fffff,3.819032816666672e7,2.882497733333335e7,-9.365350833333366e6
London,18,96,900000,3,reachable_union,88195da6c5fffff,3.803389860416671e7,2.823373008333341e7,-9.800168520833299e6
London,18,96,900000,3,reachable_union,88195da6c7fffff,3.886645843750007e7,2.902451539583334e7,-9.841943041666728e6
London,18,96,900000,3,reachable_union,88195da6c9fffff,3.5447797250000075e7,2.809693417708338e7,-7.350863072916694e6
London,18,96,900000,3,reachable_union,88195da6cbfffff,3.7962070229166694e7,2.8230537906250022e7,-9.731532322916672e6
London,18,96,900000,3,reachable_union,88195da6cdfffff,3.8626338427083366e7,2.8284577156249963e7,-1.0341761270833403e7
London,18,96,900000,3,reachable_union,88195da6d1fffff,3.7621517479166724e7,2.860228490625003e7,-9.019232572916694e6
London,18,96,900000,3,reachable_union,88195da6d3fffff,3.7444461593750104e7,2.8527284177083362e7,-8.917177416666742e6
London,18,96,900000,3,reachable_union,88195da6d5fffff,3.8733606041666724e7,2.9256231500000026e7,-9.477374541666698e6
London,18,96,900000,3,reachable_union,88195da6d7fffff,3.777978431250009e7,2.9032791010416713e7,-8.746993302083377e6
London,18,96,900000,3,reachable_union,88195da6d9fffff,3.8555496500000045e7,2.8557729656250026e7,-9.997766843750019e6
London,18,96,900000,3,reachable_union,88195da6dbfffff,3.6261506291666746e7,2.8574764916666687e7,-7.68674137500006e6
London,18,96,900000,3,reachable_union,88195da6ddfffff,3.85820698541667e7,2.873371106250002e7,-9.848358791666683e6
London,18,96,900000,3,reachable_union,88195da6e1fffff,3.689090555208338e7,2.839503482291671e7,-8.495870729166672e6
London,18,96,900000,3,reachable_union,88195da6e3fffff,3.865276196875003e7,2.903811180208335e7,-9.61465016666668e6
London,18,96,900000,3,reachable_union,88195da6e5fffff,3.648660185416671e7,2.8850865406250045e7,-7.635736447916664e6
London,18,96,900000,3,reachable_union,88195da6e7fffff,3.64242813645834e7,2.8196130395833395e7,-8.228150968750007e6
London,18,96,900000,3,reachable_union,88195da6e9fffff,3.60479972708334e7,2.815206022916669e7,-7.895937041666713e6
London,18,96,900000,3,reachable_union,88195da6ebfffff,3.7466922166666724e7,2.897325985416668e7,-8.493662312500045e6
London,18,96,900000,3,reachable_union,88195da6edfffff,3.5162054010416746e7,2.7866961510416683e7,-7.295092500000063e6
London,18,96,900000,3,reachable_union,88195da703fffff,2.9510315354166675e7,2.319426204166673e7,-6.316053312499944e6
London,18,96,900000,3,reachable_union,88195da70bfffff,2.9513936500000022e7,2.3331261135416698e7,-6.182675364583325e6
London,18,96,900000,3,reachable_union,88195da711fffff,3.1950267812500052e7,2.5057755614583366e7,-6.892512197916687e6
London,18,96,900000,3,reachable_union,88195da713fffff,3.3023693104166713e7,2.584790813541677e7,-7.175784968749944e6
London,18,96,900000,3,reachable_union,88195da715fffff,2.9452127687500007e7,2.3898741739583384e7,-5.553385947916623e6
London,18,96,900000,3,reachable_union,88195da717fffff,3.2289682989583388e7,2.6182644947916728e7,-6.10703804166666e6
London,18,96,900000,3,reachable_union,88195da719fffff,3.2736349781250075e7,2.5112685791666705e7,-7.623663989583369e6
London,18,96,900000,3,reachable_union,88195da71bfffff,3.3240682770833395e7,2.5976197958333403e7,-7.264484812499993e6
London,18,96,900000,3,reachable_union,88195da71dfffff,2.9320395854166675e7,2.310419082291671e7,-6.2162050312499665e6
London,18,96,900000,3,reachable_union,88195da731fffff,3.1117695854166694e7,2.460045087500009e7,-6.517244979166605e6
London,18,96,900000,3,reachable_union,88195da733fffff,3.1885098760416687e7,2.573465152083344e7,-6.150447239583246e6
London,18,96,900000,3,reachable_union,88195da737fffff,3.331959448958337e7,2.606263775000007e7,-7.256956739583299e6
London,18,96,900000,3,reachable_union,88195da739fffff,2.9422993812500007e7,2.368501882291674e7,-5.737974989583269e6
London,18,96,900000,3,reachable_union,88195da73bfffff,3.132195700000007e7,2.5830783979166705e7,-5.491173020833366e6
London,18,96,900000,3,reachable_union,88195da751fffff,2.9579665208333347e7,2.3041067979166694e7,-6.538597229166653e6
London,18,96,900000,3,reachable_union,88195da753fffff,3.2614938083333418e7,2.5166632999999985e7,-7.448305083333433e6
London,18,96,900000,3,reachable_union,88195da755fffff,2.897804246874999e7,2.2500720927083425e7,-6.477321541666564e6
London,18,96,900000,3,reachable_union,88195da757fffff,3.0197537197916705e7,2.3893267239583377e7,-6.304269958333328e6
London,18,96,900000,3,reachable_union,88195da75bfffff,3.2510351187500082e7,2.4887782947916694e7,-7.622568239583388e6
London,18,96,900000,3,reachable_union,88195dae83fffff,3.0065345479166683e7,2.3521852145833347e7,-6.543493333333336e6
London,18,96,900000,3,reachable_union,88195dae8bfffff,3.249966087500003e7,2.533761141666666e7,-7.162049458333369e6
London,18,96,900000,3,reachable_union,88195dae91fffff,3.116862496875002e7,2.4630266750000026e7,-6.538358218749993e6
London,18,96,900000,3,reachable_union,88195dae93fffff,3.3509117802083418e7,2.4658787979166668e7,-8.85032982291675e6
London,18,96,900000,3,reachable_union,88195dae95fffff,3.1351554083333354e7,2.4558262624999996e7,-6.793291458333358e6
London,18,96,900000,3,reachable_union,88195dae97fffff,3.3391996781250045e7,2.4676703468749985e7,-8.71529331250006e6
London,18,96,900000,3,reachable_union,88195dae99fffff,3.209108762500005e7,2.427825878125e7,-7.812828843750048e6
London,18,96,900000,3,reachable_union,88195dae9bfffff,3.3406256416666724e7,2.5354563614583343e7,-8.0516928020833805e6
London,18,96,900000,3,reachable_union,88195dae9dfffff,3.244904077083336e7,2.493961541666667e7,-7.509425354166687e6
London,18,96,900000,3,reachable_union,88195daeb1fffff,3.063131192708335e7,2.5091047895833313e7,-5.540264031250037e6
London,18,96,900000,3,reachable_union,88195daeb3fffff,3.2036167895833388e7,2.5895249937500082e7,-6.140917958333306e6
London,18,96,900000,3,reachable_union,88195daeb9fffff,3.0887696270833373e7,2.3845627958333332e7,-7.042068312500041e6
London,18,96,900000,3,reachable_union,88195daebbfffff,3.1852939718750037e7,2.5039387291666675e7,-6.813552427083362e6
London,18,96,900000,3,reachable_union,88195daed1fffff,3.226703152083336e7,2.5796682968750056e7,-6.470348552083302e6
London,18,96,900000,3,reachable_union,88195daed3fffff,3.4632398781250075e7,2.6325555312499963e7,-8.306843468750112e6
London,18,96,900000,3,reachable_union,88195daed5fffff,3.2864562687500037e7,2.5274184500000045e7,-7.590378187499993e6
London,18,96,900000,3,reachable_union,88195daed7fffff,3.3781104333333425e7,2.54361258333334e7,-8.344978500000026e6
London,18,96,900000,3,reachable_union,88195daed9fffff,3.415746306250007e7,2.6319220145833384e7,-7.838242916666683e6
London,18,96,900000,3,reachable_union,88195daedbfffff,3.5362690083333515e7,2.801794797916671e7,-7.344742104166806e6
London,18,96,900000,3,reachable_union,88195daeddfffff,3.382416817708342e7,2.5501847197916783e7,-8.322320979166634e6
London,18,96,60000,3,mean_intersection,88194ac201fffff,3.1788671e7,2.345052e7,-8.338151e6
London,18,96,60000,3,mean_intersection,88194ac205fffff,3.328461e7,2.6050017e7,-7.234593e6
London,18,96,60000,3,mean_intersection,88194ac209fffff,3.2684961e7,2.4773098e7,-7.911863e6
London,18,96,60000,3,mean_intersection,88194ac20bfffff,3.1068288e7,2.2593036e7,-8.475252e6
London,18,96,60000,3,mean_intersection,88194ac20dfffff,3.3606098e7,2.7630281e7,-5.975817e6
London,18,96,60000,3,mean_intersection,88194ac229fffff,3.3020007e7,2.5346565e7,-7.673442e6
London,18,96,60000,3,mean_intersection,88194ac22dfffff,3.259677e7,2.4393186e7,-8.203584e6
London,18,96,60000,3,mean_intersection,88194ac241fffff,3.2175762e7,2.3536419e7,-8.639343e6
London,18,96,60000,3,mean_intersection,88194ac243fffff,3.2389264e7,2.3662964e7,-8.7263e6
London,18,96,60000,3,mean_intersection,88194ac245fffff,3.2242443e7,2.4173912e7,-8.068531e6
London,18,96,60000,3,mean_intersection,88194ac247fffff,3.2699533e7,2.4259055e7,-8.440478e6
London,18,96,60000,3,mean_intersection,88194ac249fffff,3.1505146e7,2.3138437e7,-8.366709e6
London,18,96,60000,3,mean_intersection,88194ac24bfffff,3.0201057e7,2.1829482e7,-8.371575e6
London,18,96,60000,3,mean_intersection,88194ac24dfffff,3.2007563e7,2.4945707e7,-7.061856e6
London,18,96,60000,3,mean_intersection,88194ac251fffff,2.8805076e7,2.0594256e7,-8.21082e6
London,18,96,60000,3,mean_intersection,88194ac255fffff,3.160219e7,2.3193189e7,-8.409001e6
London,18,96,60000,3,mean_intersection,88194ac257fffff,3.1104686e7,2.2816042e7,-8.288644e6
London,18,96,60000,3,mean_intersection,88194ac259fffff,2.9129469e7,2.268098e7,-6.448489e6
London,18,96,60000,3,mean_intersection,88194ac25dfffff,3.1135668e7,2.298583e7,-8.149838e6
London,18,96,60000,3,mean_intersection,88194ac261fffff,3.3020325e7,2.6199628e7,-6.820697e6
London,18,96,60000,3,mean_intersection,88194ac263fffff,3.439369e7,2.8455138e7,-5.938552e6
London,18,96,60000,3,mean_intersection,88194ac265fffff,3.2590706e7,2.5760027e7,-6.830679e6
London,18,96,60000,3,mean_intersection,88194ac267fffff,3.3557149e7,2.5987913e7,-7.569236e6
London,18,96,60000,3,mean_intersection,88194ac269fffff,3.2183954e7,2.5160736e7,-7.023218e6
London,18,96,60000,3,mean_intersection,88194ac26bfffff,3.2272697e7,2.5449057e7,-6.82364e6
London,18,96,60000,3,mean_intersection,88194ac26dfffff,3.239137e7,2.5361159e7,-7.030211e6
London,18,96,60000,3,mean_intersection,88194ac301fffff,2.935781e7,2.4724485e7,-4.633325e6
London,18,96,60000,3,mean_intersection,88194ac305fffff,2.9702398e7,2.4752927e7,-4.949471e6
London,18,96,60000,3,mean_intersection,88194ac309fffff,2.8978717e7,2.3844745e7,-5.133972e6
London,18,96,60000,3,mean_intersection,88194ac30bfffff,2.8088584e7,2.291968e7,-5.168904e6
London,18,96,60000,3,mean_intersection,88194ac30dfffff,2.9258901e7,2.436495e7,-4.893951e6
London,18,96,60000,3,mean_intersection,88194ac329fffff,3.0087073e7,2.4839085e7,-5.247988e6
London,18,96,60000,3,mean_intersection,88194ac32dfffff,3.0454855e7,2.4752763e7,-5.702092e6
London,18,96,60000,3,mean_intersection,88194ac341fffff,3.0463487e7,2.4718126e7,-5.745361e6
London,18,96,60000,3,mean_intersection,88194ac343fffff,3.0832999e7,2.4658931e7,-6.174068e6
London,18,96,60000,3,mean_intersection,88194ac345fffff,3.0918824e7,2.5032596e7,-5.886228e6
London,18,96,60000,3,mean_intersection,88194ac347fffff,3.02181e7,2.4571098e7,-5.647002e6
London,18,96,60000,3,mean_intersection,88194ac349fffff,3.057733e7,2.5292185e7,-5.285145e6
London,18,96,60000,3,mean_intersection,88194ac34bfffff,2.9974531e7,2.5531359e7,-4.443172e6
London,18,96,60000,3,mean_intersection,88194ac34dfffff,3.1548317e7,2.62685e7,-5.279817e6
London,18,96,60000,3,mean_intersection,88194ac351fffff,3.132456e7,2.4182659e7,-7.141901e6
London,18,96,60000,3,mean_intersection,88194ac353fffff,3.1629315e7,2.4222743e7,-7.406572e6
London,18,96,60000,3,mean_intersection,88194ac355fffff,2.9521844e7,2.3325274e7,-6.19657e6
London,18,96,60000,3,mean_intersection,88194ac357fffff,2.9858873e7,2.4558807e7,-5.300066e6
London,18,96,60000,3,mean_intersection,88194ac359fffff,3.0321377e7,2.3609819e7,-6.711558e6
London,18,96,60000,3,mean_intersection,88194ac35bfffff,3.2058074e7,2.476083e7,-7.297244e6
London,18,96,60000,3,mean_intersection,88194ac35dfffff,3.1109348e7,2.4893317e7,-6.216031e6
London,18,96,60000,3,mean_intersection,88194ac361fffff,3.1909152e7,2.6138538e7,-5.770614e6
London,18,96,60000,3,mean_intersection,88194ac363fffff,3.0538751e7,2.4367902e7,-6.170849e6
London,18,96,60000,3,mean_intersection,88194ac365fffff,3.2270733e7,2.6529234e7,-5.741499e6
London,18,96,60000,3,mean_intersection,88194ac367fffff,3.1129752e7,2.4814847e7,-6.314905e6
London,18,96,60000,3,mean_intersection,88194ac369fffff,3.1775719e7,2.6472519e7,-5.3032e6
London,18,96,60000,3,mean_intersection,88194ac36bfffff,3.1150124e7,2.4119174e7,-7.03095e6
London,18,96,60000,3,mean_intersection,88194ac36dfffff,3.231572e7,2.6349352e7,-5.966368e6
London,18,96,60000,3,mean_intersection,88194ad001fffff,3.4750691e7,2.6028814e7,-8.721877e6
London,18,96,60000,3,mean_intersection,88194ad003fffff,3.5007089e7,2.5707273e7,-9.299816e6
London,18,96,60000,3,mean_intersection,88194ad005fffff,3.4842931e7,2.4780215e7,-1.0062716e7
London,18,96,60000,3,mean_intersection,88194ad007fffff,3.3113141e7,2.5607951e7,-7.50519e6
London,18,96,60000,3,mean_intersection,88194ad009fffff,3.6143956e7,2.5645426e7,-1.049853e7
London,18,96,60000,3,mean_intersection,88194ad00bfffff,3.4791972e7,2.5848564e7,-8.943408e6
London,18,96,60000,3,mean_intersection,88194ad00dfffff,3.5252232e7,2.7918076e7,-7.334156e6
London,18,96,60000,3,mean_intersection,88194ad011fffff,3.3852301e7,2.5664211e7,-8.18809e6
London,18,96,60000,3,mean_intersection,88194ad013fffff,3.2243676e7,2.4938992e7,-7.304684e6
London,18,96,60000,3,mean_intersection,88194ad015fffff,3.3192782e7,2.6424452e7,-6.76833e6
London,18,96,60000,3,mean_intersection,88194ad017fffff,3.2444469e7,2.5683044e7,-6.761425e6
London,18,96,60000,3,mean_intersection,88194ad019fffff,3.3945049e7,2.5787621e7,-8.157428e6
London,18,96,60000,3,mean_intersection,88194ad01bfffff,3.3075913e7,2.5987841e7,-7.088072e6
London,18,96,60000,3,mean_intersection,88194ad01dfffff,3.3639322e7,2.5697688e7,-7.941634e6
London,18,96,60000,3,mean_intersection,88194ad021fffff,3.457322e7,2.5760351e7,-8.812869e6
London,18,96,60000,3,mean_intersection,88194ad023fffff,3.3367035e7,2.5976681e7,-7.390354e6
London,18,96,60000,3,mean_intersection,88194ad025fffff,3.5496609e7,2.807796e7,-7.418649e6
London,18,96,60000,3,mean_intersection,88194ad027fffff,3.5134733e7,2.7254507e7,-7.880226e6
London,18,96,60000,3,mean_intersection,88194ad029fffff,3.5724693e7,2.6103351e7,-9.621342e6
London,18,96,60000,3,mean_intersection,88194ad02bfffff,3.3582361e7,2.5573044e7,-8.009317e6
London,18,96,60000,3,mean_intersection,88194ad02dfffff,3.6484369e7,2.8271267e7,-8.213102e6
London,18,96,60000,3,mean_intersection,88194ad031fffff,3.4090116e7,2.5929862e7,-8.160254e6
London,18,96,60000,3,mean_intersection,88194ad033fffff,3.3240947e7,2.6999024e7,-6.241923e6
London,18,96,60000,3,mean_intersection,88194ad035fffff,3.3015996e7,2.5965087e7,-7.050909e6
London,18,96,60000,3,mean_intersection,88194ad037fffff,3.2430658e7,2.6814851e7,-5.615807e6
London,18,96,60000,3,mean_intersection,88194ad039fffff,3.2459062e7,2.6028635e7,-6.430427e6
London,18,96,60000,3,mean_intersection,88194ad03bfffff,3.3090338e7,2.7238574e7,-5.851764e6
London,18,96,60000,3,mean_intersection,88194ad03dfffff,3.2090908e7,2.6508952e7,-5.581956e6
London,18,96,60000,3,mean_intersection,88194ad041fffff,3.7218344e7,3.1295348e7,-5.922996e6
London,18,96,60000,3,mean_intersection,88194ad043fffff,3.5887745e7,2.9019283e7,-6.868462e6
London,18,96,60000,3,mean_intersection,88194ad045fffff,3.5950976e7,2.9610115e7,-6.340861e6
London,18,96,60000,3,mean_intersection,88194ad047fffff,3.653937e7,3.0384049e7,-6.155321e6
London,18,96,60000,3,mean_intersection,88194ad049fffff,3.5177907e7,2.8975477e7,-6.20243e6
London,18,96,60000,3,mean_intersection,88194ad04bfffff,3.6816055e7,3.145617e7,-5.359885e6
London,18,96,60000,3,mean_intersection,88194ad04dfffff,3.5013875e7,3.1115856e7,-3.898019e6
London,18,96,60000,3,mean_intersection,88194ad051fffff,3.5866082e7,2.9822343e7,-6.043739e6
London,18,96,60000,3,mean_intersection,88194ad053fffff,3.44245e7,2.6024321e7,-8.400179e6
London,18,96,60000,3,mean_intersection,88194ad055fffff,3.4278098e7,2.7567443e7,-6.710655e6
London,18,96,60000,3,mean_intersection,88194ad057fffff,3.4809777e7,2.7084043e7,-7.725734e6
London,18,96,60000,3,mean_intersection,88194ad059fffff,3.6526663e7,3.0496678e7,-6.029985e6
London,18,96,60000,3,mean_intersection,88194ad05bfffff,3.5063298e7,2.9309841e7,-5.753457e6
London,18,96,60000,3,mean_intersection,88194ad05dfffff,3.6495526e7,3.0213463e7,-6.282063e6
London,18,96,60000,3,mean_intersection,88194ad061fffff,3.5980099e7,2.7961084e7,-8.019015e6
London,18,96,60000,3,mean_intersection,88194ad063fffff,3.5295019e7,2.6972816e7,-8.322203e6
London,18,96,60000,3,mean_intersection,88194ad065fffff,3.6402899e7,3.1480473e7,-4.922426e6
London,18,96,60000,3,mean_intersection,88194ad067fffff,3.5859164e7,2.776347e7,-8.095694e6
London,18,96,60000,3,mean_intersection,88194ad069fffff,3.6133272e7,3.1014973e7,-5.118299e6
London,18,96,60000,3,mean_intersection,88194ad06bfffff,3.6223306e7,3.0119021e7,-6.104285e6
London,18,96,60000,3,mean_intersection,88194ad06dfffff,3.6530679e7,3.2327737e7,-4.202942e6
London,18,96,60000,3,mean_intersection,88194ad081fffff,3.0525972e7,2.294539e7,-7.580582e6
London,18,96,60000,3,mean_intersection,88194ad083fffff,3.0404142e7,2.2972035e7,-7.432107e6
London,18,96,60000,3,mean_intersection,88194ad085fffff,3.1077542e7,2.2999686e7,-8.077856e6
London,18,96,60000,3,mean_intersection,88194ad087fffff,2.9328417e7,2.1828845e7,-7.499572e6
London,18,96,60000,3,mean_intersection,88194ad089fffff,3.0489668e7,2.3139489e7,-7.350179e6
London,18,96,60000,3,mean_intersection,88194ad08bfffff,3.0286103e7,2.3114918e7,-7.171185e6
London,18,96,60000,3,mean_intersection,88194ad08dfffff,3.1400719e7,2.333554e7,-8.065179e6
London,18,96,60000,3,mean_intersection,88194ad095fffff,2.8352379e7,2.1312965e7,-7.039414e6
London,18,96,60000,3,mean_intersection,88194ad09dfffff,3.0153988e7,2.2708681e7,-7.445307e6
London,18,96,60000,3,mean_intersection,88194ad0a1fffff,3.1212004e7,2.3158012e7,-8.053992e6
London,18,96,60000,3,mean_intersection,88194ad0a3fffff,3.1330855e7,2.3270351e7,-8.060504e6
London,18,96,60000,3,mean_intersection,88194ad0a5fffff,3.2622983e7,2.5278604e7,-7.344379e6
London,18,96,60000,3,mean_intersection,88194ad0a7fffff,3.0835234e7,2.4361722e7,-6.473512e6
London,18,96,60000,3,mean_intersection,88194ad0a9fffff,3.162255e7,2.338914e7,-8.23341e6
London,18,96,60000,3,mean_intersection,88194ad0abfffff,3.0444945e7,2.2974947e7,-7.469998e6
London,18,96,60000,3,mean_intersection,88194ad0adfffff,3.1939196e7,2.5218599e7,-6.720597e6
London,18,96,60000,3,mean_intersection,88194ad0b1fffff,2.8583465e7,2.2149151e7,-6.434314e6
London,18,96,60000,3,mean_intersection,88194ad0b3fffff,2.9304836e7,2.3341277e7,-5.963559e6
London,18,96,60000,3,mean_intersection,88194ad0b5fffff,2.9385851e7,2.248083e7,-6.905021e6
London,18,96,60000,3,mean_intersection,88194ad0b7fffff,2.963309e7,2.2460373e7,-7.172717e6
London,18,96,60000,3,mean_intersection,88194ad0b9fffff,3.0044445e7,2.3292457e7,-6.751988e6
London,18,96,60000,3,mean_intersection,88194ad0bbfffff,2.9551138e7,2.3268789e7,-6.282349e6
London,18,96,60000,3,mean_intersection,88194ad0bdfffff,2.9780211e7,2.3305232e7,-6.474979e6
London,18,96,60000,3,mean_intersection,88194ad0c1fffff,3.1045899e7,2.3612434e7,-7.433465e6
London,18,96,60000,3,mean_intersection,88194ad0c3fffff,3.0701276e7,2.2390663e7,-8.310613e6
London,18,96,60000,3,mean_intersection,88194ad0c5fffff,3.1429e7,2.4854845e7,-6.574155e6
London,18,96,60000,3,mean_intersection,88194ad0c7fffff,2.9129874e7,2.1984574e7,-7.1453e6
London,18,96,60000,3,mean_intersection,88194ad0c9fffff,3.1118584e7,2.4185501e7,-6.933083e6
London,18,96,60000,3,mean_intersection,88194ad0cbfffff,3.0879911e7,2.4730433e7,-6.149478e6
London,18,96,60000,3,mean_intersection,88194ad0cdfffff,3.1832244e7,2.569709e7,-6.135154e6
London,18,96,60000,3,mean_intersection,88194ad0d1fffff,3.1435365e7,2.3635401e7,-7.799964e6
London,18,96,60000,3,mean_intersection,88194ad0d5fffff,3.1217806e7,2.3677854e7,-7.539952e6
London,18,96,60000,3,mean_intersection,88194ad0d7fffff,3.0291783e7,2.3053699e7,-7.238084e6
London,18,96,60000,3,mean_intersection,88194ad0d9fffff,3.0498287e7,2.3224991e7,-7.273296e6
London,18,96,60000,3,mean_intersection,88194ad0ddfffff,3.0899777e7,2.5662441e7,-5.237336e6
London,18,96,60000,3,mean_intersection,88194ad0e1fffff,3.0225378e7,2.3470661e7,-6.754717e6
London,18,96,60000,3,mean_intersection,88194ad0e3fffff,3.190601e7,2.3272352e7,-8.633658e6
London,18,96,60000,3,mean_intersection,88194ad0e5fffff,3.2062166e7,2.5587416e7,-6.47475e6
London,18,96,60000,3,mean_intersection,88194ad0e7fffff,3.2004629e7,2.5267538e7,-6.737091e6
London,18,96,60000,3,mean_intersection,88194ad0e9fffff,3.259839e7,2.5353231e7,-7.245159e6
London,18,96,60000,3,mean_intersection,88194ad0ebfffff,3.0767334e7,2.3361446e7,-7.405888e6
London,18,96,60000,3,mean_intersection,88194ad0edfffff,3.2182211e7,2.5298872e7,-6.883339e6
London,18,96,60000,3,mean_intersection,88194ad101fffff,3.7132284e7,2.8750417e7,-8.381867e6
London,18,96,60000,3,mean_intersection,88194ad103fffff,3.7900957e7,2.8888589e7,-9.012368e6
London,18,96,60000,3,mean_intersection,88194ad105fffff,3.853592e7,2.8942784e7,-9.593136e6
London,18,96,60000,3,mean_intersection,88194ad107fffff,3.6941553e7,2.8928894e7,-8.012659e6
London,18,96,60000,3,mean_intersection,88194ad109fffff,3.8197008e7,2.8836048e7,-9.36096e6
London,18,96,60000,3,mean_intersection,88194ad10bfffff,3.8605678e7,2.8845198e7,-9.76048e6
London,18,96,60000,3,mean_intersection,88194ad10dfffff,3.8214948e7,2.8882097e7,-9.332851e6
London,18,96,60000,3,mean_intersection,88194ad111fffff,3.6457681e7,2.8670967e7,-7.786714e6
London,18,96,60000,3,mean_intersection,88194ad113fffff,3.5009993e7,2.8543464e7,-6.466529e6
London,18,96,60000,3,mean_intersection,88194ad115fffff,3.6911515e7,2.8834387e7,-8.077128e6
London,18,96,60000,3,mean_intersection,88194ad117fffff,3.5524574e7,2.8729615e7,-6.794959e6
London,18,96,60000,3,mean_intersection,88194ad119fffff,3.6530292e7,2.8590939e7,-7.939353e6
London,18,96,60000,3,mean_intersection,88194ad11bfffff,3.581327e7,2.877446e7,-7.03881e6
London,18,96,60000,3,mean_intersection,88194ad11dfffff,3.783408e7,2.8855646e7,-8.978434e6
London,18,96,60000,3,mean_intersection,88194ad121fffff,3.6902722e7,2.9459369e7,-7.443353e6
London,18,96,60000,3,mean_intersection,88194ad123fffff,3.6837872e7,2.9311592e7,-7.52628e6
London,18,96,60000,3,mean_intersection,88194ad125fffff,3.6083865e7,2.8400337e7,-7.683528e6
London,18,96,60000,3,mean_intersection,88194ad127fffff,3.7882507e7,2.9991921e7,-7.890586e6
London,18,96,60000,3,mean_intersection,88194ad129fffff,3.6689032e7,2.895627e7,-7.732762e6
London,18,96,60000,3,mean_intersection,88194ad12bfffff,3.7079045e7,2.9159448e7,-7.919597e6
London,18,96,60000,3,mean_intersection,88194ad12dfffff,3.6088039e7,2.9737196e7,-6.350843e6
London,18,96,60000,3,mean_intersection,88194ad131fffff,3.6426967e7,2.8882699e7,-7.544268e6
London,18,96,60000,3,mean_intersection,88194ad133fffff,3.487756e7,2.8696667e7,-6.180893e6
London,18,96,60000,3,mean_intersection,88194ad135fffff,3.3584724e7,2.8251267e7,-5.333457e6
London,18,96,60000,3,mean_intersection,88194ad137fffff,3.5504063e7,2.8818891e7,-6.685172e6
London,18,96,60000,3,mean_intersection,88194ad139fffff,3.7275088e7,2.8916165e7,-8.358923e6
London,18,96,60000,3,mean_intersection,88194ad13bfffff,3.5230355e7,2.8912005e7,-6.31835e6
London,18,96,60000,3,mean_intersection,88194ad13dfffff,3.6555638e7,2.9172969e7,-7.382669e6
London,18,96,60000,3,mean_intersection,88194ad141fffff,3.9029048e7,3.0050655e7,-8.978393e6
London,18,96,60000,3,mean_intersection,88194ad143fffff,3.8592398e7,2.9211279e7,-9.381119e6
London,18,96,60000,3,mean_intersection,88194ad145fffff,3.9526392e7,3.1165867e7,-8.360525e6
London,18,96,60000,3,mean_intersection,88194ad147fffff,3.9223916e7,3.1019601e7,-8.204315e6
London,18,96,60000,3,mean_intersection,88194ad149fffff,3.9468752e7,3.1493763e7,-7.974989e6
London,18,96,60000,3,mean_intersection,88194ad14bfffff,3.9431045e7,3.1436267e7,-7.994778e6
London,18,96,60000,3,mean_intersection,88194ad14dfffff,4.0306051e7,3.3067006e7,-7.239045e6
London,18,96,60000,3,mean_intersection,88194ad151fffff,3.750795e7,2.8825e7,-8.68295e6
London,18,96,60000,3,mean_intersection,88194ad153fffff,3.6614408e7,2.8628112e7,-7.986296e6
London,18,96,60000,3,mean_intersection,88194ad155fffff,3.7899397e7,2.8803941e7,-9.095456e6
London,18,96,60000,3,mean_intersection,88194ad157fffff,3.719666e7,2.8730976e7,-8.465684e6
London,18,96,60000,3,mean_intersection,88194ad159fffff,3.7647322e7,3.0383314e7,-7.264008e6
London,18,96,60000,3,mean_intersection,88194ad15bfffff,3.7309006e7,2.8560022e7,-8.748984e6
London,18,96,60000,3,mean_intersection,88194ad15dfffff,3.8601145e7,2.9931715e7,-8.66943e6
London,18,96,60000,3,mean_intersection,88194ad161fffff,3.9187074e7,2.9499184e7,-9.68789e6
London,18,96,60000,3,mean_intersection,88194ad163fffff,3.8254704e7,2.8594487e7,-9.660217e6
London,18,96,60000,3,mean_intersection,88194ad165fffff,3.8040839e7,2.8792866e7,-9.247973e6
London,18,96,60000,3,mean_intersection,88194ad167fffff,3.7537613e7,2.9160868e7,-8.376745e6
London,18,96,60000,3,mean_intersection,88194ad169fffff,4.0040299e7,3.0906693e7,-9.133606e6
London,18,96,60000,3,mean_intersection,88194ad16bfffff,3.8441729e7,2.921985e7,-9.221879e6
London,18,96,60000,3,mean_intersection,88194ad16dfffff,3.9520073e7,3.1275944e7,-8.244129e6
London,18,96,60000,3,mean_intersection,88194ad181fffff,3.2257896e7,2.6391751e7,-5.866145e6
London,18,96,60000,3,mean_intersection,88194ad183fffff,3.0845187e7,2.6061798e7,-4.783389e6
London,18,96,60000,3,mean_intersection,88194ad185fffff,3.193075e7,2.5438989e7,-6.491761e6
London,18,96,60000,3,mean_intersection,88194ad187fffff,3.0756283e7,2.5373051e7,-5.383232e6
London,18,96,60000,3,mean_intersection,88194ad189fffff,3.1853189e7,2.6194717e7,-5.658472e6
London,18,96,60000,3,mean_intersection,88194ad18bfffff,3.1902928e7,2.6338097e7,-5.564831e6
London,18,96,60000,3,mean_intersection,88194ad18dfffff,3.2638696e7,2.6306811e7,-6.331885e6
London,18,96,60000,3,mean_intersection,88194ad191fffff,3.3364175e7,2.6204722e7,-7.159453e6
London,18,96,60000,3,mean_intersection,88194ad193fffff,3.2564397e7,2.5996301e7,-6.568096e6
London,18,96,60000,3,mean_intersection,88194ad195fffff,3.110738e7,2.5366969e7,-5.740411e6
London,18,96,60000,3,mean_intersection,88194ad197fffff,3.2862282e7,2.6416098e7,-6.446184e6
London,18,96,60000,3,mean_intersection,88194ad199fffff,3.1908558e7,2.5803578e7,-6.10498e6
London,18,96,60000,3,mean_intersection,88194ad19bfffff,3.407365e7,2.8125321e7,-5.948329e6
London,18,96,60000,3,mean_intersection,88194ad19dfffff,3.1984413e7,2.6114407e7,-5.870006e6
London,18,96,60000,3,mean_intersection,88194ad1a1fffff,3.2795645e7,2.6912294e7,-5.883351e6
London,18,96,60000,3,mean_intersection,88194ad1a3fffff,3.0276205e7,2.5008733e7,-5.267472e6
London,18,96,60000,3,mean_intersection,88194ad1a5fffff,3.2840327e7,2.7039997e7,-5.80033e6
London,18,96,60000,3,mean_intersection,88194ad1a7fffff,3.1305597e7,2.6560568e7,-4.745029e6
London,18,96,60000,3,mean_intersection,88194ad1a9fffff,3.3284574e7,2.6274611e7,-7.009963e6
London,18,96,60000,3,mean_intersection,88194ad1abfffff,3.2362597e7,2.6372063e7,-5.990534e6
London,18,96,60000,3,mean_intersection,88194ad1adfffff,3.2643528e7,2.6952958e7,-5.69057e6
London,18,96,60000,3,mean_intersection,88194ad1b1fffff,3.1616528e7,2.6115973e7,-5.500555e6
London,18,96,60000,3,mean_intersection,88194ad1b3fffff,3.1803361e7,2.6273042e7,-5.530319e6
London,18,96,60000,3,mean_intersection,88194ad1b5fffff,3.0449122e7,2.633917e7,-4.109952e6
London,18,96,60000,3,mean_intersection,88194ad1b7fffff,2.9830068e7,2.366387e7,-6.166198e6
London,18,96,60000,3,mean_intersection,88194ad1b9fffff,3.097315e7,2.5938061e7,-5.035089e6
London,18,96,60000,3,mean_intersection,88194ad1bbfffff,3.21541e7,2.6466367e7,-5.687733e6
London,18,96,60000,3,mean_intersection,88194ad1bdfffff,3.2193609e7,2.6511126e7,-5.682483e6
London,18,96,60000,3,mean_intersection,88194ad1c1fffff,3.3922113e7,2.7784135e7,-6.137978e6
London,18,96,60000,3,mean_intersection,88194ad1c3fffff,3.2258297e7,2.5757251e7,-6.501046e6
London,18,96,60000,3,mean_intersection,88194ad1c5fffff,3.4348934e7,2.8424762e7,-5.924172e6
London,18,96,60000,3,mean_intersection,88194ad1c7fffff,3.3466671e7,2.6796878e7,-6.669793e6
London,18,96,60000,3,mean_intersection,88194ad1c9fffff,3.275082e7,2.5811181e7,-6.939639e6
London,18,96,60000,3,mean_intersection,88194ad1cbfffff,3.2399952e7,2.6910123e7,-5.489829e6
London,18,96,60000,3,mean_intersection,88194ad1cdfffff,3.3169326e7,2.7682679e7,-5.486647e6
London,18,96,60000,3,mean_intersection,88194ad1d1fffff,3.2331137e7,2.5792291e7,-6.538846e6
London,18,96,60000,3,mean_intersection,88194ad1d3fffff,3.2092009e7,2.5849373e7,-6.242636e6
London,18,96,60000,3,mean_intersection,88194ad1d5fffff,3.2169256e7,2.5445607e7,-6.723649e6
London,18,96,60000,3,mean_intersection,88194ad1d7fffff,3.1654503e7,2.5939312e7,-5.715191e6
London,18,96,60000,3,mean_intersection,88194ad1d9fffff,3.1972373e7,2.6595619e7,-5.376754e6
London,18,96,60000,3,mean_intersection,88194ad1dbfffff,3.2270328e7,2.5712405e7,-6.557923e6
London,18,96,60000,3,mean_intersection,88194ad1ddfffff,3.204082e7,2.5971604e7,-6.069216e6
London,18,96,60000,3,mean_intersection,88194ad1e1fffff,3.4120755e7,2.7717679e7,-6.403076e6
London,18,96,60000,3,mean_intersection,88194ad1e3fffff,3.1812258e7,2.5347419e7,-6.464839e6
London,18,96,60000,3,mean_intersection,88194ad1e5fffff,3.262416e7,2.680465e7,-5.81951e6
London,18,96,60000,3,mean_intersection,88194ad1e7fffff,3.3701708e7,2.6520228e7,-7.18148e6
London,18,96,60000,3,mean_intersection,88194ad1e9fffff,3.3671217e7,2.8236682e7,-5.434535e6
London,18,96,60000,3,mean_intersection,88194ad1ebfffff,3.2450506e7,2.6512328e7,-5.938178e6
London,18,96,60000,3,mean_intersection,88194ad1edfffff,3.4619618e7,2.8732839e7,-5.886779e6
London,18,96,60000,3,mean_intersection,88194ad201fffff,3.6552002e7,2.966086e7,-6.891142e6
London,18,96,60000,3,mean_intersection,88194ad203fffff,3.5325309e7,2.892167e7,-6.403639e6
London,18,96,60000,3,mean_intersection,88194ad205fffff,3.6443557e7,3.0614371e7,-5.829186e6
London,18,96,60000,3,mean_intersection,88194ad207fffff,3.4619682e7,2.7815228e7,-6.804454e6
London,18,96,60000,3,mean_intersection,88194ad209fffff,3.3023222e7,2.6817545e7,-6.205677e6
London,18,96,60000,3,mean_intersection,88194ad20bfffff,3.2712319e7,2.5903949e7,-6.80837e6
London,18,96,60000,3,mean_intersection,88194ad20dfffff,3.3273648e7,2.7153658e7,-6.11999e6
London,18,96,60000,3,mean_intersection,88194ad211fffff,3.3125586e7,2.8774442e7,-4.351144e6
London,18,96,60000,3,mean_intersection,88194ad213fffff,3.1955211e7,2.7882864e7,-4.072347e6
London,18,96,60000,3,mean_intersection,88194ad215fffff,3.4359174e7,2.8882963e7,-5.476211e6
London,18,96,60000,3,mean_intersection,88194ad217fffff,3.3877642e7,2.9198028e7,-4.679614e6
London,18,96,60000,3,mean_intersection,88194ad219fffff,3.3326273e7,2.8587327e7,-4.738946e6
London,18,96,60000,3,mean_intersection,88194ad21bfffff,3.2598114e7,2.8523631e7,-4.074483e6
London,18,96,60000,3,mean_intersection,88194ad21dfffff,3.3217393e7,2.8563456e7,-4.653937e6
London,18,96,60000,3,mean_intersection,88194ad221fffff,3.5654741e7,2.9838182e7,-5.816559e6
London,18,96,60000,3,mean_intersection,88194ad223fffff,3.5869657e7,2.8910688e7,-6.958969e6
London,18,96,60000,3,mean_intersection,88194ad225fffff,3.6003996e7,3.0854716e7,-5.14928e6
London,18,96,60000,3,mean_intersection,88194ad227fffff,3.4683976e7,3.0312263e7,-4.371713e6
London,18,96,60000,3,mean_intersection,88194ad229fffff,3.738326e7,3.1823011e7,-5.560249e6
London,18,96,60000,3,mean_intersection,88194ad22bfffff,3.6519632e7,2.9289779e7,-7.229853e6
London,18,96,60000,3,mean_intersection,88194ad22dfffff,3.668054e7,3.2251155e7,-4.429385e6
London,18,96,60000,3,mean_intersection,88194ad231fffff,3.5153647e7,2.9715352e7,-5.438295e6
London,18,96,60000,3,mean_intersection,88194ad233fffff,3.4576335e7,2.8856641e7,-5.719694e6
London,18,96,60000,3,mean_intersection,88194ad235fffff,3.6218387e7,3.0867175e7,-5.351212e6
London,18,96,60000,3,mean_intersection,88194ad237fffff,3.5987689e7,3.0505887e7,-5.481802e6
London,18,96,60000,3,mean_intersection,88194ad239fffff,3.4932323e7,2.8775053e7,-6.15727e6
London,18,96,60000,3,mean_intersection,88194ad23bfffff,3.3850469e7,2.8836761e7,-5.013708e6
London,18,96,60000,3,mean_intersection,88194ad23dfffff,3.5864224e7,2.9417207e7,-6.447017e6
London,18,96,60000,3,mean_intersection,88194ad241fffff,3.5219976e7,2.9206383e7,-6.013593e6
London,18,96,60000,3,mean_intersection,88194ad243fffff,3.5781851e7,2.8774085e7,-7.007766e6
London,18,96,60000,3,mean_intersection,88194ad245fffff,3.5741209e7,3.0118587e7,-5.622622e6
London,18,96,60000,3,mean_intersection,88194ad247fffff,3.6300341e7,2.9585063e7,-6.715278e6
London,18,96,60000,3,mean_intersection,88194ad249fffff,3.5002146e7,2.9271544e7,-5.730602e6
London,18,96,60000,3,mean_intersection,88194ad24bfffff,3.4122874e7,2.8584404e7,-5.53847e6
London,18,96,60000,3,mean_intersection,88194ad24dfffff,3.4360618e7,2.9260458e7,-5.10016e6
London,18,96,60000,3,mean_intersection,88194ad251fffff,3.3839206e7,2.8627421e7,-5.211785e6
London,18,96,60000,3,mean_intersection,88194ad253fffff,3.256906e7,2.8888501e7,-3.680559e6
London,18,96,60000,3,mean_intersection,88194ad255fffff,3.4520113e7,2.8814378e7,-5.705735e6
London,18,96,60000,3,mean_intersection,88194ad257fffff,3.1782352e7,2.749773e7,-4.284622e6
London,18,96,60000,3,mean_intersection,88194ad259fffff,3.3826793e7,2.8616433e7,-5.21036e6
London,18,96,60000,3,mean_intersection,88194ad25bfffff,3.2275683e7,2.7711773e7,-4.56391e6
London,18,96,60000,3,mean_intersection,88194ad25dfffff,3.4998875e7,2.8733231e7,-6.265644e6
London,18,96,60000,3,mean_intersection,88194ad261fffff,3.6639139e7,2.9608557e7,-7.030582e6
London,18,96,60000,3,mean_intersection,88194ad263fffff,3.7060334e7,3.0109769e7,-6.950565e6
London,18,96,60000,3,mean_intersection,88194ad265fffff,3.6503214e7,3.1176093e7,-5.327121e6
London,18,96,60000,3,mean_intersection,88194ad267fffff,3.7556987e7,3.2579004e7,-4.977983e6
London,18,96,60000,3,mean_intersection,88194ad269fffff,3.4584954e7,2.8591832e7,-5.993122e6
London,18,96,60000,3,mean_intersection,88194ad26bfffff,3.6423496e7,2.903018e7,-7.393316e6
London,18,96,60000,3,mean_intersection,88194ad26dfffff,3.6651982e7,2.9979545e7,-6.672437e6
London,18,96,60000,3,mean_intersection,88194ad281fffff,3.1155756e7,2.4245908e7,-6.909848e6
London,18,96,60000,3,mean_intersection,88194ad283fffff,3.0851819e7,2.3631119e7,-7.2207e6
London,18,96,60000,3,mean_intersection,88194ad285fffff,3.1044254e7,2.4044488e7,-6.999766e6
London,18,96,60000,3,mean_intersection,88194ad287fffff,3.1265826e7,2.2845014e7,-8.420812e6
London,18,96,60000,3,mean_intersection,88194ad289fffff,3.0942067e7,2.4082842e7,-6.859225e6
London,18,96,60000,3,mean_intersection,88194ad28bfffff,3.2700202e7,2.5945054e7,-6.755148e6
London,18,96,60000,3,mean_intersection,88194ad28dfffff,3.1416583e7,2.4551464e7,-6.865119e6
London,18,96,60000,3,mean_intersection,88194ad295fffff,3.0475803e7,2.4638857e7,-5.836946e6
London,18,96,60000,3,mean_intersection,88194ad29dfffff,3.044329e7,2.4264324e7,-6.178966e6
London,18,96,60000,3,mean_intersection,88194ad2a1fffff,3.2918378e7,2.6826077e7,-6.092301e6
London,18,96,60000,3,mean_intersection,88194ad2a3fffff,3.1093789e7,2.4547715e7,-6.546074e6
London,18,96,60000,3,mean_intersection,88194ad2a5fffff,3.3368527e7,2.485977e7,-8.508757e6
London,18,96,60000,3,mean_intersection,88194ad2a7fffff,3.2113303e7,2.3780483e7,-8.33282e6
London,18,96,60000,3,mean_intersection,88194ad2a9fffff,3.3983461e7,2.6937255e7,-7.046206e6
London,18,96,60000,3,mean_intersection,88194ad2abfffff,3.2462147e7,2.4156272e7,-8.305875e6
London,18,96,60000,3,mean_intersection,88194ad2adfffff,3.5619972e7,2.865553e7,-6.964442e6
London,18,96,60000,3,mean_intersection,88194ad2b1fffff,3.1952876e7,2.6143077e7,-5.809799e6
London,18,96,60000,3,mean_intersection,88194ad2b3fffff,2.9187503e7,2.2463824e7,-6.723679e6
London,18,96,60000,3,mean_intersection,88194ad2b5fffff,3.2246842e7,2.4433601e7,-7.813241e6
London,18,96,60000,3,mean_intersection,88194ad2b7fffff,3.0868149e7,2.4211066e7,-6.657083e6
London,18,96,60000,3,mean_intersection,88194ad2b9fffff,3.1479389e7,2.4653396e7,-6.825993e6
London,18,96,60000,3,mean_intersection,88194ad2bbfffff,2.9756088e7,2.1565835e7,-8.190253e6
London,18,96,60000,3,mean_intersection,88194ad2bdfffff,3.3147652e7,2.495615e7,-8.191502e6
London,18,96,60000,3,mean_intersection,88194ad2c1fffff,3.1447134e7,2.4605824e7,-6.84131e6
London,18,96,60000,3,mean_intersection,88194ad2c3fffff,3.2306223e7,2.4471909e7,-7.834314e6
London,18,96,60000,3,mean_intersection,88194ad2c5fffff,3.1590704e7,2.6527286e7,-5.063418e6
London,18,96,60000,3,mean_intersection,88194ad2c7fffff,3.0804742e7,2.4143314e7,-6.661428e6
London,18,96,60000,3,mean_intersection,88194ad2c9fffff,3.091336e7,2.675199e7,-4.16137e6
London,18,96,60000,3,mean_intersection,88194ad2cbfffff,2.9716774e7,2.3642168e7,-6.074606e6
London,18,96,60000,3,mean_intersection,88194ad2cdfffff,3.0865451e7,2.7757089e7,-3.108362e6
London,18,96,60000,3,mean_intersection,88194ad2d1fffff,3.1444119e7,2.4436153e7,-7.007966e6
London,18,96,60000,3,mean_intersection,88194ad2d5fffff,3.2157635e7,2.4900829e7,-7.256806e6
London,18,96,60000,3,mean_intersection,88194ad2d7fffff,3.1126654e7,2.4340477e7,-6.786177e6
London,18,96,60000,3,mean_intersection,88194ad2d9fffff,3.1153728e7,2.4646146e7,-6.507582e6
London,18,96,60000,3,mean_intersection,88194ad2ddfffff,3.1783024e7,2.6477444e7,-5.30558e6
London,18,96,60000,3,mean_intersection,88194ad2e1fffff,3.26879e7,2.4562345e7,-8.125555e6
London,18,96,60000,3,mean_intersection,88194ad2e3fffff,3.193969e7,2.5889283e7,-6.050407e6
London,18,96,60000,3,mean_intersection,88194ad2e5fffff,3.4693e7,2.9347271e7,-5.345729e6
London,18,96,60000,3,mean_intersection,88194ad2e7fffff,3.3735832e7,2.4932225e7,-8.803607e6
London,18,96,60000,3,mean_intersection,88194ad2e9fffff,3.2321265e7,2.7696518e7,-4.624747e6
London,18,96,60000,3,mean_intersection,88194ad2ebfffff,3.2814003e7,2.6263672e7,-6.550331e6
London,18,96,60000,3,mean_intersection,88194ad2edfffff,3.4838416e7,2.960501e7,-5.233406e6
London,18,96,60000,3,mean_intersection,88194ad301fffff,3.9995607e7,3.3899881e7,-6.095726e6
London,18,96,60000,3,mean_intersection,88194ad303fffff,3.7808652e7,3.3089158e7,-4.719494e6
London,18,96,60000,3,mean_intersection,88194ad305fffff,4.0568274e7,3.4196043e7,-6.372231e6
London,18,96,60000,3,mean_intersection,88194ad307fffff,3.9777571e7,3.427858e7,-5.498991e6
London,18,96,60000,3,mean_intersection,88194ad309fffff,3.902773e7,3.315484e7,-5.87289e6
London,18,96,60000,3,mean_intersection,88194ad30bfffff,3.7168411e7,3.2022557e7,-5.145854e6
London,18,96,60000,3,mean_intersection,88194ad30dfffff,4.026242e7,3.4327464e7,-5.934956e6
London,18,96,60000,3,mean_intersection,88194ad311fffff,3.7582066e7,3.2284984e7,-5.297082e6
London,18,96,60000,3,mean_intersection,88194ad313fffff,3.6804569e7,3.2280799e7,-4.52377e6
London,18,96,60000,3,mean_intersection,88194ad315fffff,3.8736769e7,3.3298521e7,-5.438248e6
London,18,96,60000,3,mean_intersection,88194ad317fffff,3.6550023e7,3.2600181e7,-3.949842e6
London,18,96,60000,3,mean_intersection,88194ad319fffff,3.8045153e7,3.2842028e7,-5.203125e6
London,18,96,60000,3,mean_intersection,88194ad31bfffff,3.721005e7,3.2630088e7,-4.579962e6
London,18,96,60000,3,mean_intersection,88194ad31dfffff,3.7809801e7,3.2916355e7,-4.893446e6
London,18,96,60000,3,mean_intersection,88194ad321fffff,4.0296951e7,3.3917024e7,-6.379927e6
London,18,96,60000,3,mean_intersection,88194ad323fffff,3.987378e7,3.2347444e7,-7.526336e6
London,18,96,60000,3,mean_intersection,88194ad325fffff,4.1117767e7,3.5083649e7,-6.034118e6
London,18,96,60000,3,mean_intersection,88194ad327fffff,4.0484907e7,3.2553408e7,-7.931499e6
London,18,96,60000,3,mean_intersection,88194ad329fffff,4.1078196e7,3.9349365e7,-1.728831e6
London,18,96,60000,3,mean_intersection,88194ad32bfffff,4.025515e7,3.5404575e7,-4.850575e6
London,18,96,60000,3,mean_intersection,88194ad32dfffff,4.1049614e7,3.7107044e7,-3.94257e6
London,18,96,60000,3,mean_intersection,88194ad331fffff,3.8741495e7,3.402977e7,-4.711725e6
London,18,96,60000,3,mean_intersection,88194ad333fffff,3.7019146e7,3.2806609e7,-4.212537e6
London,18,96,60000,3,mean_intersection,88194ad335fffff,3.9171478e7,3.4385386e7,-4.786092e6
London,18,96,60000,3,mean_intersection,88194ad337fffff,3.8461052e7,3.4844815e7,-3.616237e6
London,18,96,60000,3,mean_intersection,88194ad339fffff,3.804633e7,3.354608e7,-4.50025e6
London,18,96,60000,3,mean_intersection,88194ad33bfffff,3.7913455e7,3.3449298e7,-4.464157e6
London,18,96,60000,3,mean_intersection,88194ad33dfffff,3.9244987e7,3.4317133e7,-4.927854e6
London,18,96,60000,3,mean_intersection,88194ad341fffff,3.7654919e7,3.251299e7,-5.141929e6
London,18,96,60000,3,mean_intersection,88194ad343fffff,3.8268042e7,3.2733182e7,-5.53486e6
London,18,96,60000,3,mean_intersection,88194ad345fffff,3.8648215e7,3.2804111e7,-5.844104e6
London,18,96,60000,3,mean_intersection,88194ad347fffff,3.9362311e7,3.3394961e7,-5.96735e6
London,18,96,60000,3,mean_intersection,88194ad349fffff,3.7600875e7,3.2588508e7,-5.012367e6
London,18,96,60000,3,mean_intersection,88194ad34bfffff,3.8795358e7,3.3077727e7,-5.717631e6
London,18,96,60000,3,mean_intersection,88194ad34dfffff,3.8173192e7,2.9492028e7,-8.681164e6
London,18,96,60000,3,mean_intersection,88194ad351fffff,3.7736673e7,3.2945188e7,-4.791485e6
London,18,96,60000,3,mean_intersection,88194ad353fffff,3.6823003e7,3.2456277e7,-4.366726e6
London,18,96,60000,3,mean_intersection,88194ad355fffff,3.9056528e7,3.2957461e7,-6.099067e6
London,18,96,60000,3,mean_intersection,88194ad357fffff,3.8690537e7,3.2905058e7,-5.785479e6
London,18,96,60000,3,mean_intersection,88194ad359fffff,3.6843253e7,3.2348183e7,-4.49507e6
London,18,96,60000,3,mean_intersection,88194ad35bfffff,3.8175886e7,3.3004564e7,-5.171322e6
London,18,96,60000,3,mean_intersection,88194ad35dfffff,3.8016578e7,3.3152883e7,-4.863695e6
London,18,96,60000,3,mean_intersection,88194ad361fffff,4.0079143e7,3.3931767e7,-6.147376e6
London,18,96,60000,3,mean_intersection,88194ad363fffff,4.0484513e7,3.7630415e7,-2.854098e6
London,18,96,60000,3,mean_intersection,88194ad365fffff,4.1082996e7,3.9413624e7,-1.669372e6
London,18,96,60000,3,mean_intersection,88194ad367fffff,4.0856362e7,3.8519981e7,-2.336381e6
London,18,96,60000,3,mean_intersection,88194ad369fffff,3.868184e7,3.2138809e7,-6.543031e6
London,18,96,60000,3,mean_intersection,88194ad36bfffff,4.0368497e7,3.3419883e7,-6.948614e6
London,18,96,60000,3,mean_intersection,88194ad36dfffff,4.0005319e7,3.6386679e7,-3.61864e6
London,18,96,60000,3,mean_intersection,88194ad801fffff,2.741712e7,2.0458747e7,-6.958373e6
London,18,96,60000,3,mean_intersection,88194ad803fffff,2.6862402e7,2.1578487e7,-5.283915e6
London,18,96,60000,3,mean_intersection,88194ad805fffff,2.8745386e7,2.1401478e7,-7.343908e6
London,18,96,60000,3,mean_intersection,88194ad807fffff,2.665673e7,2.0701726e7,-5.955004e6
London,18,96,60000,3,mean_intersection,88194ad809fffff,2.9073963e7,2.0971311e7,-8.102652e6
London,18,96,60000,3,mean_intersection,88194ad80bfffff,2.7913235e7,2.147777e7,-6.435465e6
London,18,96,60000,3,mean_intersection,88194ad80dfffff,2.9384207e7,2.1384027e7,-8.00018e6
London,18,96,60000,3,mean_intersection,88194ad811fffff,2.8507553e7,2.3866849e7,-4.640704e6
London,18,96,60000,3,mean_intersection,88194ad813fffff,2.9430219e7,2.2385571e7,-7.044648e6
London,18,96,60000,3,mean_intersection,88194ad815fffff,2.8671464e7,2.3748146e7,-4.923318e6
London,18,96,60000,3,mean_intersection,88194ad817fffff,2.8339007e7,2.3379922e7,-4.959085e6
London,18,96,60000,3,mean_intersection,88194ad819fffff,2.960035e7,2.3579503e7,-6.020847e6
London,18,96,60000,3,mean_intersection,88194ad81bfffff,2.8957863e7,2.3352094e7,-5.605769e6
London,18,96,60000,3,mean_intersection,88194ad81dfffff,2.8964272e7,2.365046e7,-5.313812e6
London,18,96,60000,3,mean_intersection,88194ad829fffff,3.1490724e7,2.4148097e7,-7.342627e6
London,18,96,60000,3,mean_intersection,88194ad82bfffff,2.8539534e7,2.1588747e7,-6.950787e6
London,18,96,60000,3,mean_intersection,88194ad831fffff,2.7395782e7,2.1613666e7,-5.782116e6
London,18,96,60000,3,mean_intersection,88194ad833fffff,2.9169811e7,2.3886358e7,-5.283453e6
London,18,96,60000,3,mean_intersection,88194ad839fffff,2.6854334e7,2.1711622e7,-5.142712e6
London,18,96,60000,3,mean_intersection,88194ad83bfffff,2.8846739e7,2.4009829e7,-4.83691e6
London,18,96,60000,3,mean_intersection,88194ad83dfffff,2.707663e7,2.1351207e7,-5.725423e6
London,18,96,60000,3,mean_intersection,88194ad841fffff,3.2811415e7,2.4937394e7,-7.874021e6
London,18,96,60000,3,mean_intersection,88194ad843fffff,3.0117844e7,2.3304798e7,-6.813046e6
London,18,96,60000,3,mean_intersection,88194ad845fffff,3.2406307e7,2.389214e7,-8.514167e6
London,18,96,60000,3,mean_intersection,88194ad847fffff,3.1949954e7,2.4106076e7,-7.843878e6
London,18,96,60000,3,mean_intersection,88194ad849fffff,3.2614368e7,2.5682408e7,-6.93196e6
London,18,96,60000,3,mean_intersection,88194ad84bfffff,3.3093781e7,2.6400622e7,-6.693159e6
London,18,96,60000,3,mean_intersection,88194ad84dfffff,3.2080394e7,2.4864672e7,-7.215722e6
London,18,96,60000,3,mean_intersection,88194ad851fffff,3.1581845e7,2.3808033e7,-7.773812e6
London,18,96,60000,3,mean_intersection,88194ad853fffff,3.0455591e7,2.3595308e7,-6.860283e6
London,18,96,60000,3,mean_intersection,88194ad855fffff,3.0195113e7,2.2549234e7,-7.645879e6
London,18,96,60000,3,mean_intersection,88194ad857fffff,2.8823135e7,2.164941e7,-7.173725e6
London,18,96,60000,3,mean_intersection,88194ad859fffff,3.2364867e7,2.5567583e7,-6.797284e6
London,18,96,60000,3,mean_intersection,88194ad85bfffff,3.1124467e7,2.3654729e7,-7.469738e6
London,18,96,60000,3,mean_intersection,88194ad85dfffff,3.1619088e7,2.4737635e7,-6.881453e6
London,18,96,60000,3,mean_intersection,88194ad861fffff,3.2171737e7,2.4343165e7,-7.828572e6
London,18,96,60000,3,mean_intersection,88194ad863fffff,3.1348288e7,2.3823744e7,-7.524544e6
London,18,96,60000,3,mean_intersection,88194ad865fffff,3.0122459e7,2.459704e7,-5.525419e6
London,18,96,60000,3,mean_intersection,88194ad867fffff,3.3337621e7,2.5625885e7,-7.711736e6
London,18,96,60000,3,mean_intersection,88194ad869fffff,3.1650777e7,2.4019936e7,-7.630841e6
London,18,96,60000,3,mean_intersection,88194ad86bfffff,3.2276775e7,2.3896705e7,-8.38007e6
London,18,96,60000,3,mean_intersection,88194ad86dfffff,2.9513934e7,2.1671105e7,-7.842829e6
London,18,96,60000,3,mean_intersection,88194ad881fffff,3.1274021e7,2.3941879e7,-7.332142e6
London,18,96,60000,3,mean_intersection,88194ad885fffff,3.1128934e7,2.4379119e7,-6.749815e6
London,18,96,60000,3,mean_intersection,88194ad889fffff,3.0972439e7,2.4253889e7,-6.71855e6
London,18,96,60000,3,mean_intersection,88194ad88bfffff,2.9319708e7,2.2191816e7,-7.127892e6
London,18,96,60000,3,mean_intersection,88194ad88dfffff,3.1133912e7,2.4167342e7,-6.96657e6
London,18,96,60000,3,mean_intersection,88194ad8a9fffff,2.9951148e7,2.3226368e7,-6.72478e6
London,18,96,60000,3,mean_intersection,88194ad8c1fffff,3.3201315e7,2.6393019e7,-6.808296e6
London,18,96,60000,3,mean_intersection,88194ad8c3fffff,3.2252466e7,2.5525168e7,-6.727298e6
London,18,96,60000,3,mean_intersection,88194ad8c5fffff,3.0971884e7,2.406732e7,-6.904564e6
London,18,96,60000,3,mean_intersection,88194ad8c7fffff,3.1880144e7,2.422113e7,-7.659014e6
London,18,96,60000,3,mean_intersection,88194ad8c9fffff,3.1840633e7,2.5537191e7,-6.303442e6
London,18,96,60000,3,mean_intersection,88194ad8cbfffff,3.2872864e7,2.6745802e7,-6.127062e6
London,18,96,60000,3,mean_intersection,88194ad8cdfffff,3.0699245e7,2.434283e7,-6.356415e6
London,18,96,60000,3,mean_intersection,88194ad8d1fffff,3.1089793e7,2.4734968e7,-6.354825e6
London,18,96,60000,3,mean_intersection,88194ad8d3fffff,3.0200692e7,2.4073912e7,-6.12678e6
London,18,96,60000,3,mean_intersection,88194ad8d5fffff,3.1091674e7,2.4235014e7,-6.85666e6
London,18,96,60000,3,mean_intersection,88194ad8d7fffff,3.0738391e7,2.4490816e7,-6.247575e6
London,18,96,60000,3,mean_intersection,88194ad8d9fffff,3.1660201e7,2.598457e7,-5.675631e6
London,18,96,60000,3,mean_intersection,88194ad8dbfffff,3.071693e7,2.4802098e7,-5.914832e6
London,18,96,60000,3,mean_intersection,88194ad8ddfffff,3.1092118e7,2.4797163e7,-6.294955e6
London,18,96,60000,3,mean_intersection,88194ad8e1fffff,2.9936293e7,2.3303849e7,-6.632444e6
London,18,96,60000,3,mean_intersection,88194ad8e3fffff,3.2228167e7,2.5395023e7,-6.833144e6
London,18,96,60000,3,mean_intersection,88194ad8e5fffff,2.9985148e7,2.3716495e7,-6.268653e6
London,18,96,60000,3,mean_intersection,88194ad8e7fffff,3.0248577e7,2.3570823e7,-6.677754e6
London,18,96,60000,3,mean_intersection,88194ad8e9fffff,2.9791753e7,2.2674025e7,-7.117728e6
London,18,96,60000,3,mean_intersection,88194ad8ebfffff,3.0238996e7,2.2727073e7,-7.511923e6
London,18,96,60000,3,mean_intersection,88194ad8edfffff,2.9338548e7,2.1812261e7,-7.526287e6
London,18,96,60000,3,mean_intersection,88194ada01fffff,3.4919107e7,2.6499006e7,-8.420101e6
London,18,96,60000,3,mean_intersection,88194ada03fffff,3.5403936e7,2.7287576e7,-8.11636e6
London,18,96,60000,3,mean_intersection,88194ada05fffff,3.509972e7,2.6878659e7,-8.221061e6
London,18,96,60000,3,mean_intersection,88194ada07fffff,3.2336333e7,2.3594723e7,-8.74161e6
London,18,96,60000,3,mean_intersection,88194ada09fffff,3.6868732e7,2.723348e7,-9.635252e6
London,18,96,60000,3,mean_intersection,88194ada0bfffff,3.6357499e7,2.7147481e7,-9.210018e6
London,18,96,60000,3,mean_intersection,88194ada0dfffff,3.6652089e7,2.6988535e7,-9.663554e6
London,18,96,60000,3,mean_intersection,88194ada11fffff,3.5574606e7,2.7583081e7,-7.991525e6
London,18,96,60000,3,mean_intersection,88194ada13fffff,3.6247023e7,2.8373721e7,-7.873302e6
London,18,96,60000,3,mean_intersection,88194ada15fffff,3.4709881e7,2.7653646e7,-7.056235e6
London,18,96,60000,3,mean_intersection,88194ada17fffff,3.5243003e7,2.790491e7,-7.338093e6
London,18,96,60000,3,mean_intersection,88194ada19fffff,3.6280395e7,2.9957234e7,-6.323161e6
London,18,96,60000,3,mean_intersection,88194ada1bfffff,3.6484663e7,2.8801428e7,-7.683235e6
London,18,96,60000,3,mean_intersection,88194ada1dfffff,3.6124479e7,2.8112657e7,-8.011822e6
London,18,96,60000,3,mean_intersection,88194ada21fffff,3.3343912e7,2.6259148e7,-7.084764e6
London,18,96,60000,3,mean_intersection,88194ada23fffff,3.2450181e7,2.6111223e7,-6.338958e6
London,18,96,60000,3,mean_intersection,88194ada25fffff,3.3303782e7,2.5749208e7,-7.554574e6
London,18,96,60000,3,mean_intersection,88194ada27fffff,3.2696302e7,2.6348525e7,-6.347777e6
London,18,96,60000,3,mean_intersection,88194ada29fffff,3.5645389e7,2.7222647e7,-8.422742e6
London,18,96,60000,3,mean_intersection,88194ada2bfffff,3.2885218e7,2.6511885e7,-6.373333e6
London,18,96,60000,3,mean_intersection,88194ada2dfffff,3.5367281e7,2.6091283e7,-9.275998e6
London,18,96,60000,3,mean_intersection,88194ada31fffff,3.2520508e7,2.5567055e7,-6.953453e6
London,18,96,60000,3,mean_intersection,88194ada33fffff,3.316091e7,2.5904867e7,-7.256043e6
London,18,96,60000,3,mean_intersection,88194ada35fffff,3.4253685e7,2.7675818e7,-6.577867e6
London,18,96,60000,3,mean_intersection,88194ada37fffff,3.235046e7,2.6225141e7,-6.125319e6
London,18,96,60000,3,mean_intersection,88194ada39fffff,3.1763205e7,2.4321277e7,-7.441928e6
London,18,96,60000,3,mean_intersection,88194ada3bfffff,3.421339e7,2.7670577e7,-6.542813e6
London,18,96,60000,3,mean_intersection,88194ada3dfffff,3.3119267e7,2.7313262e7,-5.806005e6
London,18,96,60000,3,mean_intersection,88194ada41fffff,3.8971562e7,2.8150568e7,-1.0820994e7
London,18,96,60000,3,mean_intersection,88194ada43fffff,3.7318548e7,2.7101884e7,-1.0216664e7
London,18,96,60000,3,mean_intersection,88194ada45fffff,3.779192e7,2.6660158e7,-1.1131762e7
London,18,96,60000,3,mean_intersection,88194ada47fffff,3.8488421e7,2.7019698e7,-1.1468723e7
London,18,96,60000,3,mean_intersection,88194ada49fffff,3.935074e7,2.9770347e7,-9.580393e6
London,18,96,60000,3,mean_intersection,88194ada4bfffff,3.8563139e7,2.911253e7,-9.450609e6
London,18,96,60000,3,mean_intersection,88194ada4dfffff,3.8184425e7,2.7458931e7,-1.0725494e7
London,18,96,60000,3,mean_intersection,88194ada51fffff,3.7625068e7,2.6813337e7,-1.0811731e7
London,18,96,60000,3,mean_intersection,88194ada53fffff,3.6450011e7,2.7557375e7,-8.892636e6
London,18,96,60000,3,mean_intersection,88194ada55fffff,3.8090267e7,2.682157e7,-1.1268697e7
London,18,96,60000,3,mean_intersection,88194ada57fffff,3.732362e7,2.7264319e7,-1.0059301e7
London,18,96,60000,3,mean_intersection,88194ada59fffff,3.8702674e7,2.9274082e7,-9.428592e6
London,18,96,60000,3,mean_intersection,88194ada5bfffff,3.715052e7,2.885859e7,-8.29193e6
London,18,96,60000,3,mean_intersection,88194ada5dfffff,3.8403634e7,2.8482463e7,-9.921171e6
London,18,96,60000,3,mean_intersection,88194ada61fffff,3.5746371e7,2.6998732e7,-8.747639e6
London,18,96,60000,3,mean_intersection,88194ada63fffff,3.6573912e7,2.7157581e7,-9.416331e6
London,18,96,60000,3,mean_intersection,88194ada65fffff,3.4766558e7,2.6102213e7,-8.664345e6
London,18,96,60000,3,mean_intersection,88194ada67fffff,3.5444021e7,2.707775e7,-8.366271e6
London,18,96,60000,3,mean_intersection,88194ada69fffff,3.5187994e7,2.5887432e7,-9.300562e6
London,18,96,60000,3,mean_intersection,88194ada6bfffff,3.7341238e7,2.7135657e7,-1.0205581e7
London,18,96,60000,3,mean_intersection,88194ada6dfffff,3.5954925e7,2.6964917e7,-8.990008e6
London,18,96,60000,3,mean_intersection,88194ada81fffff,3.2951333e7,2.6762944e7,-6.188389e6
London,18,96,60000,3,mean_intersection,88194ada83fffff,3.2795672e7,2.6667184e7,-6.128488e6
London,18,96,60000,3,mean_intersection,88194ada85fffff,3.4186075e7,2.7388209e7,-6.797866e6
London,18,96,60000,3,mean_intersection,88194ada87fffff,3.3213101e7,2.6875047e7,-6.338054e6
London,18,96,60000,3,mean_intersection,88194ada89fffff,3.4759389e7,2.8361041e7,-6.398348e6
London,18,96,60000,3,mean_intersection,88194ada8bfffff,3.3240926e7,2.6869149e7,-6.371777e6
London,18,96,60000,3,mean_intersection,88194ada8dfffff,3.6094995e7,2.8857737e7,-7.237258e6
London,18,96,60000,3,mean_intersection,88194ada91fffff,3.2216373e7,2.6606678e7,-5.609695e6
London,18,96,60000,3,mean_intersection,88194ada93fffff,3.2510491e7,2.7294465e7,-5.216026e6
London,18,96,60000,3,mean_intersection,88194ada95fffff,3.3854542e7,2.7007341e7,-6.847201e6
London,18,96,60000,3,mean_intersection,88194ada97fffff,3.2540069e7,2.6973396e7,-5.566673e6
London,18,96,60000,3,mean_intersection,88194ada99fffff,3.3679528e7,2.7298465e7,-6.381063e6
London,18,96,60000,3,mean_intersection,88194ada9bfffff,3.2693059e7,2.6668001e7,-6.025058e6
London,18,96,60000,3,mean_intersection,88194ada9dfffff,3.327167e7,2.6895616e7,-6.376054e6
London,18,96,60000,3,mean_intersection,88194adaa1fffff,3.2374232e7,2.6417711e7,-5.956521e6
London,18,96,60000,3,mean_intersection,88194adaa3fffff,3.2851158e7,2.6744672e7,-6.106486e6
London,18,96,60000,3,mean_intersection,88194adaa5fffff,2.9650558e7,2.3440427e7,-6.210131e6
London,18,96,60000,3,mean_intersection,88194adaa7fffff,3.1466009e7,2.6235274e7,-5.230735e6
London,18,96,60000,3,mean_intersection,88194adaa9fffff,3.2584768e7,2.6553615e7,-6.031153e6
London,18,96,60000,3,mean_intersection,88194adaabfffff,3.1531346e7,2.5709628e7,-5.821718e6
London,18,96,60000,3,mean_intersection,88194adaadfffff,3.2391691e7,2.6561968e7,-5.829723e6
London,18,96,60000,3,mean_intersection,88194adab1fffff,3.3558378e7,2.7081425e7,-6.476953e6
London,18,96,60000,3,mean_intersection,88194adab3fffff,3.285854e7,2.6868132e7,-5.990408e6
London,18,96,60000,3,mean_intersection,88194adab5fffff,3.3767333e7,2.6906109e7,-6.861224e6
London,18,96,60000,3,mean_intersection,88194adab7fffff,3.2495652e7,2.707191e7,-5.423742e6
London,18,96,60000,3,mean_intersection,88194adab9fffff,3.304443e7,2.6976695e7,-6.067735e6
London,18,96,60000,3,mean_intersection,88194adabbfffff,3.3290662e7,2.6995317e7,-6.295345e6
London,18,96,60000,3,mean_intersection,88194adabdfffff,3.4873436e7,2.738975e7,-7.483686e6
London,18,96,60000,3,mean_intersection,88194adac1fffff,3.4553528e7,2.8041208e7,-6.51232e6
London,18,96,60000,3,mean_intersection,88194adac3fffff,3.4061678e7,2.7366222e7,-6.695456e6
London,18,96,60000,3,mean_intersection,88194adac5fffff,3.5482208e7,2.7350758e7,-8.13145e6
London,18,96,60000,3,mean_intersection,88194adac7fffff,3.5091338e7,2.8121505e7,-6.969833e6
London,18,96,60000,3,mean_intersection,88194adac9fffff,3.6395248e7,2.93025e7,-7.092748e6
London,18,96,60000,3,mean_intersection,88194adacbfffff,3.4483889e7,2.8515863e7,-5.968026e6
London,18,96,60000,3,mean_intersection,88194adacdfffff,3.606169e7,2.6929887e7,-9.131803e6
London,18,96,60000,3,mean_intersection,88194adad1fffff,3.5357821e7,2.7189622e7,-8.168199e6
London,18,96,60000,3,mean_intersection,88194adad3fffff,3.2211057e7,2.5302689e7,-6.908368e6
London,18,96,60000,3,mean_intersection,88194adad5fffff,3.4228822e7,2.6744279e7,-7.484543e6
London,18,96,60000,3,mean_intersection,88194adad7fffff,3.4561649e7,2.7166034e7,-7.395615e6
London,18,96,60000,3,mean_intersection,88194adad9fffff,3.592713e7,2.8795257e7,-7.131873e6
London,18,96,60000,3,mean_intersection,88194adadbfffff,3.360735e7,2.7074857e7,-6.532493e6
London,18,96,60000,3,mean_intersection,88194adaddfffff,3.5477439e7,2.8162477e7,-7.314962e6
London,18,96,60000,3,mean_intersection,88194adae1fffff,3.3357009e7,2.5713982e7,-7.643027e6
London,18,96,60000,3,mean_intersection,88194adae3fffff,3.3889654e7,2.593189e7,-7.957764e6
London,18,96,60000,3,mean_intersection,88194adae5fffff,3.3560075e7,2.6325216e7,-7.234859e6
London,18,96,60000,3,mean_intersection,88194adae7fffff,3.3028198e7,2.5574193e7,-7.454005e6
London,18,96,60000,3,mean_intersection,88194adae9fffff,3.5140543e7,2.7784138e7,-7.356405e6
London,18,96,60000,3,mean_intersection,88194adaebfffff,3.3869242e7,2.6001545e7,-7.867697e6
London,18,96,60000,3,mean_intersection,88194adaedfffff,3.5352102e7,2.7737369e7,-7.614733e6
London,18,96,60000,3,mean_intersection,88194adb01fffff,3.4216291e7,2.5875138e7,-8.341153e6
London,18,96,60000,3,mean_intersection,88194adb03fffff,3.2406798e7,2.2720355e7,-9.686443e6
London,18,96,60000,3,mean_intersection,88194adb05fffff,3.3116621e7,2.2779811e7,-1.033681e7
London,18,96,60000,3,mean_intersection,88194adb07fffff,3.3486333e7,2.3137441e7,-1.0348892e7
London,18,96,60000,3,mean_intersection,88194adb09fffff,3.3536943e7,2.7173647e7,-6.363296e6
London,18,96,60000,3,mean_intersection,88194adb0bfffff,3.2394714e7,2.2680122e7,-9.714592e6
London,18,96,60000,3,mean_intersection,88194adb0dfffff,3.5168268e7,2.8774235e7,-6.394033e6
London,18,96,60000,3,mean_intersection,88194adb11fffff,3.1317855e7,2.2991583e7,-8.326272e6
London,18,96,60000,3,mean_intersection,88194adb13fffff,3.251979e7,2.4567383e7,-7.952407e6
London,18,96,60000,3,mean_intersection,88194adb15fffff,3.2434666e7,2.3229996e7,-9.20467e6
London,18,96,60000,3,mean_intersection,88194adb17fffff,3.0999159e7,2.3789166e7,-7.209993e6
London,18,96,60000,3,mean_intersection,88194adb19fffff,3.4073684e7,2.3975501e7,-1.0098183e7
London,18,96,60000,3,mean_intersection,88194adb1bfffff,3.2737578e7,2.5451184e7,-7.286394e6
London,18,96,60000,3,mean_intersection,88194adb1dfffff,3.3294526e7,2.3615238e7,-9.679288e6
London,18,96,60000,3,mean_intersection,88194adb29fffff,3.3734029e7,2.3108653e7,-1.0625376e7
London,18,96,60000,3,mean_intersection,88194adb2bfffff,3.2647503e7,2.3515751e7,-9.131752e6
London,18,96,60000,3,mean_intersection,88194adb31fffff,3.1198357e7,2.3327788e7,-7.870569e6
London,18,96,60000,3,mean_intersection,88194adb33fffff,2.8997904e7,2.1730971e7,-7.266933e6
London,18,96,60000,3,mean_intersection,88194adb39fffff,3.2203654e7,2.3314703e7,-8.888951e6
London,18,96,60000,3,mean_intersection,88194adb3bfffff,3.1831745e7,2.3542209e7,-8.289536e6
London,18,96,60000,3,mean_intersection,88194adb3dfffff,3.1817939e7,2.3213378e7,-8.604561e6
London,18,96,60000,3,mean_intersection,88194adb41fffff,3.4120685e7,2.5808768e7,-8.311917e6
London,18,96,60000,3,mean_intersection,88194adb43fffff,3.4657571e7,2.8385518e7,-6.272053e6
London,18,96,60000,3,mean_intersection,88194adb45fffff,3.4556543e7,2.7361832e7,-7.194711e6
London,18,96,60000,3,mean_intersection,88194adb47fffff,3.6556798e7,2.9418419e7,-7.138379e6
London,18,96,60000,3,mean_intersection,88194adb49fffff,3.3707168e7,2.3610183e7,-1.0096985e7
London,18,96,60000,3,mean_intersection,88194adb4bfffff,3.4954284e7,2.422913e7,-1.0725154e7
London,18,96,60000,3,mean_intersection,88194adb4dfffff,3.4664656e7,2.3531868e7,-1.1132788e7
London,18,96,60000,3,mean_intersection,88194adb51fffff,3.4171297e7,2.3420678e7,-1.0750619e7
London,18,96,60000,3,mean_intersection,88194adb53fffff,3.4828582e7,2.6044808e7,-8.783774e6
London,18,96,60000,3,mean_intersection,88194adb55fffff,3.479751e7,2.4840784e7,-9.956726e6
London,18,96,60000,3,mean_intersection,88194adb57fffff,3.3133691e7,2.3443176e7,-9.690515e6
London,18,96,60000,3,mean_intersection,88194adb59fffff,3.4281806e7,2.6214548e7,-8.067258e6
London,18,96,60000,3,mean_intersection,88194adb5bfffff,3.3393206e7,2.4797128e7,-8.596078e6
London,18,96,60000,3,mean_intersection,88194adb5dfffff,3.5118739e7,2.4324565e7,-1.0794174e7
London,18,96,60000,3,mean_intersection,88194adb61fffff,3.3428849e7,2.2928087e7,-1.0500762e7
London,18,96,60000,3,mean_intersection,88194adb63fffff,3.5064289e7,2.3450211e7,-1.1614078e7
London,18,96,60000,3,mean_intersection,88194adb65fffff,3.2519512e7,2.4438162e7,-8.08135e6
London,18,96,60000,3,mean_intersection,88194adb67fffff,3.3261229e7,2.331409e7,-9.947139e6
London,18,96,60000,3,mean_intersection,88194adb69fffff,3.3074117e7,2.340268e7,-9.671437e6
London,18,96,60000,3,mean_intersection,88194adb6bfffff,3.476653e7,2.7286619e7,-7.479911e6
London,18,96,60000,3,mean_intersection,88194adb6dfffff,3.2679822e7,2.464213e7,-8.037692e6
London,18,96,60000,3,mean_intersection,88194e6805fffff,3.2001165e7,2.2403275e7,-9.59789e6
London,18,96,60000,3,mean_intersection,88194e6807fffff,3.2968752e7,2.2208529e7,-1.0760223e7
London,18,96,60000,3,mean_intersection,88194e6821fffff,3.4248207e7,2.3428795e7,-1.0819412e7
London,18,96,60000,3,mean_intersection,88194e6823fffff,3.3639189e7,2.5262105e7,-8.377084e6
London,18,96,60000,3,mean_intersection,88194e6825fffff,3.4918408e7,2.3732065e7,-1.1186343e7
London,18,96,60000,3,mean_intersection,88194e6827fffff,3.4454341e7,2.4960675e7,-9.493666e6
London,18,96,60000,3,mean_intersection,88194e6829fffff,3.2533545e7,2.3873383e7,-8.660162e6
London,18,96,60000,3,mean_intersection,88194e682bfffff,3.1675275e7,2.2835533e7,-8.839742e6
London,18,96,60000,3,mean_intersection,88194e682dfffff,3.3447758e7,2.2954379e7,-1.0493379e7
London,18,96,60000,3,mean_intersection,88194e6831fffff,3.4566342e7,2.4628675e7,-9.937667e6
London,18,96,60000,3,mean_intersection,88194e6833fffff,3.3547917e7,2.2972481e7,-1.0575436e7
London,18,96,60000,3,mean_intersection,88194e6835fffff,3.4034129e7,2.5196868e7,-8.837261e6
London,18,96,60000,3,mean_intersection,88194e6837fffff,3.6130988e7,2.7930555e7,-8.200433e6
London,18,96,60000,3,mean_intersection,88194e6839fffff,3.4861952e7,2.2239491e7,-1.2622461e7
London,18,96,60000,3,mean_intersection,88194e683bfffff,3.1505115e7,2.1617703e7,-9.887412e6
London,18,96,60000,3,mean_intersection,88194e683dfffff,3.460876e7,2.3949433e7,-1.0659327e7
London,18,96,60000,3,mean_intersection,88194e6863fffff,3.1351584e7,2.2513673e7,-8.837911e6
London,18,96,60000,3,mean_intersection,88194e6867fffff,3.1425296e7,2.187475e7,-9.550546e6
London,18,96,60000,3,mean_intersection,88194e6885fffff,3.4206482e7,2.57431e7,-8.463382e6
London,18,96,60000,3,mean_intersection,88194e6887fffff,3.3332808e7,2.5731355e7,-7.601453e6
London,18,96,60000,3,mean_intersection,88194e68a1fffff,3.484247e7,2.538565e7,-9.45682e6
London,18,96,60000,3,mean_intersection,88194e68a3fffff,3.3628866e7,2.7887608e7,-5.741258e6
London,18,96,60000,3,mean_intersection,88194e68a5fffff,3.5191574e7,2.8728543e7,-6.463031e6
London,18,96,60000,3,mean_intersection,88194e68a7fffff,3.576521e7,2.9490381e7,-6.274829e6
London,18,96,60000,3,mean_intersection,88194e68a9fffff,3.3552977e7,2.3354323e7,-1.0198654e7
London,18,96,60000,3,mean_intersection,88194e68abfffff,3.33433e7,2.6495792e7,-6.847508e6
London,18,96,60000,3,mean_intersection,88194e68adfffff,3.4600261e7,2.7495377e7,-7.104884e6
London,18,96,60000,3,mean_intersection,88194e68b1fffff,3.237711e7,2.674313e7,-5.63398e6
London,18,96,60000,3,mean_intersection,88194e68b3fffff,3.2849097e7,2.7779293e7,-5.069804e6
London,18,96,60000,3,mean_intersection,88194e68b5fffff,3.359261e7,2.7884076e7,-5.708534e6
London,18,96,60000,3,mean_intersection,88194e68b7fffff,3.2987278e7,2.7691539e7,-5.295739e6
London,18,96,60000,3,mean_intersection,88194e68b9fffff,3.226563e7,2.511374e7,-7.15189e6
London,18,96,60000,3,mean_intersection,88194e68bbfffff,3.2237041e7,2.5529495e7,-6.707546e6
London,18,96,60000,3,mean_intersection,88194e68bdfffff,3.208476e7,2.6801432e7,-5.283328e6
London,18,96,60000,3,mean_intersection,88194e68e1fffff,3.482444e7,2.4845878e7,-9.978562e6
London,18,96,60000,3,mean_intersection,88194e68e3fffff,3.392155e7,2.3908797e7,-1.0012753e7
London,18,96,60000,3,mean_intersection,88194e68e5fffff,3.1950949e7,2.502118e7,-6.929769e6
London,18,96,60000,3,mean_intersection,88194e68e7fffff,3.3749738e7,2.6226087e7,-7.523651e6
London,18,96,60000,3,mean_intersection,88194e68edfffff,3.3043993e7,2.5142666e7,-7.901327e6
London,18,96,60000,3,mean_intersection,88194e6901fffff,3.399606e7,2.2803723e7,-1.1192337e7
London,18,96,60000,3,mean_intersection,88194e6903fffff,3.2875602e7,2.283738e7,-1.0038222e7
London,18,96,60000,3,mean_intersection,88194e6905fffff,3.5124681e7,2.3520392e7,-1.1604289e7
London,18,96,60000,3,mean_intersection,88194e6907fffff,3.5561031e7,2.3141244e7,-1.2419787e7
London,18,96,60000,3,mean_intersection,88194e6909fffff,3.2021297e7,2.2901163e7,-9.120134e6
London,18,96,60000,3,mean_intersection,88194e690bfffff,3.1020941e7,2.1222965e7,-9.797976e6
London,18,96,60000,3,mean_intersection,88194e690dfffff,3.3168389e7,2.3062484e7,-1.0105905e7
London,18,96,60000,3,mean_intersection,88194e6911fffff,3.4325966e7,2.3462938e7,-1.0863028e7
London,18,96,60000,3,mean_intersection,88194e6913fffff,3.6623771e7,2.5657994e7,-1.0965777e7
London,18,96,60000,3,mean_intersection,88194e6915fffff,3.5437477e7,2.3160226e7,-1.2277251e7
London,18,96,60000,3,mean_intersection,88194e6917fffff,3.7279e7,2.3765813e7,-1.3513187e7
London,18,96,60000,3,mean_intersection,88194e6919fffff,3.4965151e7,2.3509727e7,-1.1455424e7
London,18,96,60000,3,mean_intersection,88194e691bfffff,3.6459764e7,2.697102e7,-9.488744e6
London,18,96,60000,3,mean_intersection,88194e691dfffff,3.3592792e7,2.3212482e7,-1.038031e7
London,18,96,60000,3,mean_intersection,88194e6921fffff,3.5188471e7,2.4315275e7,-1.0873196e7
London,18,96,60000,3,mean_intersection,88194e6923fffff,3.5618389e7,2.5872348e7,-9.746041e6
London,18,96,60000,3,mean_intersection,88194e6925fffff,3.4043665e7,2.4571785e7,-9.47188e6
London,18,96,60000,3,mean_intersection,88194e6927fffff,3.5979816e7,2.6135287e7,-9.844529e6
London,18,96,60000,3,mean_intersection,88194e6929fffff,3.3348123e7,2.2874569e7,-1.0473554e7
London,18,96,60000,3,mean_intersection,88194e692bfffff,3.6156723e7,2.3915571e7,-1.2241152e7
London,18,96,60000,3,mean_intersection,88194e692dfffff,3.3857781e7,2.3778961e7,-1.007882e7
London,18,96,60000,3,mean_intersection,88194e6931fffff,3.8074541e7,2.6601054e7,-1.1473487e7
London,18,96,60000,3,mean_intersection,88194e6933fffff,3.6096586e7,2.5288861e7,-1.0807725e7
London,18,96,60000,3,mean_intersection,88194e6935fffff,3.644503e7,2.4959424e7,-1.1485606e7
London,18,96,60000,3,mean_intersection,88194e6937fffff,3.8656574e7,2.7578697e7,-1.1077877e7
London,18,96,60000,3,mean_intersection,88194e6939fffff,3.5431076e7,2.3446743e7,-1.1984333e7
London,18,96,60000,3,mean_intersection,88194e693bfffff,3.5526772e7,2.4462538e7,-1.1064234e7
London,18,96,60000,3,mean_intersection,88194e693dfffff,3.7215882e7,2.5162761e7,-1.2053121e7
London,18,96,60000,3,mean_intersection,88194e6951fffff,3.3200833e7,2.3404111e7,-9.796722e6
London,18,96,60000,3,mean_intersection,88194e6953fffff,3.4075871e7,2.3639138e7,-1.0436733e7
London,18,96,60000,3,mean_intersection,88194e6955fffff,3.1579112e7,2.3150887e7,-8.428225e6
London,18,96,60000,3,mean_intersection,88194e6957fffff,3.2846107e7,2.3367046e7,-9.479061e6
London,18,96,60000,3,mean_intersection,88194e695bfffff,3.3127983e7,2.3087563e7,-1.004042e7
London,18,96,60000,3,mean_intersection,88194e6963fffff,3.4894576e7,2.3340096e7,-1.155448e7
London,18,96,60000,3,mean_intersection,88194e6967fffff,3.359691e7,2.3350426e7,-1.0246484e7
London,18,96,60000,3,mean_intersection,88194e6981fffff,3.5670666e7,2.7515348e7,-8.155318e6
London,18,96,60000,3,mean_intersection,88194e6983fffff,3.6982164e7,3.2491897e7,-4.490267e6
London,18,96,60000,3,mean_intersection,88194e6985fffff,3.476109e7,2.7694208e7,-7.066882e6
London,18,96,60000,3,mean_intersection,88194e6987fffff,3.624739e7,2.7416443e7,-8.830947e6
London,18,96,60000,3,mean_intersection,88194e6989fffff,3.5557717e7,2.6217523e7,-9.340194e6
London,18,96,60000,3,mean_intersection,88194e698bfffff,3.6581379e7,3.1774513e7,-4.806866e6
London,18,96,60000,3,mean_intersection,88194e698dfffff,3.2268926e7,2.5020142e7,-7.248784e6
London,18,96,60000,3,mean_intersection,88194e6991fffff,3.6876562e7,3.3832076e7,-3.044486e6
London,18,96,60000,3,mean_intersection,88194e6993fffff,3.6812169e7,3.2002951e7,-4.809218e6
London,18,96,60000,3,mean_intersection,88194e6995fffff,3.6775278e7,3.3608319e7,-3.166959e6
London,18,96,60000,3,mean_intersection,88194e6997fffff,3.5731129e7,2.9350255e7,-6.380874e6
London,18,96,60000,3,mean_intersection,88194e6999fffff,3.6602598e7,3.1287056e7,-5.315542e6
London,18,96,60000,3,mean_intersection,88194e699bfffff,3.5951453e7,2.6750629e7,-9.200824e6
London,18,96,60000,3,mean_intersection,88194e699dfffff,3.8057094e7,3.4327053e7,-3.730041e6
London,18,96,60000,3,mean_intersection,88194e69a1fffff,3.7548076e7,2.6877541e7,-1.0670535e7
London,18,96,60000,3,mean_intersection,88194e69a3fffff,3.7030333e7,3.1541059e7,-5.489274e6
London,18,96,60000,3,mean_intersection,88194e69a5fffff,3.6219278e7,2.5790638e7,-1.042864e7
London,18,96,60000,3,mean_intersection,88194e69a7fffff,3.7607979e7,2.8849832e7,-8.758147e6
London,18,96,60000,3,mean_intersection,88194e69a9fffff,3.5746756e7,2.534548e7,-1.0401276e7
London,18,96,60000,3,mean_intersection,88194e69abfffff,3.6758955e7,2.6829624e7,-9.929331e6
London,18,96,60000,3,mean_intersection,88194e69adfffff,3.6767969e7,2.6793903e7,-9.974066e6
London,18,96,60000,3,mean_intersection,88194e69b1fffff,3.5353378e7,2.9819884e7,-5.533494e6
London,18,96,60000,3,mean_intersection,88194e69b3fffff,3.7990381e7,3.2457745e7,-5.532636e6
London,18,96,60000,3,mean_intersection,88194e69b5fffff,3.5968155e7,3.096496e7,-5.003195e6
London,18,96,60000,3,mean_intersection,88194e69b7fffff,3.7290161e7,3.2326855e7,-4.963306e6
London,18,96,60000,3,mean_intersection,88194e69b9fffff,3.5095208e7,2.7832803e7,-7.262405e6
London,18,96,60000,3,mean_intersection,88194e69bbfffff,3.6583622e7,2.887869e7,-7.704932e6
London,18,96,60000,3,mean_intersection,88194e69bdfffff,3.5285392e7,2.9244529e7,-6.040863e6
London,18,96,60000,3,mean_intersection,88194e69c1fffff,3.5479629e7,2.6764804e7,-8.714825e6
London,18,96,60000,3,mean_intersection,88194e69c3fffff,3.6232066e7,2.7725403e7,-8.506663e6
London,18,96,60000,3,mean_intersection,88194e69c5fffff,3.4346038e7,2.5854655e7,-8.491383e6
London,18,96,60000,3,mean_intersection,88194e69c7fffff,3.4298936e7,2.7286121e7,-7.012815e6
London,18,96,60000,3,mean_intersection,88194e69c9fffff,3.403928e7,2.6877861e7,-7.161419e6
London,18,96,60000,3,mean_intersection,88194e69cbfffff,3.4594846e7,2.7741351e7,-6.853495e6
London,18,96,60000,3,mean_intersection,88194e69cdfffff,3.5601989e7,2.685245e7,-8.749539e6
London,18,96,60000,3,mean_intersection,88194e69d1fffff,3.5504978e7,2.9718437e7,-5.786541e6
London,18,96,60000,3,mean_intersection,88194e69d3fffff,3.5327283e7,2.8199872e7,-7.127411e6
London,18,96,60000,3,mean_intersection,88194e69d5fffff,3.7131103e7,2.7127379e7,-1.0003724e7
London,18,96,60000,3,mean_intersection,88194e69d7fffff,3.6697251e7,3.1249116e7,-5.448135e6
London,18,96,60000,3,mean_intersection,88194e69d9fffff,3.4756335e7,2.6603732e7,-8.152603e6
London,18,96,60000,3,mean_intersection,88194e69dbfffff,3.5946836e7,2.7880968e7,-8.065868e6
London,18,96,60000,3,mean_intersection,88194e69ddfffff,3.5256419e7,2.7328536e7,-7.927883e6
London,18,96,60000,3,mean_intersection,88194e69e1fffff,3.3355399e7,2.4697345e7,-8.658054e6
London,18,96,60000,3,mean_intersection,88194e69e3fffff,3.3486162e7,2.5830281e7,-7.655881e6
London,18,96,60000,3,mean_intersection,88194e69e5fffff,3.3823579e7,2.4843705e7,-8.979874e6
London,18,96,60000,3,mean_intersection,88194e69e7fffff,3.5080972e7,2.6079459e7,-9.001513e6
London,18,96,60000,3,mean_intersection,88194e69e9fffff,3.5262032e7,2.4999826e7,-1.0262206e7
London,18,96,60000,3,mean_intersection,88194e69ebfffff,3.3848031e7,2.6824098e7,-7.023933e6
London,18,96,60000,3,mean_intersection,88194e69edfffff,3.3111819e7,2.2975612e7,-1.0136207e7
London,18,96,60000,3,mean_intersection,88194e6d05fffff,3.2958816e7,2.5275362e7,-7.683454e6
London,18,96,60000,3,mean_intersection,88194e6d07fffff,3.2552469e7,2.5150997e7,-7.401472e6
London,18,96,60000,3,mean_intersection,88194e6d21fffff,3.1980566e7,2.5743563e7,-6.237003e6
London,18,96,60000,3,mean_intersection,88194e6d23fffff,3.0863035e7,2.529217e7,-5.570865e6
London,18,96,60000,3,mean_intersection,88194e6d25fffff,3.2795998e7,2.8720332e7,-4.075666e6
London,18,96,60000,3,mean_intersection,88194e6d27fffff,3.1057651e7,2.5907275e7,-5.150376e6
London,18,96,60000,3,mean_intersection,88194e6d29fffff,3.315672e7,2.626949e7,-6.88723e6
London,18,96,60000,3,mean_intersection,88194e6d2bfffff,3.2243844e7,2.5536173e7,-6.707671e6
London,18,96,60000,3,mean_intersection,88194e6d2dfffff,3.2792929e7,2.814719e7,-4.645739e6
London,18,96,60000,3,mean_intersection,88194e6d31fffff,2.932779e7,2.4902135e7,-4.425655e6
London,18,96,60000,3,mean_intersection,88194e6d33fffff,2.9143583e7,2.4403618e7,-4.739965e6
London,18,96,60000,3,mean_intersection,88194e6d35fffff,3.0365153e7,2.5464445e7,-4.900708e6
London,18,96,60000,3,mean_intersection,88194e6d37fffff,3.1132064e7,2.3850167e7,-7.281897e6
London,18,96,60000,3,mean_intersection,88194e6d39fffff,3.0893967e7,2.3760691e7,-7.133276e6
London,18,96,60000,3,mean_intersection,88194e6d3bfffff,2.9277726e7,2.497133e7,-4.306396e6
London,18,96,60000,3,mean_intersection,88194e6d3dfffff,2.9719549e7,2.2180785e7,-7.538764e6
London,18,96,60000,3,mean_intersection,88194e6d61fffff,3.1490593e7,2.5604476e7,-5.886117e6
London,18,96,60000,3,mean_intersection,88194e6d63fffff,3.3984189e7,2.7159563e7,-6.824626e6
London,18,96,60000,3,mean_intersection,88194e6d65fffff,3.3115582e7,2.8102184e7,-5.013398e6
London,18,96,60000,3,mean_intersection,88194e6d67fffff,3.2639581e7,2.7744039e7,-4.895542e6
London,18,96,60000,3,mean_intersection,88194e6d6dfffff,3.2489594e7,2.6648525e7,-5.841069e6
London,18,96,60000,3,mean_intersection,88195da401fffff,3.4105262e7,2.6218971e7,-7.886291e6
London,18,96,60000,3,mean_intersection,88195da403fffff,3.7235728e7,2.6234226e7,-1.1001502e7
London,18,96,60000,3,mean_intersection,88195da405fffff,3.3809295e7,2.5208002e7,-8.601293e6
London,18,96,60000,3,mean_intersection,88195da407fffff,3.5319558e7,2.5798488e7,-9.52107e6
London,18,96,60000,3,mean_intersection,88195da409fffff,3.3563423e7,2.6135487e7,-7.427936e6
London,18,96,60000,3,mean_intersection,88195da40bfffff,3.3206744e7,2.5978908e7,-7.227836e6
London,18,96,60000,3,mean_intersection,88195da40dfffff,3.4158095e7,2.6192451e7,-7.965644e6
London,18,96,60000,3,mean_intersection,88195da411fffff,3.5038351e7,2.6427202e7,-8.611149e6
London,18,96,60000,3,mean_intersection,88195da413fffff,3.8271279e7,2.9216645e7,-9.054634e6
London,18,96,60000,3,mean_intersection,88195da415fffff,3.6135376e7,2.6419191e7,-9.716185e6
London,18,96,60000,3,mean_intersection,88195da417fffff,3.8538484e7,2.9504504e7,-9.03398e6
London,18,96,60000,3,mean_intersection,88195da419fffff,3.5331223e7,2.5872324e7,-9.458899e6
London,18,96,60000,3,mean_intersection,88195da41bfffff,3.5223405e7,2.7494825e7,-7.72858e6
London,18,96,60000,3,mean_intersection,88195da41dfffff,3.4639988e7,2.5128354e7,-9.511634e6
London,18,96,60000,3,mean_intersection,88195da421fffff,3.553084e7,2.7126638e7,-8.404202e6
London,18,96,60000,3,mean_intersection,88195da423fffff,3.5901176e7,2.7195122e7,-8.706054e6
London,18,96,60000,3,mean_intersection,88195da425fffff,3.4547138e7,2.6853761e7,-7.693377e6
London,18,96,60000,3,mean_intersection,88195da427fffff,3.4429863e7,2.6966734e7,-7.463129e6
London,18,96,60000,3,mean_intersection,88195da429fffff,3.4394765e7,2.6310313e7,-8.084452e6
London,18,96,60000,3,mean_intersection,88195da42bfffff,3.6232554e7,2.6109426e7,-1.0123128e7
London,18,96,60000,3,mean_intersection,88195da42dfffff,3.4043402e7,2.6974082e7,-7.06932e6
London,18,96,60000,3,mean_intersection,88195da431fffff,3.5849913e7,2.6046066e7,-9.803847e6
London,18,96,60000,3,mean_intersection,88195da433fffff,3.6379409e7,2.7600989e7,-8.77842e6
London,18,96,60000,3,mean_intersection,88195da435fffff,3.6339046e7,2.5035384e7,-1.1303662e7
London,18,96,60000,3,mean_intersection,88195da437fffff,3.7404404e7,2.615802e7,-1.1246384e7
London,18,96,60000,3,mean_intersection,88195da439fffff,3.5313411e7,2.6333461e7,-8.97995e6
London,18,96,60000,3,mean_intersection,88195da43bfffff,3.5942534e7,2.6493332e7,-9.449202e6
London,18,96,60000,3,mean_intersection,88195da43dfffff,3.4523769e7,2.5231012e7,-9.292757e6
London,18,96,60000,3,mean_intersection,88195da441fffff,3.4123658e7,2.542602e7,-8.697638e6
London,18,96,60000,3,mean_intersection,88195da443fffff,3.5587053e7,2.5551576e7,-1.0035477e7
London,18,96,60000,3,mean_intersection,88195da445fffff,3.5495009e7,2.5732433e7,-9.762576e6
London,18,96,60000,3,mean_intersection,88195da447fffff,3.4447218e7,2.598134e7,-8.465878e6
London,18,96,60000,3,mean_intersection,88195da449fffff,3.2978785e7,2.5902542e7,-7.076243e6
London,18,96,60000,3,mean_intersection,88195da44bfffff,3.4345199e7,2.5838384e7,-8.506815e6
London,18,96,60000,3,mean_intersection,88195da44dfffff,3.4376986e7,2.5275593e7,-9.101393e6
London,18,96,60000,3,mean_intersection,88195da451fffff,3.696358e7,2.6211502e7,-1.0752078e7
London,18,96,60000,3,mean_intersection,88195da453fffff,3.7228972e7,2.7554485e7,-9.674487e6
London,18,96,60000,3,mean_intersection,88195da455fffff,3.4817866e7,2.6149612e7,-8.668254e6
London,18,96,60000,3,mean_intersection,88195da457fffff,3.3194333e7,2.4113239e7,-9.081094e6
London,18,96,60000,3,mean_intersection,88195da459fffff,3.5515934e7,2.6653814e7,-8.86212e6
London,18,96,60000,3,mean_intersection,88195da45bfffff,3.7724732e7,2.8011134e7,-9.713598e6
London,18,96,60000,3,mean_intersection,88195da45dfffff,3.694664e7,2.6296906e7,-1.0649734e7
London,18,96,60000,3,mean_intersection,88195da461fffff,3.1740923e7,2.4873688e7,-6.867235e6
London,18,96,60000,3,mean_intersection,88195da463fffff,3.3877431e7,2.6197182e7,-7.680249e6
London,18,96,60000,3,mean_intersection,88195da465fffff,3.0704857e7,2.3341051e7,-7.363806e6
London,18,96,60000,3,mean_intersection,88195da467fffff,3.3565057e7,2.6434052e7,-7.131005e6
London,18,96,60000,3,mean_intersection,88195da469fffff,3.2950168e7,2.5281497e7,-7.668671e6
London,18,96,60000,3,mean_intersection,88195da46bfffff,3.4353691e7,2.564913e7,-8.704561e6
London,18,96,60000,3,mean_intersection,88195da46dfffff,3.1215247e7,2.444158e7,-6.773667e6
London,18,96,60000,3,mean_intersection,88195da481fffff,3.9403884e7,3.3671199e7,-5.732685e6
London,18,96,60000,3,mean_intersection,88195da483fffff,4.1116854e7,3.389731e7,-7.219544e6
London,18,96,60000,3,mean_intersection,88195da485fffff,3.9149223e7,3.2052172e7,-7.097051e6
London,18,96,60000,3,mean_intersection,88195da487fffff,4.0465324e7,3.223598e7,-8.229344e6
London,18,96,60000,3,mean_intersection,88195da489fffff,3.855872e7,3.3990156e7,-4.568564e6
London,18,96,60000,3,mean_intersection,88195da48bfffff,4.0676003e7,3.6270705e7,-4.405298e6
London,18,96,60000,3,mean_intersection,88195da48dfffff,3.9891196e7,3.2813448e7,-7.077748e6
London,18,96,60000,3,mean_intersection,88195da491fffff,4.058647e7,3.3610282e7,-6.976188e6
London,18,96,60000,3,mean_intersection,88195da493fffff,4.0602654e7,3.4335923e7,-6.266731e6
London,18,96,60000,3,mean_intersection,88195da495fffff,4.0961517e7,3.4580038e7,-6.381479e6
London,18,96,60000,3,mean_intersection,88195da497fffff,4.0134252e7,3.2213571e7,-7.920681e6
London,18,96,60000,3,mean_intersection,88195da499fffff,4.1314371e7,3.5691261e7,-5.62311e6
London,18,96,60000,3,mean_intersection,88195da49bfffff,4.0790204e7,3.3324104e7,-7.4661e6
London,18,96,60000,3,mean_intersection,88195da49dfffff,4.1299124e7,3.5887684e7,-5.41144e6
London,18,96,60000,3,mean_intersection,88195da4a1fffff,3.8629485e7,2.9642218e7,-8.987267e6
London,18,96,60000,3,mean_intersection,88195da4a3fffff,3.9377256e7,2.991644e7,-9.460816e6
London,18,96,60000,3,mean_intersection,88195da4a5fffff,3.7681391e7,2.8569552e7,-9.111839e6
London,18,96,60000,3,mean_intersection,88195da4a7fffff,3.8835008e7,2.8667369e7,-1.0167639e7
London,18,96,60000,3,mean_intersection,88195da4a9fffff,3.8950672e7,3.1100831e7,-7.849841e6
London,18,96,60000,3,mean_intersection,88195da4abfffff,3.9387464e7,3.1393343e7,-7.994121e6
London,18,96,60000,3,mean_intersection,88195da4adfffff,3.8132325e7,2.9347171e7,-8.785154e6
London,18,96,60000,3,mean_intersection,88195da4b1fffff,3.9975617e7,3.2047732e7,-7.927885e6
London,18,96,60000,3,mean_intersection,88195da4b3fffff,3.7942504e7,2.9733425e7,-8.209079e6
London,18,96,60000,3,mean_intersection,88195da4b5fffff,3.9642957e7,3.0895678e7,-8.747279e6
London,18,96,60000,3,mean_intersection,88195da4b7fffff,3.7802697e7,2.9083104e7,-8.719593e6
London,18,96,60000,3,mean_intersection,88195da4b9fffff,4.0010391e7,3.2316795e7,-7.693596e6
London,18,96,60000,3,mean_intersection,88195da4bbfffff,3.7960397e7,3.116983e7,-6.790567e6
London,18,96,60000,3,mean_intersection,88195da4bdfffff,4.0581586e7,3.2981194e7,-7.600392e6
London,18,96,60000,3,mean_intersection,88195da4c1fffff,3.9744423e7,3.2562685e7,-7.181738e6
London,18,96,60000,3,mean_intersection,88195da4c3fffff,4.0848335e7,3.7026595e7,-3.82174e6
London,18,96,60000,3,mean_intersection,88195da4c5fffff,3.9365978e7,3.1653312e7,-7.712666e6
London,18,96,60000,3,mean_intersection,88195da4c7fffff,3.8691196e7,3.2594632e7,-6.096564e6
London,18,96,60000,3,mean_intersection,88195da4c9fffff,4.023019e7,3.395745e7,-6.27274e6
London,18,96,60000,3,mean_intersection,88195da4cbfffff,4.0036835e7,3.4526972e7,-5.509863e6
London,18,96,60000,3,mean_intersection,88195da4cdfffff,3.8318264e7,2.9770535e7,-8.547729e6
London,18,96,60000,3,mean_intersection,88195da4d1fffff,4.2211541e7,4.0536589e7,-1.674952e6
London,18,96,60000,3,mean_intersection,88195da4d3fffff,4.1556449e7,3.8825082e7,-2.731367e6
London,18,96,60000,3,mean_intersection,88195da4d5fffff,4.0823477e7,3.7180645e7,-3.642832e6
London,18,96,60000,3,mean_intersection,88195da4d7fffff,4.1860502e7,3.9164877e7,-2.695625e6
London,18,96,60000,3,mean_intersection,88195da4d9fffff,4.2116527e7,4.1174122e7,-942405.0
London,18,96,60000,3,mean_intersection,88195da4dbfffff,4.1971459e7,4.0992921e7,-978538.0
London,18,96,60000,3,mean_intersection,88195da4ddfffff,4.1278981e7,3.8372778e7,-2.906203e6
London,18,96,60000,3,mean_intersection,88195da4e1fffff,3.89735e7,2.9726218e7,-9.247282e6
London,18,96,60000,3,mean_intersection,88195da4e3fffff,3.8764726e7,3.0699707e7,-8.065019e6
London,18,96,60000,3,mean_intersection,88195da4e5fffff,3.8776434e7,2.8058501e7,-1.0717933e7
London,18,96,60000,3,mean_intersection,88195da4e7fffff,3.8412044e7,3.0161027e7,-8.251017e6
London,18,96,60000,3,mean_intersection,88195da4e9fffff,3.8567305e7,2.9915395e7,-8.65191e6
London,18,96,60000,3,mean_intersection,88195da4ebfffff,3.9277207e7,3.1145949e7,-8.131258e6
London,18,96,60000,3,mean_intersection,88195da4edfffff,3.770776e7,2.7549091e7,-1.0158669e7
London,18,96,60000,3,mean_intersection,88195da503fffff,3.2556793e7,2.5844406e7,-6.712387e6
London,18,96,60000,3,mean_intersection,88195da50bfffff,3.2681858e7,2.5241162e7,-7.440696e6
London,18,96,60000,3,mean_intersection,88195da511fffff,3.2177689e7,2.6082497e7,-6.095192e6
London,18,96,60000,3,mean_intersection,88195da513fffff,3.1796688e7,2.2433884e7,-9.362804e6
London,18,96,60000,3,mean_intersection,88195da515fffff,3.1639372e7,2.4734044e7,-6.905328e6
London,18,96,60000,3,mean_intersection,88195da517fffff,3.2258203e7,2.6804251e7,-5.453952e6
London,18,96,60000,3,mean_intersection,88195da519fffff,3.3389518e7,2.6875837e7,-6.513681e6
London,18,96,60000,3,mean_intersection,88195da51bfffff,3.3483069e7,2.66617e7,-6.821369e6
London,18,96,60000,3,mean_intersection,88195da51dfffff,3.2165095e7,2.5233856e7,-6.931239e6
London,18,96,60000,3,mean_intersection,88195da531fffff,3.3302452e7,2.6845364e7,-6.457088e6
London,18,96,60000,3,mean_intersection,88195da533fffff,3.377468e7,2.5095203e7,-8.679477e6
London,18,96,60000,3,mean_intersection,88195da537fffff,3.5276469e7,2.703112e7,-8.245349e6
London,18,96,60000,3,mean_intersection,88195da539fffff,3.4059291e7,2.7339103e7,-6.720188e6
London,18,96,60000,3,mean_intersection,88195da53bfffff,3.1494109e7,2.4481965e7,-7.012144e6
London,18,96,60000,3,mean_intersection,88195da551fffff,3.4607219e7,2.6973043e7,-7.634176e6
London,18,96,60000,3,mean_intersection,88195da553fffff,3.1796673e7,2.3912915e7,-7.883758e6
London,18,96,60000,3,mean_intersection,88195da555fffff,3.3000327e7,2.5319961e7,-7.680366e6
London,18,96,60000,3,mean_intersection,88195da557fffff,3.2581345e7,2.558143e7,-6.999915e6
London,18,96,60000,3,mean_intersection,88195da559fffff,3.2199919e7,2.6209447e7,-5.990472e6
London,18,96,60000,3,mean_intersection,88195da55bfffff,3.2732151e7,2.6538446e7,-6.193705e6
London,18,96,60000,3,mean_intersection,88195da55dfffff,3.3002496e7,2.5711424e7,-7.291072e6
London,18,96,60000,3,mean_intersection,88195da581fffff,3.399579e7,2.454805e7,-9.44774e6
London,18,96,60000,3,mean_intersection,88195da583fffff,3.5844485e7,2.4348476e7,-1.1496009e7
London,18,96,60000,3,mean_intersection,88195da585fffff,3.341132e7,2.5433553e7,-7.977767e6
London,18,96,60000,3,mean_intersection,88195da587fffff,3.4904037e7,2.4359294e7,-1.0544743e7
London,18,96,60000,3,mean_intersection,88195da589fffff,3.5013803e7,2.5595708e7,-9.418095e6
London,18,96,60000,3,mean_intersection,88195da58bfffff,3.4377785e7,2.4633474e7,-9.744311e6
London,18,96,60000,3,mean_intersection,88195da58dfffff,3.396206e7,2.4280962e7,-9.681098e6
London,18,96,60000,3,mean_intersection,88195da591fffff,3.6048115e7,2.5368395e7,-1.067972e7
London,18,96,60000,3,mean_intersection,88195da593fffff,3.7193364e7,2.5944702e7,-1.1248662e7
London,18,96,60000,3,mean_intersection,88195da595fffff,3.4061289e7,2.3897909e7,-1.016338e7
London,18,96,60000,3,mean_intersection,88195da597fffff,3.5956267e7,2.6627199e7,-9.329068e6
London,18,96,60000,3,mean_intersection,88195da599fffff,3.7054768e7,2.7499894e7,-9.554874e6
London,18,96,60000,3,mean_intersection,88195da59bfffff,3.7237031e7,2.6794074e7,-1.0442957e7
London,18,96,60000,3,mean_intersection,88195da59dfffff,3.5090686e7,2.5951252e7,-9.139434e6
London,18,96,60000,3,mean_intersection,88195da5a1fffff,3.2988218e7,2.3575068e7,-9.41315e6
London,18,96,60000,3,mean_intersection,88195da5a3fffff,3.3311678e7,2.3853128e7,-9.45855e6
London,18,96,60000,3,mean_intersection,88195da5a5fffff,3.3654789e7,2.5928962e7,-7.725827e6
London,18,96,60000,3,mean_intersection,88195da5a7fffff,3.3237259e7,2.4115714e7,-9.121545e6
London,18,96,60000,3,mean_intersection,88195da5a9fffff,3.4383782e7,2.4613243e7,-9.770539e6
London,18,96,60000,3,mean_intersection,88195da5abfffff,3.2851213e7,2.4422498e7,-8.428715e6
London,18,96,60000,3,mean_intersection,88195da5adfffff,3.443288e7,2.4705075e7,-9.727805e6
London,18,96,60000,3,mean_intersection,88195da5b1fffff,3.6405825e7,2.4521022e7,-1.1884803e7
London,18,96,60000,3,mean_intersection,88195da5b3fffff,3.486699e7,2.7538057e7,-7.328933e6
London,18,96,60000,3,mean_intersection,88195da5b5fffff,3.4606315e7,2.4201114e7,-1.0405201e7
London,18,96,60000,3,mean_intersection,88195da5b7fffff,3.6612918e7,2.7777953e7,-8.834965e6
London,18,96,60000,3,mean_intersection,88195da5b9fffff,3.468361e7,2.4172472e7,-1.0511138e7
London,18,96,60000,3,mean_intersection,88195da5bbfffff,3.6841848e7,2.5958057e7,-1.0883791e7
London,18,96,60000,3,mean_intersection,88195da5bdfffff,3.4892052e7,2.4028383e7,-1.0863669e7
London,18,96,60000,3,mean_intersection,88195da5c1fffff,3.4898189e7,2.4255191e7,-1.0642998e7
London,18,96,60000,3,mean_intersection,88195da5c3fffff,3.6432762e7,2.4229908e7,-1.2202854e7
London,18,96,60000,3,mean_intersection,88195da5c5fffff,3.5228973e7,2.4595904e7,-1.0633069e7
London,18,96,60000,3,mean_intersection,88195da5c7fffff,3.5990652e7,2.4389003e7,-1.1601649e7
London,18,96,60000,3,mean_intersection,88195da5c9fffff,3.6485643e7,2.5880619e7,-1.0605024e7
London,18,96,60000,3,mean_intersection,88195da5cbfffff,3.6036999e7,2.55249e7,-1.0512099e7
London,18,96,60000,3,mean_intersection,88195da5cdfffff,3.4327272e7,2.5215119e7,-9.112153e6
London,18,96,60000,3,mean_intersection,88195da5d1fffff,3.6402779e7,2.5077585e7,-1.1325194e7
London,18,96,60000,3,mean_intersection,88195da5d3fffff,3.6250124e7,2.7121723e7,-9.128401e6
London,18,96,60000,3,mean_intersection,88195da5d5fffff,3.5815871e7,2.3875902e7,-1.1939969e7
London,18,96,60000,3,mean_intersection,88195da5d7fffff,3.6406509e7,2.6915776e7,-9.490733e6
London,18,96,60000,3,mean_intersection,88195da5d9fffff,3.8022617e7,2.648407e7,-1.1538547e7
London,18,96,60000,3,mean_intersection,88195da5dbfffff,3.8058537e7,2.7715456e7,-1.0343081e7
London,18,96,60000,3,mean_intersection,88195da5ddfffff,3.7478947e7,2.5442316e7,-1.2036631e7
London,18,96,60000,3,mean_intersection,88195da5e1fffff,3.4167668e7,2.589893e7,-8.268738e6
London,18,96,60000,3,mean_intersection,88195da5e3fffff,3.3050757e7,2.5431296e7,-7.619461e6
London,18,96,60000,3,mean_intersection,88195da5e5fffff,3.6173002e7,2.7722784e7,-8.450218e6
London,18,96,60000,3,mean_intersection,88195da5e7fffff,3.2261594e7,2.467788e7,-7.583714e6
London,18,96,60000,3,mean_intersection,88195da5e9fffff,3.363345e7,2.6109679e7,-7.523771e6
London,18,96,60000,3,mean_intersection,88195da5ebfffff,3.3980235e7,2.3930561e7,-1.0049674e7
London,18,96,60000,3,mean_intersection,88195da5edfffff,3.4574805e7,2.6739193e7,-7.835612e6
London,18,96,60000,3,mean_intersection,88195da601fffff,3.3116602e7,2.3591825e7,-9.524777e6
London,18,96,60000,3,mean_intersection,88195da603fffff,3.5489698e7,2.404629e7,-1.1443408e7
London,18,96,60000,3,mean_intersection,88195da605fffff,3.3889946e7,2.3840277e7,-1.0049669e7
London,18,96,60000,3,mean_intersection,88195da607fffff,3.5403746e7,2.5740013e7,-9.663733e6
London,18,96,60000,3,mean_intersection,88195da609fffff,3.1999263e7,2.3540806e7,-8.458457e6
London,18,96,60000,3,mean_intersection,88195da60bfffff,3.2453712e7,2.3700956e7,-8.752756e6
London,18,96,60000,3,mean_intersection,88195da60dfffff,3.1824009e7,2.3154178e7,-8.669831e6
London,18,96,60000,3,mean_intersection,88195da611fffff,3.5981669e7,2.5332341e7,-1.0649328e7
London,18,96,60000,3,mean_intersection,88195da613fffff,3.714103e7,2.6719095e7,-1.0421935e7
London,18,96,60000,3,mean_intersection,88195da615fffff,3.6125934e7,2.2810692e7,-1.3315242e7
London,18,96,60000,3,mean_intersection,88195da617fffff,3.741e7,2.7187195e7,-1.0222805e7
London,18,96,60000,3,mean_intersection,88195da619fffff,3.4283212e7,2.39862e7,-1.0297012e7
London,18,96,60000,3,mean_intersection,88195da61bfffff,3.554227e7,2.539663e7,-1.014564e7
London,18,96,60000,3,mean_intersection,88195da61dfffff,3.4436579e7,2.4192933e7,-1.0243646e7
London,18,96,60000,3,mean_intersection,88195da621fffff,3.2411266e7,2.3873864e7,-8.537402e6
London,18,96,60000,3,mean_intersection,88195da623fffff,3.3241203e7,2.3557428e7,-9.683775e6
London,18,96,60000,3,mean_intersection,88195da625fffff,3.3897908e7,2.5141447e7,-8.756461e6
London,18,96,60000,3,mean_intersection,88195da627fffff,3.3398918e7,2.4822374e7,-8.576544e6
London,18,96,60000,3,mean_intersection,88195da629fffff,3.2893311e7,2.4265454e7,-8.627857e6
London,18,96,60000,3,mean_intersection,88195da62bfffff,3.2520277e7,2.3873685e7,-8.646592e6
London,18,96,60000,3,mean_intersection,88195da62dfffff,3.3342639e7,2.3466706e7,-9.875933e6
London,18,96,60000,3,mean_intersection,88195da631fffff,3.3668711e7,2.4644414e7,-9.024297e6
London,18,96,60000,3,mean_intersection,88195da633fffff,3.5204454e7,2.7445929e7,-7.758525e6
London,18,96,60000,3,mean_intersection,88195da635fffff,3.2652339e7,2.4044331e7,-8.608008e6
London,18,96,60000,3,mean_intersection,88195da637fffff,3.3556568e7,2.553852e7,-8.018048e6
London,18,96,60000,3,mean_intersection,88195da639fffff,3.365822e7,2.3394246e7,-1.0263974e7
London,18,96,60000,3,mean_intersection,88195da63bfffff,3.5072351e7,2.4467252e7,-1.0605099e7
London,18,96,60000,3,mean_intersection,88195da63dfffff,3.3674539e7,2.3501113e7,-1.0173426e7
London,18,96,60000,3,mean_intersection,88195da651fffff,3.1996177e7,2.3250563e7,-8.745614e6
London,18,96,60000,3,mean_intersection,88195da653fffff,3.3086831e7,2.4259903e7,-8.826928e6
London,18,96,60000,3,mean_intersection,88195da655fffff,3.122597e7,2.264692e7,-8.57905e6
London,18,96,60000,3,mean_intersection,88195da657fffff,3.3620401e7,2.3929357e7,-9.691044e6
London,18,96,60000,3,mean_intersection,88195da65bfffff,3.3048757e7,2.3484919e7,-9.563838e6
London,18,96,60000,3,mean_intersection,88195da663fffff,3.1865315e7,2.3894386e7,-7.970929e6
London,18,96,60000,3,mean_intersection,88195da667fffff,3.2002185e7,2.2893801e7,-9.108384e6
London,18,96,60000,3,mean_intersection,88195da681fffff,4.0111977e7,3.6697827e7,-3.41415e6
London,18,96,60000,3,mean_intersection,88195da683fffff,3.9786341e7,3.4846607e7,-4.939734e6
London,18,96,60000,3,mean_intersection,88195da685fffff,3.9249439e7,3.1862635e7,-7.386804e6
London,18,96,60000,3,mean_intersection,88195da687fffff,3.9412618e7,3.1636764e7,-7.775854e6
London,18,96,60000,3,mean_intersection,88195da689fffff,3.8958913e7,2.8179976e7,-1.0778937e7
London,18,96,60000,3,mean_intersection,88195da68bfffff,3.9020355e7,3.4684351e7,-4.336004e6
London,18,96,60000,3,mean_intersection,88195da68dfffff,3.7201027e7,2.7575132e7,-9.625895e6
London,18,96,60000,3,mean_intersection,88195da691fffff,3.955321e7,2.7583589e7,-1.1969621e7
London,18,96,60000,3,mean_intersection,88195da693fffff,3.7975278e7,2.8708546e7,-9.266732e6
London,18,96,60000,3,mean_intersection,88195da695fffff,3.8931802e7,2.9830252e7,-9.10155e6
London,18,96,60000,3,mean_intersection,88195da697fffff,3.9693602e7,3.2706915e7,-6.986687e6
London,18,96,60000,3,mean_intersection,88195da699fffff,3.8063626e7,2.7114384e7,-1.0949242e7
London,18,96,60000,3,mean_intersection,88195da69bfffff,3.8655755e7,2.7611907e7,-1.1043848e7
London,18,96,60000,3,mean_intersection,88195da69dfffff,3.8298886e7,2.7402773e7,-1.0896113e7
London,18,96,60000,3,mean_intersection,88195da6a1fffff,3.8681941e7,2.7609525e7,-1.1072416e7
London,18,96,60000,3,mean_intersection,88195da6a3fffff,3.9110315e7,3.0256917e7,-8.853398e6
London,18,96,60000,3,mean_intersection,88195da6a5fffff,3.7541037e7,2.7560849e7,-9.980188e6
London,18,96,60000,3,mean_intersection,88195da6a7fffff,3.8480394e7,2.9970485e7,-8.509909e6
London,18,96,60000,3,mean_intersection,88195da6a9fffff,3.8090845e7,2.7650286e7,-1.0440559e7
London,18,96,60000,3,mean_intersection,88195da6abfffff,3.8275726e7,2.8336172e7,-9.939554e6
London,18,96,60000,3,mean_intersection,88195da6adfffff,3.7788717e7,2.7813073e7,-9.975644e6
London,18,96,60000,3,mean_intersection,88195da6b1fffff,4.050596e7,3.7933048e7,-2.572912e6
London,18,96,60000,3,mean_intersection,88195da6b3fffff,4.0528e7,3.9396771e7,-1.131229e6
London,18,96,60000,3,mean_intersection,88195da6b5fffff,3.9541874e7,3.3450255e7,-6.091619e6
London,18,96,60000,3,mean_intersection,88195da6b7fffff,3.974711e7,3.6578417e7,-3.168693e6
London,18,96,60000,3,mean_intersection,88195da6b9fffff,4.0164714e7,3.6656109e7,-3.508605e6
London,18,96,60000,3,mean_intersection,88195da6bbfffff,4.0879593e7,3.8530697e7,-2.348896e6
London,18,96,60000,3,mean_intersection,88195da6bdfffff,3.9725761e7,2.9637413e7,-1.0088348e7
London,18,96,60000,3,mean_intersection,88195da6c1fffff,3.699622e7,2.7188158e7,-9.808062e6
London,18,96,60000,3,mean_intersection,88195da6c3fffff,3.6620427e7,2.7072142e7,-9.548285e6
London,18,96,60000,3,mean_intersection,88195da6c5fffff,3.709944e7,2.7028812e7,-1.0070628e7
London,18,96,60000,3,mean_intersection,88195da6c7fffff,3.8307434e7,2.7463353e7,-1.0844081e7
London,18,96,60000,3,mean_intersection,88195da6c9fffff,3.4774503e7,2.6312816e7,-8.461687e6
London,18,96,60000,3,mean_intersection,88195da6cbfffff,3.6970042e7,2.6875028e7,-1.0095014e7
London,18,96,60000,3,mean_intersection,88195da6cdfffff,3.7610415e7,2.6934466e7,-1.0675949e7
London,18,96,60000,3,mean_intersection,88195da6d1fffff,3.6826239e7,2.7031031e7,-9.795208e6
London,18,96,60000,3,mean_intersection,88195da6d3fffff,3.6970463e7,2.7303652e7,-9.666811e6
London,18,96,60000,3,mean_intersection,88195da6d5fffff,3.7877784e7,2.7449844e7,-1.042794e7
London,18,96,60000,3,mean_intersection,88195da6d7fffff,3.7023567e7,2.7084912e7,-9.938655e6
London,18,96,60000,3,mean_intersection,88195da6d9fffff,3.7635911e7,2.7197683e7,-1.0438228e7
London,18,96,60000,3,mean_intersection,88195da6dbfffff,3.6438364e7,2.7391735e7,-9.046629e6
London,18,96,60000,3,mean_intersection,88195da6ddfffff,3.7870408e7,2.7323129e7,-1.0547279e7
London,18,96,60000,3,mean_intersection,88195da6e1fffff,3.6076348e7,2.6980525e7,-9.095823e6
London,18,96,60000,3,mean_intersection,88195da6e3fffff,3.7734909e7,2.7594267e7,-1.0140642e7
London,18,96,60000,3,mean_intersection,88195da6e5fffff,3.6128177e7,2.7226879e7,-8.901298e6
London,18,96,60000,3,mean_intersection,88195da6e7fffff,3.6281285e7,2.6906992e7,-9.374293e6
London,18,96,60000,3,mean_intersection,88195da6e9fffff,3.5575451e7,2.6671205e7,-8.904246e6
London,18,96,60000,3,mean_intersection,88195da6ebfffff,3.6638275e7,2.7129386e7,-9.508889e6
London,18,96,60000,3,mean_intersection,88195da6edfffff,3.5152472e7,2.6828344e7,-8.324128e6
London,18,96,60000,3,mean_intersection,88195da703fffff,2.9826336e7,2.1677205e7,-8.149131e6
London,18,96,60000,3,mean_intersection,88195da70bfffff,2.9936561e7,2.2209478e7,-7.727083e6
London,18,96,60000,3,mean_intersection,88195da711fffff,3.1795674e7,2.3704039e7,-8.091635e6
London,18,96,60000,3,mean_intersection,88195da713fffff,3.2698097e7,2.4556314e7,-8.141783e6
London,18,96,60000,3,mean_intersection,88195da715fffff,2.9541953e7,2.2515554e7,-7.026399e6
London,18,96,60000,3,mean_intersection,88195da717fffff,3.1979112e7,2.497643e7,-7.002682e6
London,18,96,60000,3,mean_intersection,88195da719fffff,3.2590039e7,2.3906145e7,-8.683894e6
London,18,96,60000,3,mean_intersection,88195da71bfffff,3.2798887e7,2.4573208e7,-8.225679e6
London,18,96,60000,3,mean_intersection,88195da71dfffff,2.9414027e7,2.1563377e7,-7.85065e6
London,18,96,60000,3,mean_intersection,88195da731fffff,3.0937643e7,2.2804663e7,-8.13298e6
London,18,96,60000,3,mean_intersection,88195da733fffff,3.1790478e7,2.5220161e7,-6.570317e6
London,18,96,60000,3,mean_intersection,88195da737fffff,3.3323536e7,2.6423395e7,-6.900141e6
London,18,96,60000,3,mean_intersection,88195da739fffff,2.9827087e7,2.2658279e7,-7.168808e6
London,18,96,60000,3,mean_intersection,88195da73bfffff,3.1213898e7,2.4560195e7,-6.653703e6
London,18,96,60000,3,mean_intersection,88195da751fffff,2.9791287e7,2.1238554e7,-8.552733e6
London,18,96,60000,3,mean_intersection,88195da753fffff,3.2093261e7,2.2856503e7,-9.236758e6
London,18,96,60000,3,mean_intersection,88195da755fffff,2.9007936e7,2.080145e7,-8.206486e6
London,18,96,60000,3,mean_intersection,88195da757fffff,3.0489923e7,2.2525355e7,-7.964568e6
London,18,96,60000,3,mean_intersection,88195da75bfffff,3.2324249e7,2.3417953e7,-8.906296e6
London,18,96,60000,3,mean_intersection,88195dae83fffff,3.0254975e7,2.1906893e7,-8.348082e6
London,18,96,60000,3,mean_intersection,88195dae8bfffff,3.2225315e7,2.424309e7,-7.982225e6
London,18,96,60000,3,mean_intersection,88195dae91fffff,3.1436241e7,2.1938292e7,-9.497949e6
London,18,96,60000,3,mean_intersection,88195dae93fffff,3.3547792e7,2.193955e7,-1.1608242e7
London,18,96,60000,3,mean_intersection,88195dae95fffff,3.1940523e7,2.3661073e7,-8.27945e6
London,18,96,60000,3,mean_intersection,88195dae97fffff,3.3782778e7,2.2939928e7,-1.084285e7
London,18,96,60000,3,mean_intersection,88195dae99fffff,3.2281026e7,2.273084e7,-9.550186e6
London,18,96,60000,3,mean_intersection,88195dae9bfffff,3.3408437e7,2.3598083e7,-9.810354e6
London,18,96,60000,3,mean_intersection,88195dae9dfffff,3.2655848e7,2.3968196e7,-8.687652e6
London,18,96,60000,3,mean_intersection,88195daeb1fffff,3.0985713e7,2.4098517e7,-6.887196e6
London,18,96,60000,3,mean_intersection,88195daeb3fffff,3.1630638e7,2.4820333e7,-6.810305e6
London,18,96,60000,3,mean_intersection,88195daeb9fffff,3.0355501e7,2.1676344e7,-8.679157e6
London,18,96,60000,3,mean_intersection,88195daebbfffff,3.2030747e7,2.3849791e7,-8.180956e6
London,18,96,60000,3,mean_intersection,88195daed1fffff,3.2025246e7,2.4849227e7,-7.176019e6
London,18,96,60000,3,mean_intersection,88195daed3fffff,3.5202823e7,2.7409283e7,-7.79354e6
London,18,96,60000,3,mean_intersection,88195daed5fffff,3.2649955e7,2.4065746e7,-8.584209e6
London,18,96,60000,3,mean_intersection,88195daed7fffff,3.3936072e7,2.4526525e7,-9.409547e6
London,18,96,60000,3,mean_intersection,88195daed9fffff,3.453936e7,2.5099537e7,-9.439823e6
London,18,96,60000,3,mean_intersection,88195daedbfffff,3.5856113e7,2.7729242e7,-8.126871e6
London,18,96,60000,3,mean_intersection,88195daeddfffff,3.4033342e7,2.417196e7,-9.861382e6
London,18,96,60000,3,reachable_union,88194ac201fffff,3.9282226718750015e7,2.838323298958327e7,-1.0898993729166746e7
London,18,96,60000,3,reachable_union,88194ac205fffff,4.164305496875001e7,3.183138692708319e7,-9.811668041666817e6
London,18,96,60000,3,reachable_union,88194ac209fffff,4.079492453124997e7,2.962358923958326e7,-1.1171335291666709e7
London,18,96,60000,3,reachable_union,88194ac20bfffff,3.810673692708335e7,2.7570049239583265e7,-1.0536687687500086e7
London,18,96,60000,3,reachable_union,88194ac20dfffff,4.23730185104167e7,3.3235724593749862e7,-9.13729391666684e6
London,18,96,60000,3,reachable_union,88194ac229fffff,4.140707604166666e7,3.0253740635416552e7,-1.1153335406250104e7
London,18,96,60000,3,reachable_union,88194ac22dfffff,4.049204034374997e7,2.915174496875001e7,-1.1340295374999959e7
London,18,96,60000,3,reachable_union,88194ac241fffff,4.0230069541666634e7,3.0090250864583317e7,-1.0139818677083317e7
London,18,96,60000,3,reachable_union,88194ac243fffff,4.023667222916664e7,2.840477435416662e7,-1.1831897875000022e7
London,18,96,60000,3,reachable_union,88194ac245fffff,4.023815321874996e7,2.9878609624999903e7,-1.035954359375006e7
London,18,96,60000,3,reachable_union,88194ac247fffff,4.092291605208329e7,2.9354238124999937e7,-1.1568677927083354e7
London,18,96,60000,3,reachable_union,88194ac249fffff,3.912902251041668e7,2.9088314114583198e7,-1.0040708395833481e7
London,18,96,60000,3,reachable_union,88194ac24bfffff,3.696599203125002e7,2.714629821874996e7,-9.819693812500063e6
London,18,96,60000,3,reachable_union,88194ac24dfffff,4.039707738541668e7,3.162565749999991e7,-8.771419885416768e6
London,18,96,60000,3,reachable_union,88194ac251fffff,3.488471446875002e7,2.5626667885416627e7,-9.258046583333395e6
London,18,96,60000,3,reachable_union,88194ac255fffff,3.904513059375003e7,2.8148633979166623e7,-1.0896496614583407e7
London,18,96,60000,3,reachable_union,88194ac257fffff,3.8239598750000015e7,2.7883833260416575e7,-1.035576548958344e7
London,18,96,60000,3,reachable_union,88194ac259fffff,3.561132664583337e7,2.8020995958333284e7,-7.590330687500089e6
London,18,96,60000,3,reachable_union,88194ac25dfffff,3.814613113541669e7,2.815552548958325e7,-9.990605645833436e6
London,18,96,60000,3,reachable_union,88194ac261fffff,4.1318467604166634e7,3.220614192708323e7,-9.112325677083403e6
London,18,96,60000,3,reachable_union,88194ac263fffff,4.3223944781250045e7,3.492845489583325e7,-8.295489885416798e6
London,18,96,60000,3,reachable_union,88194ac265fffff,4.057757278124996e7,3.062103610416657e7,-9.956536677083392e6
London,18,96,60000,3,reachable_union,88194ac267fffff,4.202311239583337e7,3.3066851302083198e7,-8.956261093750175e6
London,18,96,60000,3,reachable_union,88194ac269fffff,4.0184634437499985e7,3.0335106177083246e7,-9.849528260416739e6
London,18,96,60000,3,reachable_union,88194ac26bfffff,4.016479471874997e7,3.1509341718749885e7,-8.655453000000086e6
London,18,96,60000,3,reachable_union,88194ac26dfffff,4.032264561458331e7,3.0530657760416564e7,-9.79198785416675e6
London,18,96,60000,3,reachable_union,88194ac301fffff,3.6065208468750015e7,2.914054191666658e7,-6.924666552083436e6
London,18,96,60000,3,reachable_union,88194ac305fffff,3.633221952083338e7,2.9230895895833246e7,-7.101323625000134e6
London,18,96,60000,3,reachable_union,88194ac309fffff,3.541152623958335e7,2.8912904322916683e7,-6.498621916666668e6
London,18,96,60000,3,reachable_union,88194ac30bfffff,3.417574723958335e7,2.7620122364583272e7,-6.555624875000078e6
London,18,96,60000,3,reachable_union,88194ac30dfffff,3.597193070833334e7,2.8822675072916616e7,-7.1492556354167275e6
London,18,96,60000,3,reachable_union,88194ac329fffff,3.691707045833335e7,2.9181846874999966e7,-7.735223583333384e6
London,18,96,60000,3,reachable_union,88194ac32dfffff,3.739711754166669e7,2.9295350770833284e7,-8.101766770833403e6
London,18,96,60000,3,reachable_union,88194ac341fffff,3.746984230208334e7,2.9891634895833287e7,-7.578207406250056e6
London,18,96,60000,3,reachable_union,88194ac343fffff,3.78790666770833e7,2.918497737499996e7,-8.69408930208334e6
London,18,96,60000,3,reachable_union,88194ac345fffff,3.853666934375003e7,3.091711633333322e7,-7.6195530104168095e6
London,18,96,60000,3,reachable_union,88194ac347fffff,3.730781598958336e7,2.917455357291661e7,-8.13326241666675e6
London,18,96,60000,3,reachable_union,88194ac349fffff,3.7462864343750015e7,3.0627060499999914e7,-6.835803843750101e6
London,18,96,60000,3,reachable_union,88194ac34bfffff,3.654909437500003e7,3.077274724999991e7,-5.776347125000119e6
London,18,96,60000,3,reachable_union,88194ac34dfffff,3.940242264583339e7,3.1110900135416538e7,-8.29152251041685e6
London,18,96,60000,3,reachable_union,88194ac351fffff,3.867942903125e7,2.9412992041666605e7,-9.266436989583395e6
London,18,96,60000,3,reachable_union,88194ac353fffff,3.907342857291665e7,2.8905584291666634e7,-1.0167844281250015e7
London,18,96,60000,3,reachable_union,88194ac355fffff,3.659038079166668e7,2.822717843749991e7,-8.3632023541667685e6
London,18,96,60000,3,reachable_union,88194ac357fffff,3.692953667708334e7,2.882317721874991e7,-8.106359458333433e6
London,18,96,60000,3,reachable_union,88194ac359fffff,3.7379934375e7,2.968424068750004e7,-7.695693687499959e6
London,18,96,60000,3,reachable_union,88194ac35bfffff,3.969821452083331e7,2.9367403604166593e7,-1.033081091666672e7
London,18,96,60000,3,reachable_union,88194ac35dfffff,3.829255722916667e7,2.9547533114583317e7,-8.745024114583354e6
London,18,96,60000,3,reachable_union,88194ac361fffff,3.969476995833335e7,3.0887134322916538e7,-8.807635635416813e6
London,18,96,60000,3,reachable_union,88194ac363fffff,3.757848468750001e7,2.881114278124989e7,-8.76734190625012e6
London,18,96,60000,3,reachable_union,88194ac365fffff,4.017644900000001e7,3.1432656406249836e7,-8.743792593750171e6
London,18,96,60000,3,reachable_union,88194ac367fffff,3.81693984166667e7,2.9657246510416634e7,-8.512151906250067e6
London,18,96,60000,3,reachable_union,88194ac369fffff,3.9509758458333366e7,3.1397066677083243e7,-8.112691781250123e6
London,18,96,60000,3,reachable_union,88194ac36bfffff,3.866704303125006e7,2.8882390124999944e7,-9.784652906250115e6
London,18,96,60000,3,reachable_union,88194ac36dfffff,4.033448197916666e7,3.1225878583333205e7,-9.108603395833451e6
London,18,96,60000,3,reachable_union,88194ad001fffff,4.423354901041672e7,3.1268513437499885e7,-1.2965035572916832e7
London,18,96,60000,3,reachable_union,88194ad003fffff,4.4442920947916746e7,3.1106749979166564e7,-1.3336170968750183e7
London,18,96,60000,3,reachable_union,88194ad005fffff,4.411739772916672e7,3.2057721572916538e7,-1.2059676156250179e7
London,18,96,60000,3,reachable_union,88194ad007fffff,4.221135686458332e7,3.288937743749993e7,-9.321979427083392e6
London,18,96,60000,3,reachable_union,88194ad009fffff,4.602416236458344e7,3.195497672916654e7,-1.4069185635416899e7
London,18,96,60000,3,reachable_union,88194ad00bfffff,4.403535390625003e7,3.268112971874982e7,-1.1354224187500209e7
London,18,96,60000,3,reachable_union,88194ad00dfffff,4.478584420833345e7,3.734573204166645e7,-7.440112166666999e6
London,18,96,60000,3,reachable_union,88194ad011fffff,4.3213206166666694e7,3.351414328124989e7,-9.699062885416806e6
London,18,96,60000,3,reachable_union,88194ad013fffff,4.089538451041666e7,3.057343696874991e7,-1.0321947541666746e7
London,18,96,60000,3,reachable_union,88194ad015fffff,4.256288530208333e7,3.479118156249988e7,-7.771703739583448e6
London,18,96,60000,3,reachable_union,88194ad017fffff,4.0907647083333336e7,3.0949258874999993e7,-9.958388208333343e6
London,18,96,60000,3,reachable_union,88194ad019fffff,4.306288526041677e7,3.3185103677083332e7,-9.877781583333436e6
London,18,96,60000,3,reachable_union,88194ad01bfffff,4.196504868750005e7,3.325937991666672e7,-8.705668770833332e6
London,18,96,60000,3,reachable_union,88194ad01dfffff,4.248741603125011e7,3.2537059197916754e7,-9.950356833333358e6
London,18,96,60000,3,reachable_union,88194ad021fffff,4.404527475000009e7,3.121043777083327e7,-1.283483697916682e7
London,18,96,60000,3,reachable_union,88194ad023fffff,4.249247961458342e7,3.3317141656250004e7,-9.175337958333414e6
London,18,96,60000,3,reachable_union,88194ad025fffff,4.539861168750009e7,3.386462476041672e7,-1.1533986927083373e7
London,18,96,60000,3,reachable_union,88194ad027fffff,4.478915804166678e7,3.311752488541668e7,-1.1671633156250104e7
London,18,96,60000,3,reachable_union,88194ad029fffff,4.5295953500000104e7,3.357327588541672e7,-1.1722677614583388e7
London,18,96,60000,3,reachable_union,88194ad02bfffff,4.2623212479166746e7,3.1672748333333362e7,-1.0950464145833384e7
London,18,96,60000,3,reachable_union,88194ad02dfffff,4.6438371708333455e7,3.4165733989583306e7,-1.2272637718750149e7
London,18,96,60000,3,reachable_union,88194ad031fffff,4.327852679166675e7,3.382572092708333e7,-9.452805864583425e6
London,18,96,60000,3,reachable_union,88194ad033fffff,4.207993010416672e7,3.568247269791674e7,-6.397457406249978e6
London,18,96,60000,3,reachable_union,88194ad035fffff,4.172203993750005e7,3.3256605281250045e7,-8.465434656250007e6
London,18,96,60000,3,reachable_union,88194ad037fffff,4.10212665416667e7,3.429852651041674e7,-6.722740031249963e6
London,18,96,60000,3,reachable_union,88194ad039fffff,4.1074643010416694e7,3.366534814583337e7,-7.409294864583321e6
London,18,96,60000,3,reachable_union,88194ad03bfffff,4.192874255208337e7,3.592131977083327e7,-6.007422781250104e6
London,18,96,60000,3,reachable_union,88194ad03dfffff,4.032479814583333e7,3.523612829166668e7,-5.088669854166649e6
London,18,96,60000,3,reachable_union,88194ad041fffff,4.7652519395833515e7,4.148563680208347e7,-6.166882593750045e6
London,18,96,60000,3,reachable_union,88194ad043fffff,4.6162277177083485e7,3.967274430208341e7,-6.4895328750000745e6
London,18,96,60000,3,reachable_union,88194ad045fffff,4.5884303687500134e7,4.04936405833334e7,-5.390663104166731e6
London,18,96,60000,3,reachable_union,88194ad047fffff,4.675205523958354e7,4.078729252083353e7,-5.964762718750007e6
London,18,96,60000,3,reachable_union,88194ad049fffff,4.48394763750001e7,3.9080947770833395e7,-5.758528604166701e6
London,18,96,60000,3,reachable_union,88194ad04bfffff,4.716529461458349e7,4.120630577083343e7,-5.95898884375006e6
London,18,96,60000,3,reachable_union,88194ad04dfffff,4.486109164583347e7,4.172571950000014e7,-3.1353721458333284e6
London,18,96,60000,3,reachable_union,88194ad051fffff,4.5603507781250134e7,3.990305068749996e7,-5.700457093750171e6
London,18,96,60000,3,reachable_union,88194ad053fffff,4.387390530208345e7,3.3151967833333373e7,-1.0721937468750075e7
London,18,96,60000,3,reachable_union,88194ad055fffff,4.394049621875013e7,3.663768544791676e7,-7.302810770833366e6
London,18,96,60000,3,reachable_union,88194ad057fffff,4.431196581250014e7,3.483922907291666e7,-9.472736739583485e6
London,18,96,60000,3,reachable_union,88194ad059fffff,4.655629022916687e7,4.020957323958339e7,-6.346716989583485e6
London,18,96,60000,3,reachable_union,88194ad05bfffff,4.482536521875013e7,3.887383735416678e7,-5.951527864583343e6
London,18,96,60000,3,reachable_union,88194ad05dfffff,4.66762718750002e7,3.965640969791677e7,-7.019862177083433e6
London,18,96,60000,3,reachable_union,88194ad061fffff,4.552481045833347e7,3.9354168114583366e7,-6.170642343750104e6
London,18,96,60000,3,reachable_union,88194ad063fffff,4.514430030208346e7,3.641081010416669e7,-8.733490197916776e6
London,18,96,60000,3,reachable_union,88194ad065fffff,4.614910623958344e7,4.316644883333341e7,-2.98265740625003e6
London,18,96,60000,3,reachable_union,88194ad067fffff,4.580165871875011e7,3.591615573958337e7,-9.885502979166739e6
London,18,96,60000,3,reachable_union,88194ad069fffff,4.598522851041683e7,4.243945948958345e7,-3.5457690208333805e6
London,18,96,60000,3,reachable_union,88194ad06bfffff,4.633494937500017e7,4.0522219354166724e7,-5.812730020833448e6
London,18,96,60000,3,reachable_union,88194ad06dfffff,4.6553519218750134e7,4.263486918750014e7,-3.9186500312499925e6
London,18,96,60000,3,reachable_union,88194ad081fffff,3.7575934510416664e7,2.7865171239583366e7,-9.710763270833299e6
London,18,96,60000,3,reachable_union,88194ad083fffff,3.7565072541666664e7,2.7809716010416664e7,-9.75535653125e6
London,18,96,60000,3,reachable_union,88194ad085fffff,3.856988096875004e7,2.8052136562500004e7,-1.0517744406250034e7
London,18,96,60000,3,reachable_union,88194ad087fffff,3.619353309375002e7,2.8298236145833377e7,-7.895296947916646e6
London,18,96,60000,3,reachable_union,88194ad089fffff,3.770250420833333e7,2.842392352083336e7,-9.27858068749997e6
London,18,96,60000,3,reachable_union,88194ad08bfffff,3.758101239583331e7,2.8014849854166694e7,-9.56616254166662e6
London,18,96,60000,3,reachable_union,88194ad08dfffff,3.8817990531250015e7,2.865872854166662e7,-1.0159261989583395e7
London,18,96,60000,3,reachable_union,88194ad095fffff,3.4751174072916694e7,2.6916250770833347e7,-7.834923302083347e6
London,18,96,60000,3,reachable_union,88194ad09dfffff,3.720913159375002e7,2.776456674999999e7,-9.444564843750034e6
London,18,96,60000,3,reachable_union,88194ad0a1fffff,3.877741397916668e7,2.9057419979166623e7,-9.719994000000056e6
London,18,96,60000,3,reachable_union,88194ad0a3fffff,3.877107734375e7,2.815506469791663e7,-1.061601264583337e7
London,18,96,60000,3,reachable_union,88194ad0a5fffff,4.165470925000008e7,3.2964379947916683e7,-8.6903293020834e6
London,18,96,60000,3,reachable_union,88194ad0a7fffff,3.829077981250005e7,3.2792408520833295e7,-5.498371291666757e6
London,18,96,60000,3,reachable_union,88194ad0a9fffff,3.9382979979166694e7,2.8636615781249925e7,-1.0746364197916768e7
London,18,96,60000,3,reachable_union,88194ad0abfffff,3.7518254687500015e7,2.869407861458331e7,-8.824176072916705e6
London,18,96,60000,3,reachable_union,88194ad0adfffff,4.038752608333334e7,3.060015942708326e7,-9.787366656250082e6
London,18,96,60000,3,reachable_union,88194ad0b1fffff,3.4794304833333366e7,2.7205115604166653e7,-7.589189229166713e6
London,18,96,60000,3,reachable_union,88194ad0b3fffff,3.5962914260416694e7,2.895696489583334e7,-7.005949364583354e6
London,18,96,60000,3,reachable_union,88194ad0b5fffff,3.594446184375002e7,2.733032241666663e7,-8.614139427083392e6
London,18,96,60000,3,reachable_union,88194ad0b7fffff,3.605491061458336e7,2.753450140624998e7,-8.520409208333377e6
London,18,96,60000,3,reachable_union,88194ad0b9fffff,3.709106890625003e7,2.8034677927083343e7,-9.056390979166687e6
London,18,96,60000,3,reachable_union,88194ad0bbfffff,3.6183251343750045e7,2.9565932291666746e7,-6.617319052083299e6
London,18,96,60000,3,reachable_union,88194ad0bdfffff,3.7089642624999985e7,2.9367196718750004e7,-7.722445906249981e6
London,18,96,60000,3,reachable_union,88194ad0c1fffff,3.86373839479167e7,2.867327169791668e7,-9.964112250000022e6
London,18,96,60000,3,reachable_union,88194ad0c3fffff,3.87373677291667e7,2.8452362635416713e7,-1.0285005093749989e7
London,18,96,60000,3,reachable_union,88194ad0c5fffff,3.9705886624999985e7,3.1097433260416664e7,-8.60845336458332e6
London,18,96,60000,3,reachable_union,88194ad0c7fffff,3.5734654302083336e7,2.6951276156249963e7,-8.783378145833373e6
London,18,96,60000,3,reachable_union,88194ad0c9fffff,3.904003007291665e7,3.2188752614583325e7,-6.851277458333325e6
London,18,96,60000,3,reachable_union,88194ad0cbfffff,3.8626690072916664e7,3.290610327083339e7,-5.7205868020832725e6
London,18,96,60000,3,reachable_union,88194ad0cdfffff,3.99790137395833e7,3.2617151145833336e7,-7.361862593749963e6
London,18,96,60000,3,reachable_union,88194ad0d1fffff,3.958941803124997e7,2.8264048333333317e7,-1.1325369697916653e7
London,18,96,60000,3,reachable_union,88194ad0d5fffff,3.891576170833332e7,3.0090261770833302e7,-8.825499937500019e6
London,18,96,60000,3,reachable_union,88194ad0d7fffff,3.763752107291664e7,2.8989669927083373e7,-8.647851145833269e6
London,18,96,60000,3,reachable_union,88194ad0d9fffff,3.811448284374997e7,2.9171285166666675e7,-8.943197677083295e6
London,18,96,60000,3,reachable_union,88194ad0ddfffff,3.8544575468749985e7,3.2536337343749996e7,-6.008238124999989e6
London,18,96,60000,3,reachable_union,88194ad0e1fffff,3.738172664583333e7,2.9668757937499996e7,-7.712968708333332e6
London,18,96,60000,3,reachable_union,88194ad0e3fffff,4.034322960416664e7,2.864548380208334e7,-1.1697745802083302e7
London,18,96,60000,3,reachable_union,88194ad0e5fffff,4.012104072916663e7,3.330812173958342e7,-6.812918989583205e6
London,18,96,60000,3,reachable_union,88194ad0e7fffff,4.0062264562499985e7,3.0637106635416742e7,-9.425157927083243e6
London,18,96,60000,3,reachable_union,88194ad0e9fffff,4.142532625e7,3.2532235114583388e7,-8.893091135416612e6
London,18,96,60000,3,reachable_union,88194ad0ebfffff,3.87357940833333e7,2.960157653125004e7,-9.134217552083258e6
London,18,96,60000,3,reachable_union,88194ad0edfffff,4.040997704166665e7,3.2689145041666713e7,-7.720831999999937e6
London,18,96,60000,3,reachable_union,88194ad101fffff,4.695018105208334e7,3.443545037499999e7,-1.251473067708335e7
London,18,96,60000,3,reachable_union,88194ad103fffff,4.811420498958334e7,3.452069126041666e7,-1.3593513729166687e7
London,18,96,60000,3,reachable_union,88194ad105fffff,4.932442219791667e7,3.461363180208338e7,-1.4710790395833291e7
London,18,96,60000,3,reachable_union,88194ad107fffff,4.677194276041666e7,3.4536393072916694e7,-1.2235549687499963e7
London,18,96,60000,3,reachable_union,88194ad109fffff,4.8367837041666694e7,3.468514679166669e7,-1.3682690250000007e7
London,18,96,60000,3,reachable_union,88194ad10bfffff,4.924532172916668e7,3.455776570833335e7,-1.4687556020833328e7
London,18,96,60000,3,reachable_union,88194ad10dfffff,4.852253911458339e7,3.4681765572916694e7,-1.3840773541666694e7
London,18,96,60000,3,reachable_union,88194ad111fffff,4.606142995833332e7,3.448459240625004e7,-1.1576837552083284e7
London,18,96,60000,3,reachable_union,88194ad113fffff,4.4489320447916664e7,3.42615260416667e7,-1.0227794406249963e7
London,18,96,60000,3,reachable_union,88194ad115fffff,4.685391794791665e7,3.453103256250002e7,-1.2322885385416627e7
London,18,96,60000,3,reachable_union,88194ad117fffff,4.507867434375001e7,3.455430579166669e7,-1.052436855208332e7
London,18,96,60000,3,reachable_union,88194ad119fffff,4.629048318750001e7,3.43728156458333e7,-1.1917667541666709e7
London,18,96,60000,3,reachable_union,88194ad11bfffff,4.549612259375001e7,3.45762766354167e7,-1.0919845958333306e7
London,18,96,60000,3,reachable_union,88194ad11dfffff,4.796722812500003e7,3.4676715687500015e7,-1.3290512437500015e7
London,18,96,60000,3,reachable_union,88194ad121fffff,4.6733416260416664e7,3.5353831437500045e7,-1.137958482291662e7
London,18,96,60000,3,reachable_union,88194ad123fffff,4.662211309374997e7,3.504864609375006e7,-1.157346699999991e7
London,18,96,60000,3,reachable_union,88194ad125fffff,4.601965457291663e7,3.5774731322916724e7,-1.0244923249999903e7
London,18,96,60000,3,reachable_union,88194ad127fffff,4.806815604166669e7,3.686335443749999e7,-1.1204801604166694e7
London,18,96,60000,3,reachable_union,88194ad129fffff,4.6493766739583336e7,3.436887565625001e7,-1.2124891083333328e7
London,18,96,60000,3,reachable_union,88194ad12bfffff,4.7021506114583306e7,3.469611046875001e7,-1.2325395645833299e7
London,18,96,60000,3,reachable_union,88194ad12dfffff,4.6026118499999955e7,3.564988420833341e7,-1.0376234291666545e7
London,18,96,60000,3,reachable_union,88194ad131fffff,4.625038545833332e7,3.456870542708334e7,-1.1681680031249978e7
London,18,96,60000,3,reachable_union,88194ad133fffff,4.406898657291668e7,3.409164058333336e7,-9.97734598958332e6
London,18,96,60000,3,reachable_union,88194ad135fffff,4.251872211458335e7,3.339404345833333e7,-9.124678656250022e6
London,18,96,60000,3,reachable_union,88194ad137fffff,4.487167068749997e7,3.436250304166665e7,-1.050916764583332e7
London,18,96,60000,3,reachable_union,88194ad139fffff,4.7234788624999985e7,3.468380506250005e7,-1.2550983562499933e7
London,18,96,60000,3,reachable_union,88194ad13bfffff,4.472077748958332e7,3.445023089583334e7,-1.0270546593749978e7
London,18,96,60000,3,reachable_union,88194ad13dfffff,4.635625526041665e7,3.4675400000000015e7,-1.1680855260416634e7
London,18,96,60000,3,reachable_union,88194ad141fffff,5.015867254166668e7,3.700245212499998e7,-1.3156220416666701e7
London,18,96,60000,3,reachable_union,88194ad143fffff,4.908800845833337e7,3.5635737843750045e7,-1.3452270614583328e7
London,18,96,60000,3,reachable_union,88194ad145fffff,5.106210985416664e7,3.926998672916648e7,-1.1792123125000164e7
London,18,96,60000,3,reachable_union,88194ad147fffff,5.039625646875e7,3.841579003124988e7,-1.198046643750012e7
London,18,96,60000,3,reachable_union,88194ad149fffff,5.096294106249996e7,3.926205284374978e7,-1.1700888218750186e7
London,18,96,60000,3,reachable_union,88194ad14bfffff,5.07182154375e7,3.912340210416648e7,-1.1594813333333522e7
London,18,96,60000,3,reachable_union,88194ad14dfffff,5.270131288541662e7,4.1289947541666515e7,-1.1411365343750104e7
London,18,96,60000,3,reachable_union,88194ad151fffff,4.784041265625006e7,3.445269257291669e7,-1.3387720083333373e7
London,18,96,60000,3,reachable_union,88194ad153fffff,4.681333742708331e7,3.440361903124996e7,-1.240971839583335e7
London,18,96,60000,3,reachable_union,88194ad155fffff,4.8135400135416694e7,3.443822622916669e7,-1.3697173906250007e7
London,18,96,60000,3,reachable_union,88194ad157fffff,4.731640710416668e7,3.4435784666666694e7,-1.2880622437499985e7
London,18,96,60000,3,reachable_union,88194ad159fffff,4.798991146875007e7,4.25497033333333e7,-5.4402081354167685e6
London,18,96,60000,3,reachable_union,88194ad15bfffff,4.748492873958339e7,3.460924985416672e7,-1.2875678885416672e7
London,18,96,60000,3,reachable_union,88194ad15dfffff,4.951244729166668e7,3.628551246874994e7,-1.3226934822916739e7
London,18,96,60000,3,reachable_union,88194ad161fffff,5.057283688541666e7,3.604707487500012e7,-1.4525762010416538e7
London,18,96,60000,3,reachable_union,88194ad163fffff,4.862554640625003e7,3.487366617708338e7,-1.375188022916665e7
London,18,96,60000,3,reachable_union,88194ad165fffff,4.851318491666671e7,3.442113911458342e7,-1.4092045802083291e7
London,18,96,60000,3,reachable_union,88194ad167fffff,4.802979104166669e7,3.499326400000011e7,-1.3036527041666575e7
London,18,96,60000,3,reachable_union,88194ad169fffff,5.185415322916662e7,3.8406592052083254e7,-1.3447561177083366e7
London,18,96,60000,3,reachable_union,88194ad16bfffff,4.885852759375009e7,3.50432373124999e7,-1.3815290281250186e7
London,18,96,60000,3,reachable_union,88194ad16dfffff,5.1094875427083455e7,3.8735364458333254e7,-1.2359510968750201e7
London,18,96,60000,3,reachable_union,88194ad181fffff,4.069822825000005e7,3.1311683312499914e7,-9.386544937500138e6
London,18,96,60000,3,reachable_union,88194ad183fffff,3.8098408385416694e7,3.098445196874988e7,-7.113956416666813e6
London,18,96,60000,3,reachable_union,88194ad185fffff,3.996631850000006e7,3.0635200979166582e7,-9.331117520833477e6
London,18,96,60000,3,reachable_union,88194ad187fffff,3.8456800385416694e7,3.0667943624999925e7,-7.7888567604167685e6
London,18,96,60000,3,reachable_union,88194ad189fffff,4.0112875302083395e7,3.1103707885416567e7,-9.009167416666828e6
London,18,96,60000,3,reachable_union,88194ad18bfffff,3.994338900000004e7,3.1159688604166556e7,-8.783700395833481e6
London,18,96,60000,3,reachable_union,88194ad18dfffff,4.111015114583337e7,3.112439847916659e7,-9.985752666666783e6
London,18,96,60000,3,reachable_union,88194ad191fffff,4.2317909604166724e7,3.1354850499999933e7,-1.096305910416679e7
London,18,96,60000,3,reachable_union,88194ad193fffff,4.125887747916671e7,3.092938639583327e7,-1.032949108333344e7
London,18,96,60000,3,reachable_union,88194ad195fffff,3.841003633333336e7,3.0649644135416556e7,-7.760392197916802e6
London,18,96,60000,3,reachable_union,88194ad197fffff,4.1280893552083366e7,3.1234056166666627e7,-1.0046837385416739e7
London,18,96,60000,3,reachable_union,88194ad199fffff,4.019108214583339e7,3.1025010104166623e7,-9.166072041666765e6
London,18,96,60000,3,reachable_union,88194ad19bfffff,4.334966834375005e7,3.764593577083323e7,-5.703732572916821e6
London,18,96,60000,3,reachable_union,88194ad19dfffff,4.034346429166669e7,3.1182399145833246e7,-9.16106514583344e6
London,18,96,60000,3,reachable_union,88194ad1a1fffff,4.086008083333338e7,3.1897587114583246e7,-8.962493718750134e6
London,18,96,60000,3,reachable_union,88194ad1a3fffff,3.717003738541671e7,3.0272944562499903e7,-6.897092822916806e6
London,18,96,60000,3,reachable_union,88194ad1a5fffff,4.11473766979167e7,3.184491710416659e7,-9.302459593750112e6
London,18,96,60000,3,reachable_union,88194ad1a7fffff,3.862096603125e7,3.1309123281249907e7,-7.311842750000093e6
London,18,96,60000,3,reachable_union,88194ad1a9fffff,4.179730380208339e7,3.1194623749999914e7,-1.0602680052083474e7
London,18,96,60000,3,reachable_union,88194ad1abfffff,4.0487894593750045e7,3.115793134374988e7,-9.329963250000164e6
London,18,96,60000,3,reachable_union,88194ad1adfffff,4.09274529166667e7,3.1733275916666586e7,-9.194177000000115e6
London,18,96,60000,3,reachable_union,88194ad1b1fffff,3.8872631322916664e7,3.1081754156249855e7,-7.7908771666668095e6
London,18,96,60000,3,reachable_union,88194ad1b3fffff,3.922003843750001e7,3.128654410416658e7,-7.933494333333429e6
London,18,96,60000,3,reachable_union,88194ad1b5fffff,3.718255344791669e7,3.1203774135416556e7,-5.97877931250013e6
London,18,96,60000,3,reachable_union,88194ad1b7fffff,3.627960403125001e7,2.911748780208325e7,-7.162116229166757e6
London,18,96,60000,3,reachable_union,88194ad1b9fffff,3.83868765729167e7,3.1023841322916564e7,-7.363035250000138e6
London,18,96,60000,3,reachable_union,88194ad1bbfffff,3.981713338541667e7,3.1284346947916545e7,-8.532786437500127e6
London,18,96,60000,3,reachable_union,88194ad1bdfffff,3.990848395833335e7,3.1297182979166567e7,-8.611300979166783e6
London,18,96,60000,3,reachable_union,88194ad1c1fffff,4.31298976041667e7,3.301277842708324e7,-1.0117119177083462e7
London,18,96,60000,3,reachable_union,88194ad1c3fffff,4.02442904166667e7,3.1060391468749955e7,-9.183898947916746e6
London,18,96,60000,3,reachable_union,88194ad1c5fffff,4.368013909375003e7,3.382874677083324e7,-9.85139232291679e6
London,18,96,60000,3,reachable_union,88194ad1c7fffff,4.2554393343750015e7,3.1986525447916523e7,-1.0567867895833492e7
London,18,96,60000,3,reachable_union,88194ad1c9fffff,4.139289009374997e7,3.1232099843749866e7,-1.0160790250000104e7
London,18,96,60000,3,reachable_union,88194ad1cbfffff,4.1657808885416694e7,3.2187037729166552e7,-9.470771156250142e6
London,18,96,60000,3,reachable_union,88194ad1cdfffff,4.2321950624999985e7,3.2853597781249907e7,-9.468352843750078e6
London,18,96,60000,3,reachable_union,88194ad1d1fffff,4.07271241041667e7,3.1101413364583258e7,-9.625710739583444e6
London,18,96,60000,3,reachable_union,88194ad1d3fffff,4.0483982541666694e7,3.1182389812499937e7,-9.301592729166757e6
London,18,96,60000,3,reachable_union,88194ad1d5fffff,4.036530890625006e7,3.079617974999993e7,-9.56912915625013e6
London,18,96,60000,3,reachable_union,88194ad1d7fffff,3.974475839583336e7,3.1185266083333254e7,-8.559492312500104e6
London,18,96,60000,3,reachable_union,88194ad1d9fffff,4.015814918750004e7,3.408368769791664e7,-6.074461489583395e6
London,18,96,60000,3,reachable_union,88194ad1dbfffff,4.06688461875e7,3.239989841666653e7,-8.26894777083347e6
London,18,96,60000,3,reachable_union,88194ad1ddfffff,4.011675283333338e7,3.252882034374993e7,-7.587932489583451e6
London,18,96,60000,3,reachable_union,88194ad1e1fffff,4.330320879166671e7,3.293425314583324e7,-1.036895564583347e7
London,18,96,60000,3,reachable_union,88194ad1e3fffff,3.979517567708335e7,3.0643509260416605e7,-9.151666416666746e6
London,18,96,60000,3,reachable_union,88194ad1e5fffff,4.080301821875005e7,3.2197835104166556e7,-8.605183114583496e6
London,18,96,60000,3,reachable_union,88194ad1e7fffff,4.250818737500002e7,3.1495205687499914e7,-1.1012981687500108e7
London,18,96,60000,3,reachable_union,88194ad1e9fffff,4.278954085416673e7,3.383011962499988e7,-8.95942122916685e6
London,18,96,60000,3,reachable_union,88194ad1ebfffff,4.0566467791666724e7,3.159708938541652e7,-8.969378406250205e6
London,18,96,60000,3,reachable_union,88194ad1edfffff,4.3947327385416724e7,3.419851244791652e7,-9.748814937500201e6
London,18,96,60000,3,reachable_union,88194ad201fffff,4.66194465000001e7,4.104877932291663e7,-5.57066717708347e6
London,18,96,60000,3,reachable_union,88194ad203fffff,4.476654791666669e7,3.843830013541648e7,-6.328247781250209e6
London,18,96,60000,3,reachable_union,88194ad205fffff,4.61040013229168e7,4.089351193749988e7,-5.2104893854169175e6
London,18,96,60000,3,reachable_union,88194ad207fffff,4.4105882697916664e7,3.732948174999986e7,-6.776400947916806e6
London,18,96,60000,3,reachable_union,88194ad209fffff,4.207851112499997e7,3.5391697208333164e7,-6.686813916666806e6
London,18,96,60000,3,reachable_union,88194ad20bfffff,4.1353147072916664e7,3.375244868749985e7,-7.600698385416813e6
London,18,96,60000,3,reachable_union,88194ad20dfffff,4.2297885624999955e7,3.6278589447916456e7,-6.0192961770835e6
London,18,96,60000,3,reachable_union,88194ad211fffff,4.180617055208335e7,3.811145305208322e7,-3.694717500000134e6
London,18,96,60000,3,reachable_union,88194ad213fffff,4.052336886458338e7,3.781501487499982e7,-2.7083539895835593e6
London,18,96,60000,3,reachable_union,88194ad215fffff,4.385551810416664e7,3.8429655822916456e7,-5.425862281250186e6
London,18,96,60000,3,reachable_union,88194ad217fffff,4.304854107291666e7,3.842132611458322e7,-4.62721495833344e6
London,18,96,60000,3,reachable_union,88194ad219fffff,4.241995613541668e7,3.832863886458321e7,-4.09131727083347e6
London,18,96,60000,3,reachable_union,88194ad21bfffff,4.12393387604167e7,3.7900592593749866e7,-3.3387461666668355e6
London,18,96,60000,3,reachable_union,88194ad21dfffff,4.215335188541673e7,3.7995558822916806e7,-4.1577930624999255e6
London,18,96,60000,3,reachable_union,88194ad221fffff,4.5661024364583366e7,4.018045615625015e7,-5.480568208333217e6
London,18,96,60000,3,reachable_union,88194ad223fffff,4.581089106250001e7,3.826012546875009e7,-7.550765593749918e6
London,18,96,60000,3,reachable_union,88194ad225fffff,4.5640244135416694e7,4.1952811218750186e7,-3.6874329166665077e6
London,18,96,60000,3,reachable_union,88194ad227fffff,4.415422545833339e7,4.0952432708333425e7,-3.2017927499999627e6
London,18,96,60000,3,reachable_union,88194ad229fffff,4.777786536458344e7,4.279776440625013e7,-4.980100958333313e6
London,18,96,60000,3,reachable_union,88194ad22bfffff,4.655532897916672e7,4.003886070833338e7,-6.516468270833336e6
London,18,96,60000,3,reachable_union,88194ad22dfffff,4.679561680208339e7,4.28006752500001e7,-3.994941552083291e6
London,18,96,60000,3,reachable_union,88194ad231fffff,4.486260821875004e7,3.849236032291675e7,-6.370247895833284e6
London,18,96,60000,3,reachable_union,88194ad233fffff,4.417504720833339e7,3.792925155208343e7,-6.245795656249955e6
London,18,96,60000,3,reachable_union,88194ad235fffff,4.622358402083334e7,4.05225049375001e7,-5.701079083333246e6
London,18,96,60000,3,reachable_union,88194ad237fffff,4.5948173843750045e7,4.008681515625018e7,-5.861358687499866e6
London,18,96,60000,3,reachable_union,88194ad239fffff,4.4378190854166694e7,3.816673044791678e7,-6.211460406249911e6
London,18,96,60000,3,reachable_union,88194ad23bfffff,4.301004627083337e7,3.750186385416681e7,-5.50818241666656e6
London,18,96,60000,3,reachable_union,88194ad23dfffff,4.559657680208339e7,3.871343277083341e7,-6.883144031249978e6
London,18,96,60000,3,reachable_union,88194ad241fffff,4.470449482291671e7,3.8894336020833485e7,-5.810158802083224e6
London,18,96,60000,3,reachable_union,88194ad243fffff,4.544615172916674e7,3.845362132291675e7,-6.992530406249985e6
London,18,96,60000,3,reachable_union,88194ad245fffff,4.544415316666672e7,3.9950409166666806e7,-5.493743999999911e6
London,18,96,60000,3,reachable_union,88194ad247fffff,4.627198733333338e7,4.016539471875012e7,-6.106592614583261e6
London,18,96,60000,3,reachable_union,88194ad249fffff,4.466747297916671e7,3.91265172395834e7,-5.540955739583306e6
London,18,96,60000,3,reachable_union,88194ad24bfffff,4.3526966937500045e7,3.7955162937500134e7,-5.571803999999911e6
London,18,96,60000,3,reachable_union,88194ad24dfffff,4.400739365625005e7,3.899450121875e7,-5.012892437500052e6
London,18,96,60000,3,reachable_union,88194ad251fffff,4.290280269791672e7,3.773503316666683e7,-5.167769531249888e6
London,18,96,60000,3,reachable_union,88194ad253fffff,4.103889610416672e7,3.826839076041679e7,-2.7705053437499255e6
London,18,96,60000,3,reachable_union,88194ad255fffff,4.401127317708338e7,3.8311999281250104e7,-5.699273895833276e6
London,18,96,60000,3,reachable_union,88194ad257fffff,4.002984157291671e7,3.671647853125011e7,-3.313363041666597e6
London,18,96,60000,3,reachable_union,88194ad259fffff,4.325031797916672e7,3.807784061458342e7,-5.172477364583299e6
London,18,96,60000,3,reachable_union,88194ad25bfffff,4.118819296875009e7,3.67672964583334e7,-4.420896510416687e6
London,18,96,60000,3,reachable_union,88194ad25dfffff,4.4570309802083395e7,3.821744614583345e7,-6.352863656249948e6
London,18,96,60000,3,reachable_union,88194ad261fffff,4.704153693750007e7,4.034508945833354e7,-6.69644747916653e6
London,18,96,60000,3,reachable_union,88194ad263fffff,4.74917126562501e7,4.096455359375009e7,-6.527159062500007e6
London,18,96,60000,3,reachable_union,88194ad265fffff,4.687862214583339e7,4.221262938541678e7,-4.665992760416605e6
London,18,96,60000,3,reachable_union,88194ad267fffff,4.812727954166678e7,4.350976769791674e7,-4.617511843750045e6
London,18,96,60000,3,reachable_union,88194ad269fffff,4.4515252406250075e7,3.820467461458352e7,-6.310577791666552e6
London,18,96,60000,3,reachable_union,88194ad26bfffff,4.630954631250006e7,3.872669664583343e7,-7.582849666666627e6
London,18,96,60000,3,reachable_union,88194ad26dfffff,4.7039061156250104e7,4.0809398937500104e7,-6.22966221875e6
London,18,96,60000,3,reachable_union,88194ad281fffff,3.864747384375e7,3.295068588541672e7,-5.69678795833328e6
London,18,96,60000,3,reachable_union,88194ad283fffff,3.865450315625001e7,3.24762481458334e7,-6.178255010416608e6
London,18,96,60000,3,reachable_union,88194ad285fffff,3.916937505208332e7,3.2290154989583433e7,-6.879220062499888e6
London,18,96,60000,3,reachable_union,88194ad287fffff,3.9296127114583306e7,3.2423930166666716e7,-6.87219694791659e6
London,18,96,60000,3,reachable_union,88194ad289fffff,3.900193731250004e7,3.315116363541674e7,-5.850773677083299e6
London,18,96,60000,3,reachable_union,88194ad28bfffff,4.129067673958339e7,3.3462692270833418e7,-7.82798446874997e6
London,18,96,60000,3,reachable_union,88194ad28dfffff,3.938713080208335e7,3.373777768750007e7,-5.649353114583284e6
London,18,96,60000,3,reachable_union,88194ad295fffff,3.798272047916669e7,3.370064107291674e7,-4.282079406249948e6
London,18,96,60000,3,reachable_union,88194ad29dfffff,3.790804922916667e7,3.331296938541673e7,-4.59507984374994e6
London,18,96,60000,3,reachable_union,88194ad2a1fffff,4.114276352083334e7,3.474568983333338e7,-6.397073687499963e6
London,18,96,60000,3,reachable_union,88194ad2a3fffff,3.928571204166665e7,3.2861788468750082e7,-6.423923572916567e6
London,18,96,60000,3,reachable_union,88194ad2a5fffff,4.199550288541673e7,3.0432482177083414e7,-1.1563020708333317e7
London,18,96,60000,3,reachable_union,88194ad2a7fffff,4.0017525020833366e7,2.9128056291666716e7,-1.088946872916665e7
London,18,96,60000,3,reachable_union,88194ad2a9fffff,4.321881698958337e7,3.504810713541671e7,-8.170709854166664e6
London,18,96,60000,3,reachable_union,88194ad2abfffff,4.1318632197916724e7,3.3212416020833373e7,-8.106216177083351e6
London,18,96,60000,3,reachable_union,88194ad2adfffff,4.49485768645834e7,3.9566549187500164e7,-5.382027677083239e6
London,18,96,60000,3,reachable_union,88194ad2b1fffff,3.990224766666665e7,3.368372388541677e7,-6.218523781249881e6
London,18,96,60000,3,reachable_union,88194ad2b3fffff,3.581947207291668e7,2.9678790031250004e7,-6.140682041666675e6
London,18,96,60000,3,reachable_union,88194ad2b5fffff,4.0191458062499955e7,3.362184573958339e7,-6.569612322916567e6
London,18,96,60000,3,reachable_union,88194ad2b7fffff,3.8516743104166664e7,3.213159743750005e7,-6.385145666666616e6
London,18,96,60000,3,reachable_union,88194ad2b9fffff,3.936812565625e7,3.3733803291666776e7,-5.634322364583224e6
London,18,96,60000,3,reachable_union,88194ad2bbfffff,3.722677013541669e7,2.8298765020833332e7,-8.928005114583354e6
London,18,96,60000,3,reachable_union,88194ad2bdfffff,4.1546952083333366e7,3.426497878125006e7,-7.281973302083306e6
London,18,96,60000,3,reachable_union,88194ad2c1fffff,3.9391634572916694e7,3.357734472916674e7,-5.814289843749955e6
London,18,96,60000,3,reachable_union,88194ad2c3fffff,4.100249918750007e7,3.347461373958342e7,-7.527885447916646e6
London,18,96,60000,3,reachable_union,88194ad2c5fffff,4.029617398958337e7,3.454658252083343e7,-5.74959146874994e6
London,18,96,60000,3,reachable_union,88194ad2c7fffff,3.8771027645833336e7,3.209242297916674e7,-6.678604666666597e6
London,18,96,60000,3,reachable_union,88194ad2c9fffff,3.845617046875e7,3.4380321593750075e7,-4.0758488749999255e6
London,18,96,60000,3,reachable_union,88194ad2cbfffff,3.703848818749998e7,3.070796110416668e7,-6.330527083333299e6
London,18,96,60000,3,reachable_union,88194ad2cdfffff,3.863245092708335e7,3.6614730489583366e7,-2.017720437499985e6
London,18,96,60000,3,reachable_union,88194ad2d1fffff,3.95405255e7,3.3120834260416687e7,-6.419691239583313e6
London,18,96,60000,3,reachable_union,88194ad2d5fffff,4.089009181250003e7,3.437553616666673e7,-6.514555645833299e6
London,18,96,60000,3,reachable_union,88194ad2d7fffff,3.907909614583334e7,3.2968566135416728e7,-6.110530010416616e6
London,18,96,60000,3,reachable_union,88194ad2d9fffff,3.928647568750003e7,3.397225092708335e7,-5.314224760416679e6
London,18,96,60000,3,reachable_union,88194ad2ddfffff,4.044187468750002e7,3.397787972916673e7,-6.463994958333291e6
London,18,96,60000,3,reachable_union,88194ad2e1fffff,4.128317941666672e7,3.310451855208338e7,-8.178660864583336e6
London,18,96,60000,3,reachable_union,88194ad2e3fffff,4.011218421875002e7,3.332311786458342e7,-6.789066354166601e6
London,18,96,60000,3,reachable_union,88194ad2e5fffff,4.42362287604167e7,3.83726801041666e7,-5.863548656250104e6
London,18,96,60000,3,reachable_union,88194ad2e7fffff,4.311968184375003e7,3.196237302083344e7,-1.115730882291659e7
London,18,96,60000,3,reachable_union,88194ad2e9fffff,4.104123044791672e7,3.636194438541673e7,-4.679286062499985e6
London,18,96,60000,3,reachable_union,88194ad2ebfffff,4.185637398958336e7,3.4142980427083336e7,-7.713393562500022e6
London,18,96,60000,3,reachable_union,88194ad2edfffff,4.443232876041671e7,3.878776764583338e7,-5.644561114583328e6
London,18,96,60000,3,reachable_union,88194ad301fffff,5.141332613541675e7,4.440304130208335e7,-7.010284833333403e6
London,18,96,60000,3,reachable_union,88194ad303fffff,4.8494809531250104e7,4.353278206249998e7,-4.962027468750127e6
London,18,96,60000,3,reachable_union,88194ad305fffff,5.232843246875006e7,4.501966707291667e7,-7.308765395833388e6
London,18,96,60000,3,reachable_union,88194ad307fffff,5.120157886458341e7,4.4462202510416694e7,-6.739376354166716e6
London,18,96,60000,3,reachable_union,88194ad309fffff,5.007196120833342e7,4.390346875000001e7,-6.16849245833341e6
London,18,96,60000,3,reachable_union,88194ad30bfffff,4.7483833739583425e7,4.27064331666667e7,-4.777400572916724e6
London,18,96,60000,3,reachable_union,88194ad30dfffff,5.2027916406250134e7,4.462742022916663e7,-7.400496177083507e6
London,18,96,60000,3,reachable_union,88194ad311fffff,4.801463183333343e7,4.339723028124993e7,-4.6174015520835e6
London,18,96,60000,3,reachable_union,88194ad313fffff,4.734624525000006e7,4.305059656249997e7,-4.295648687500089e6
London,18,96,60000,3,reachable_union,88194ad315fffff,4.96243985208334e7,4.395626491666669e7,-5.668133604166716e6
London,18,96,60000,3,reachable_union,88194ad317fffff,4.6746305041666724e7,4.345321936458329e7,-3.2930856770834327e6
London,18,96,60000,3,reachable_union,88194ad319fffff,4.867024748958344e7,4.39190537812499e7,-4.751193708333537e6
London,18,96,60000,3,reachable_union,88194ad31bfffff,4.746568618750008e7,4.352148792708333e7,-3.9441982604167536e6
London,18,96,60000,3,reachable_union,88194ad31dfffff,4.8311656114583425e7,4.353648803124994e7,-4.775168083333485e6
London,18,96,60000,3,reachable_union,88194ad321fffff,5.2189482968750045e7,4.469165320833332e7,-7.497829760416724e6
London,18,96,60000,3,reachable_union,88194ad323fffff,5.173492943750003e7,4.021377830208329e7,-1.1521151135416739e7
London,18,96,60000,3,reachable_union,88194ad325fffff,5.378737198958339e7,4.498400879166666e7,-8.803363197916731e6
London,18,96,60000,3,reachable_union,88194ad327fffff,5.244628663541671e7,4.1071712635416605e7,-1.1374574000000104e7
London,18,96,60000,3,reachable_union,88194ad329fffff,5.3238362781250045e7,5.089314235416664e7,-2.345220427083403e6
London,18,96,60000,3,reachable_union,88194ad32bfffff,5.19435358229167e7,4.652756791666672e7,-5.415967906249985e6
London,18,96,60000,3,reachable_union,88194ad32dfffff,5.350631992708336e7,4.771983026041674e7,-5.7864896666666195e6
London,18,96,60000,3,reachable_union,88194ad331fffff,4.966797255208341e7,4.4727560791666664e7,-4.940411760416746e6
London,18,96,60000,3,reachable_union,88194ad333fffff,4.695300457291674e7,4.41380042291666e7,-2.8150003437501416e6
London,18,96,60000,3,reachable_union,88194ad335fffff,5.02384820520834e7,4.496439443749998e7,-5.274087614583425e6
London,18,96,60000,3,reachable_union,88194ad337fffff,4.906401102083342e7,4.4911068479166605e7,-4.152942541666813e6
London,18,96,60000,3,reachable_union,88194ad339fffff,4.899134448958342e7,4.429568209374999e7,-4.695662395833425e6
London,18,96,60000,3,reachable_union,88194ad33bfffff,4.821890138541675e7,4.435438004166663e7,-3.8645213437501267e6
London,18,96,60000,3,reachable_union,88194ad33dfffff,5.041140681250007e7,4.456714801041669e7,-5.8442588020833805e6
London,18,96,60000,3,reachable_union,88194ad341fffff,4.800748969791681e7,4.350810034375001e7,-4.499389354166806e6
London,18,96,60000,3,reachable_union,88194ad343fffff,4.9068070208333485e7,4.37528223541666e7,-5.315247854166888e6
London,18,96,60000,3,reachable_union,88194ad345fffff,4.984116296875014e7,4.3740213666666605e7,-6.100949302083537e6
London,18,96,60000,3,reachable_union,88194ad347fffff,5.0431815937500104e7,4.4176467239583276e7,-6.255348697916828e6
London,18,96,60000,3,reachable_union,88194ad349fffff,4.8399638093750164e7,4.357144864583334e7,-4.828189447916821e6
London,18,96,60000,3,reachable_union,88194ad34bfffff,5.016867604166676e7,4.389408934374994e7,-6.274586697916821e6
London,18,96,60000,3,reachable_union,88194ad34dfffff,4.909620594791684e7,4.313031212499999e7,-5.96589382291685e6
London,18,96,60000,3,reachable_union,88194ad351fffff,4.81661237291668e7,4.383874309374992e7,-4.32738063541688e6
London,18,96,60000,3,reachable_union,88194ad353fffff,4.687744219791674e7,4.320841430208333e7,-3.6690278958334103e6
London,18,96,60000,3,reachable_union,88194ad355fffff,4.9970595218750104e7,4.375968104166658e7,-6.210914177083522e6
London,18,96,60000,3,reachable_union,88194ad357fffff,4.9863624135416776e7,4.388570464583328e7,-5.977919489583492e6
London,18,96,60000,3,reachable_union,88194ad359fffff,4.710941087500012e7,4.3229866843749955e7,-3.879544031250164e6
London,18,96,60000,3,reachable_union,88194ad35bfffff,4.89654225104168e7,4.381871706249991e7,-5.146705447916888e6
London,18,96,60000,3,reachable_union,88194ad35dfffff,4.863433167708347e7,4.3709459395833306e7,-4.924872281250164e6
London,18,96,60000,3,reachable_union,88194ad361fffff,5.1929235333333425e7,4.678497865624988e7,-5.144256677083544e6
London,18,96,60000,3,reachable_union,88194ad363fffff,5.249666844791671e7,4.952261287500003e7,-2.974055572916679e6
London,18,96,60000,3,reachable_union,88194ad365fffff,5.3854495604166746e7,5.278325833333322e7,-1.0712372708335295e6
London,18,96,60000,3,reachable_union,88194ad367fffff,5.323551396875002e7,5.082525867708332e7,-2.4102552916667014e6
London,18,96,60000,3,reachable_union,88194ad369fffff,4.999668510416677e7,4.347281621874996e7,-6.523868885416806e6
London,18,96,60000,3,reachable_union,88194ad36bfffff,5.2571078520833425e7,4.416497624999991e7,-8.406102270833515e6
London,18,96,60000,3,reachable_union,88194ad36dfffff,5.227727927083346e7,4.990693502083337e7,-2.3703442500000894e6
London,18,96,60000,3,reachable_union,88194ad801fffff,3.293158944791666e7,2.497712584375002e7,-7.954463604166642e6
London,18,96,60000,3,reachable_union,88194ad803fffff,3.2338676468749996e7,2.645188960416649e7,-5.886786864583507e6
London,18,96,60000,3,reachable_union,88194ad805fffff,3.5158428864583336e7,2.6868319468749892e7,-8.290109395833444e6
London,18,96,60000,3,reachable_union,88194ad807fffff,3.229689553125e7,2.5232839270833187e7,-7.064056260416813e6
London,18,96,60000,3,reachable_union,88194ad809fffff,3.523295084375e7,2.683851490624987e7,-8.39443593750013e6
London,18,96,60000,3,reachable_union,88194ad80bfffff,3.376796691666668e7,2.6352537104166504e7,-7.415429812500175e6
London,18,96,60000,3,reachable_union,88194ad80dfffff,3.5742898312500015e7,2.7075156104166575e7,-8.66774220833344e6
London,18,96,60000,3,reachable_union,88194ad811fffff,3.479887255208333e7,2.9616240552083105e7,-5.1826320000002235e6
London,18,96,60000,3,reachable_union,88194ad813fffff,3.607180651041662e7,2.7449491416666575e7,-8.622315093750045e6
London,18,96,60000,3,reachable_union,88194ad815fffff,3.520208834374997e7,2.9559476906249788e7,-5.642611437500183e6
London,18,96,60000,3,reachable_union,88194ad817fffff,3.444240265625001e7,2.859609961458318e7,-5.846303041666828e6
London,18,96,60000,3,reachable_union,88194ad819fffff,3.646522645833328e7,2.8571732020833183e7,-7.893494437500101e6
London,18,96,60000,3,reachable_union,88194ad81bfffff,3.529723173958334e7,2.9753146249999806e7,-5.544085489583537e6
London,18,96,60000,3,reachable_union,88194ad81dfffff,3.546704746874998e7,2.8946879822916485e7,-6.520167645833492e6
London,18,96,60000,3,reachable_union,88194ad829fffff,3.9406071114583306e7,3.114209659374999e7,-8.263974520833317e6
London,18,96,60000,3,reachable_union,88194ad82bfffff,3.476980228125e7,2.651540696874984e7,-8.25439531250016e6
London,18,96,60000,3,reachable_union,88194ad831fffff,3.281721434374999e7,2.6480848927083194e7,-6.336365416666795e6
London,18,96,60000,3,reachable_union,88194ad833fffff,3.560042043749996e7,2.8871325083333187e7,-6.729095354166776e6
London,18,96,60000,3,reachable_union,88194ad839fffff,3.228020311458332e7,2.644384272916653e7,-5.836360385416791e6
London,18,96,60000,3,reachable_union,88194ad83bfffff,3.520032285416665e7,2.88219143229165e7,-6.378408531250149e6
London,18,96,60000,3,reachable_union,88194ad83dfffff,3.264463560416666e7,2.6052120062499817e7,-6.592515541666843e6
London,18,96,60000,3,reachable_union,88194ad841fffff,4.082104972916668e7,3.0456844020833194e7,-1.0364205708333485e7
London,18,96,60000,3,reachable_union,88194ad843fffff,3.715352951041665e7,2.968711887499984e7,-7.4664106354168095e6
London,18,96,60000,3,reachable_union,88194ad845fffff,4.0017324541666694e7,2.975545779166661e7,-1.0261866750000086e7
London,18,96,60000,3,reachable_union,88194ad847fffff,3.925907351041666e7,2.9375378114583243e7,-9.883695395833414e6
London,18,96,60000,3,reachable_union,88194ad849fffff,4.117521367708337e7,3.166085116666666e7,-9.514362510416713e6
London,18,96,60000,3,reachable_union,88194ad84bfffff,4.197562314583334e7,3.236596099999994e7,-9.609662145833403e6
London,18,96,60000,3,reachable_union,88194ad84dfffff,3.910457191666663e7,3.0379924822916616e7,-8.724647093750011e6
London,18,96,60000,3,reachable_union,88194ad851fffff,3.946026111458334e7,2.9291156999999903e7,-1.016910411458344e7
London,18,96,60000,3,reachable_union,88194ad853fffff,3.796039395833331e7,2.869709158333317e7,-9.263302375000145e6
London,18,96,60000,3,reachable_union,88194ad855fffff,3.756574146874999e7,2.84704235729165e7,-9.095317895833492e6
London,18,96,60000,3,reachable_union,88194ad857fffff,3.5186979979166664e7,2.673400537499986e7,-8.452974604166806e6
London,18,96,60000,3,reachable_union,88194ad859fffff,4.0626487000000015e7,3.094897404166653e7,-9.677512958333485e6
London,18,96,60000,3,reachable_union,88194ad85bfffff,3.883139247916664e7,2.909985785416654e7,-9.7315346250001e6
London,18,96,60000,3,reachable_union,88194ad85dfffff,3.9419286437500015e7,3.044672790624989e7,-8.972558531250127e6
London,18,96,60000,3,reachable_union,88194ad861fffff,4.041517465624999e7,3.038283970833318e7,-1.0032334947916813e7
London,18,96,60000,3,reachable_union,88194ad863fffff,3.8919059895833306e7,2.921525056249988e7,-9.703809333333425e6
London,18,96,60000,3,reachable_union,88194ad865fffff,3.757088204166664e7,3.089594886458325e7,-6.674933177083392e6
London,18,96,60000,3,reachable_union,88194ad867fffff,4.177015487500004e7,3.270979474999992e7,-9.060360125000115e6
London,18,96,60000,3,reachable_union,88194ad869fffff,3.928260269791665e7,2.9905425156249903e7,-9.377177541666746e6
London,18,96,60000,3,reachable_union,88194ad86bfffff,3.978167811458332e7,2.9919573395833198e7,-9.862104718750123e6
London,18,96,60000,3,reachable_union,88194ad86dfffff,3.626431570833332e7,2.803891444791659e7,-8.225401260416731e6
London,18,96,60000,3,reachable_union,88194ad881fffff,3.934899663541668e7,2.9279224645833332e7,-1.0069771989583347e7
London,18,96,60000,3,reachable_union,88194ad885fffff,3.922019798958332e7,2.8988047364583176e7,-1.0232150625000145e7
London,18,96,60000,3,reachable_union,88194ad889fffff,3.8675485552083306e7,2.8883816489583228e7,-9.791669062500078e6
London,18,96,60000,3,reachable_union,88194ad88bfffff,3.648854753124997e7,2.7409291260416538e7,-9.079256270833433e6
London,18,96,60000,3,reachable_union,88194ad88dfffff,3.902523911458334e7,2.8902767270833235e7,-1.0122471843750108e7
London,18,96,60000,3,reachable_union,88194ad8a9fffff,3.6769420416666634e7,2.7801240343749885e7,-8.96818007291675e6
London,18,96,60000,3,reachable_union,88194ad8c1fffff,4.211214535416669e7,3.1283983041666634e7,-1.0828162312500052e7
London,18,96,60000,3,reachable_union,88194ad8c3fffff,4.074594514583334e7,3.0866634145833258e7,-9.879311000000086e6
London,18,96,60000,3,reachable_union,88194ad8c5fffff,3.86500177395833e7,2.905898530208319e7,-9.591032437500108e6
London,18,96,60000,3,reachable_union,88194ad8c7fffff,4.0196093572916664e7,2.9165262437499877e7,-1.1030831135416787e7
London,18,96,60000,3,reachable_union,88194ad8c9fffff,3.995080276041667e7,3.0376322458333284e7,-9.574480302083388e6
London,18,96,60000,3,reachable_union,88194ad8cbfffff,4.164477590625003e7,3.158413818749996e7,-1.006063771875007e7
London,18,96,60000,3,reachable_union,88194ad8cdfffff,3.830469353124999e7,2.9137716343749855e7,-9.166977187500138e6
London,18,96,60000,3,reachable_union,88194ad8d1fffff,3.905132656249997e7,2.9780953364583198e7,-9.270373197916772e6
London,18,96,60000,3,reachable_union,88194ad8d3fffff,3.7419629385416605e7,2.8966321864583272e7,-8.453307520833332e6
London,18,96,60000,3,reachable_union,88194ad8d5fffff,3.870099061458331e7,2.8838195312499866e7,-9.862795302083448e6
London,18,96,60000,3,reachable_union,88194ad8d7fffff,3.8112333208333306e7,2.9182864447916556e7,-8.92946876041675e6
London,18,96,60000,3,reachable_union,88194ad8d9fffff,3.9725082145833336e7,3.069389109374993e7,-9.031191052083407e6
London,18,96,60000,3,reachable_union,88194ad8dbfffff,3.8373716760416634e7,2.9365005010416534e7,-9.0087117500001e6
London,18,96,60000,3,reachable_union,88194ad8ddfffff,3.87031041145833e7,2.957822902083317e7,-9.12487509375013e6
London,18,96,60000,3,reachable_union,88194ad8e1fffff,3.6776916552083276e7,2.91428787187499e7,-7.634037833333377e6
London,18,96,60000,3,reachable_union,88194ad8e3fffff,4.0321301375e7,3.128544083333326e7,-9.035860541666739e6
London,18,96,60000,3,reachable_union,88194ad8e5fffff,3.661630344791665e7,2.8796031166666538e7,-7.820272281250112e6
London,18,96,60000,3,reachable_union,88194ad8e7fffff,3.704071780208335e7,2.9748382218749985e7,-7.292335583333366e6
London,18,96,60000,3,reachable_union,88194ad8e9fffff,3.6804043510416664e7,2.8338228479166698e7,-8.465815031249966e6
London,18,96,60000,3,reachable_union,88194ad8ebfffff,3.747003632291668e7,2.857990684374998e7,-8.890129479166698e6
London,18,96,60000,3,reachable_union,88194ad8edfffff,3.599165496875001e7,2.72798561145834e7,-8.711798854166608e6
London,18,96,60000,3,reachable_union,88194ada01fffff,4.397542027083336e7,3.2181051656249937e7,-1.1794368614583421e7
London,18,96,60000,3,reachable_union,88194ada03fffff,4.452232402083332e7,3.28317349479165e7,-1.169058907291682e7
London,18,96,60000,3,reachable_union,88194ada05fffff,4.414321640624999e7,3.2399574812499855e7,-1.1743641593750138e7
London,18,96,60000,3,reachable_union,88194ada07fffff,4.008976369791665e7,3.012283639583321e7,-9.96692730208344e6
London,18,96,60000,3,reachable_union,88194ada09fffff,4.659845399999996e7,3.270244146874981e7,-1.3896012531250153e7
London,18,96,60000,3,reachable_union,88194ada0bfffff,4.5966163010416634e7,3.2560224791666538e7,-1.3405938218750097e7
London,18,96,60000,3,reachable_union,88194ada0dfffff,4.611507684374998e7,3.2619723812499885e7,-1.3495353031250093e7
London,18,96,60000,3,reachable_union,88194ada11fffff,4.4726229281250045e7,3.3128132395833228e7,-1.1598096885416817e7
London,18,96,60000,3,reachable_union,88194ada13fffff,4.604813591666667e7,3.570881581249989e7,-1.0339320104166783e7
London,18,96,60000,3,reachable_union,88194ada15fffff,4.383142206250004e7,3.292250043749988e7,-1.0908921625000156e7
London,18,96,60000,3,reachable_union,88194ada17fffff,4.454796273958335e7,3.29435523229166e7,-1.160441041666675e7
London,18,96,60000,3,reachable_union,88194ada19fffff,4.584538162500001e7,3.5665629677083224e7,-1.0179751947916783e7
London,18,96,60000,3,reachable_union,88194ada1bfffff,4.600734802083335e7,3.586390095833318e7,-1.0143447062500171e7
London,18,96,60000,3,reachable_union,88194ada1dfffff,4.571141343750001e7,3.347520578124991e7,-1.2236207656250097e7
London,18,96,60000,3,reachable_union,88194ada21fffff,4.162316844791665e7,3.2067338062499978e7,-9.555830385416672e6
London,18,96,60000,3,reachable_union,88194ada23fffff,4.046358334374999e7,3.201773904166665e7,-8.445844302083343e6
London,18,96,60000,3,reachable_union,88194ada25fffff,4.195651104166665e7,3.1179450593749944e7,-1.0777060447916705e7
London,18,96,60000,3,reachable_union,88194ada27fffff,4.0234023697916634e7,3.226066860416665e7,-7.973355093749985e6
London,18,96,60000,3,reachable_union,88194ada29fffff,4.4850069583333336e7,3.282201740624987e7,-1.2028052177083466e7
London,18,96,60000,3,reachable_union,88194ada2bfffff,4.124215570833332e7,3.239972160416662e7,-8.842434104166701e6
London,18,96,60000,3,reachable_union,88194ada2dfffff,4.44661496875e7,3.1720532395833265e7,-1.2745617291666735e7
London,18,96,60000,3,reachable_union,88194ada31fffff,4.110794947916665e7,3.1279624416666597e7,-9.828325062500052e6
London,18,96,60000,3,reachable_union,88194ada33fffff,4.217157655208331e7,3.1652850999999933e7,-1.051872555208338e7
London,18,96,60000,3,reachable_union,88194ada35fffff,4.326442653125e7,3.2741434437499944e7,-1.0522992093750056e7
London,18,96,60000,3,reachable_union,88194ada37fffff,4.0757792385416634e7,3.2301003499999974e7,-8.45678888541666e6
London,18,96,60000,3,reachable_union,88194ada39fffff,3.9957938812499985e7,3.074886762499987e7,-9.209071187500115e6
London,18,96,60000,3,reachable_union,88194ada3bfffff,4.3188658354166664e7,3.3053286760416612e7,-1.0135371593750052e7
London,18,96,60000,3,reachable_union,88194ada3dfffff,4.162205171874998e7,3.2731671510416545e7,-8.890380208333433e6
London,18,96,60000,3,reachable_union,88194ada41fffff,4.9762479874999985e7,3.517478032291664e7,-1.4587699552083343e7
London,18,96,60000,3,reachable_union,88194ada43fffff,4.704436635416665e7,3.2745545874999866e7,-1.4298820479166783e7
London,18,96,60000,3,reachable_union,88194ada45fffff,4.776409634375003e7,3.3066064249999993e7,-1.4698032093750037e7
London,18,96,60000,3,reachable_union,88194ada47fffff,4.888295636458335e7,3.2658841999999933e7,-1.6224114364583418e7
London,18,96,60000,3,reachable_union,88194ada49fffff,5.043165186458333e7,3.572596695833329e7,-1.4705684906250037e7
London,18,96,60000,3,reachable_union,88194ada4bfffff,4.914251395833333e7,3.499906135416663e7,-1.4143452604166701e7
London,18,96,60000,3,reachable_union,88194ada4dfffff,4.859705297916666e7,3.4151314166666746e7,-1.444573881249991e7
London,18,96,60000,3,reachable_union,88194ada51fffff,4.7685914593749955e7,3.3452740968749814e7,-1.4233173625000142e7
London,18,96,60000,3,reachable_union,88194ada53fffff,4.588754168750002e7,3.2353962781249903e7,-1.353357890625012e7
London,18,96,60000,3,reachable_union,88194ada55fffff,4.832519590625e7,3.238344728124997e7,-1.594174862500003e7
London,18,96,60000,3,reachable_union,88194ada57fffff,4.710591384374999e7,3.280392446874997e7,-1.4301989375000022e7
London,18,96,60000,3,reachable_union,88194ada59fffff,4.968007628124999e7,3.512495253124992e7,-1.4555123750000075e7
London,18,96,60000,3,reachable_union,88194ada5bfffff,4.709629740625001e7,3.5347740083333194e7,-1.1748557322916813e7
London,18,96,60000,3,reachable_union,88194ada5dfffff,4.875242496874997e7,3.466016628124998e7,-1.4092258687499993e7
London,18,96,60000,3,reachable_union,88194ada61fffff,4.5454740541666694e7,3.267816434374989e7,-1.2776576197916806e7
London,18,96,60000,3,reachable_union,88194ada63fffff,4.59513211770833e7,3.281112382291647e7,-1.3140197354166828e7
London,18,96,60000,3,reachable_union,88194ada65fffff,4.394189006250002e7,3.174643599999989e7,-1.2195454062500134e7
London,18,96,60000,3,reachable_union,88194ada67fffff,4.471851160416665e7,3.2623605499999937e7,-1.2094906104166713e7
London,18,96,60000,3,reachable_union,88194ada69fffff,4.46824111458333e7,3.221259658333321e7,-1.246981456250009e7
London,18,96,60000,3,reachable_union,88194ada6bfffff,4.7146547906249985e7,3.2682567666666556e7,-1.4463980239583429e7
London,18,96,60000,3,reachable_union,88194ada6dfffff,4.533642281250002e7,3.3875969916666694e7,-1.1460452895833328e7
London,18,96,60000,3,reachable_union,88194ada81fffff,4.19488100625e7,3.1665252749999907e7,-1.0283557312500093e7
London,18,96,60000,3,reachable_union,88194ada83fffff,4.114924105208334e7,3.169272108333326e7,-9.456519968750082e6
London,18,96,60000,3,reachable_union,88194ada85fffff,4.309704523958333e7,3.2977563208333243e7,-1.0119482031250086e7
London,18,96,60000,3,reachable_union,88194ada87fffff,4.1927757458333306e7,3.164670509374989e7,-1.0281052364583418e7
London,18,96,60000,3,reachable_union,88194ada89fffff,4.4122752687500015e7,3.380562838541652e7,-1.0317124302083492e7
London,18,96,60000,3,reachable_union,88194ada8bfffff,4.202723963541665e7,3.1921756312499918e7,-1.0105483322916731e7
London,18,96,60000,3,reachable_union,88194ada8dfffff,4.5788136927083366e7,3.503896945833327e7,-1.0749167468750097e7
London,18,96,60000,3,reachable_union,88194ada91fffff,4.024211260416669e7,3.149898530208329e7,-8.743127302083395e6
London,18,96,60000,3,reachable_union,88194ada93fffff,4.0584196447916694e7,3.2137599645833246e7,-8.446596802083448e6
London,18,96,60000,3,reachable_union,88194ada95fffff,4.27338601979167e7,3.2032729145833224e7,-1.0701131052083477e7
London,18,96,60000,3,reachable_union,88194ada97fffff,4.0676669312500015e7,3.1820924739583295e7,-8.85574457291672e6
London,18,96,60000,3,reachable_union,88194ada99fffff,4.2515408375e7,3.199015213541667e7,-1.0525256239583328e7
London,18,96,60000,3,reachable_union,88194ada9bfffff,4.073653625000003e7,3.1622888593749996e7,-9.113647656250034e6
London,18,96,60000,3,reachable_union,88194ada9dfffff,4.197920413541668e7,3.1803540468749925e7,-1.0175663666666754e7
London,18,96,60000,3,reachable_union,88194adaa1fffff,4.078071004166668e7,3.1455302291666653e7,-9.325407750000026e6
London,18,96,60000,3,reachable_union,88194adaa3fffff,4.139570825000001e7,3.1869368354166657e7,-9.52633989583335e6
London,18,96,60000,3,reachable_union,88194adaa5fffff,3.634990423958335e7,2.9555554520833313e7,-6.794349718750037e6
London,18,96,60000,3,reachable_union,88194adaa7fffff,3.952499686458336e7,3.121884053124994e7,-8.306156333333418e6
London,18,96,60000,3,reachable_union,88194adaa9fffff,4.064429001041669e7,3.1649644447916668e7,-8.994645562500019e6
London,18,96,60000,3,reachable_union,88194adaabfffff,3.930043738541669e7,3.0564729135416698e7,-8.735708249999989e6
London,18,96,60000,3,reachable_union,88194adaadfffff,4.045491041666668e7,3.1477660031249918e7,-8.977250385416761e6
London,18,96,60000,3,reachable_union,88194adab1fffff,4.264487538541666e7,3.2007427947916612e7,-1.0637447437500045e7
London,18,96,60000,3,reachable_union,88194adab3fffff,4.131538656250003e7,3.149707566666662e7,-9.81831089583341e6
London,18,96,60000,3,reachable_union,88194adab5fffff,4.270276001041668e7,3.1945043604166716e7,-1.0757716406249963e7
London,18,96,60000,3,reachable_union,88194adab7fffff,4.1097829625000045e7,3.1934946937499955e7,-9.16288268750009e6
London,18,96,60000,3,reachable_union,88194adab9fffff,4.1877916739583366e7,3.2140871750000045e7,-9.73704498958332e6
London,18,96,60000,3,reachable_union,88194adabbfffff,4.194479460416669e7,3.1894982895833313e7,-1.0049811708333373e7
London,18,96,60000,3,reachable_union,88194adabdfffff,4.413657831250001e7,3.271539613541675e7,-1.1421182177083258e7
London,18,96,60000,3,reachable_union,88194adac1fffff,4.3900324343749985e7,3.349000139583343e7,-1.0410322947916556e7
London,18,96,60000,3,reachable_union,88194adac3fffff,4.377985427083332e7,3.262777719791679e7,-1.115207707291653e7
London,18,96,60000,3,reachable_union,88194adac5fffff,4.468663307291665e7,3.262773634375e7,-1.205889672916665e7
London,18,96,60000,3,reachable_union,88194adac7fffff,4.428714476041667e7,3.40097086666667e7,-1.027743609374997e7
London,18,96,60000,3,reachable_union,88194adac9fffff,4.595304823958331e7,3.496008632291678e7,-1.099296191666653e7
London,18,96,60000,3,reachable_union,88194adacbfffff,4.375944094791668e7,3.360664421875001e7,-1.0152796729166672e7
London,18,96,60000,3,reachable_union,88194adacdfffff,4.556929105208331e7,3.2128472562500123e7,-1.344081848958319e7
London,18,96,60000,3,reachable_union,88194adad1fffff,4.466203052083337e7,3.280049823958337e7,-1.1861532281250004e7
London,18,96,60000,3,reachable_union,88194adad3fffff,4.01083580104167e7,3.064652924999998e7,-9.46182876041672e6
London,18,96,60000,3,reachable_union,88194adad5fffff,4.3170309760416694e7,3.1765159635416735e7,-1.1405150124999959e7
London,18,96,60000,3,reachable_union,88194adad7fffff,4.371382704166669e7,3.1956184760416657e7,-1.175764228125003e7
London,18,96,60000,3,reachable_union,88194adad9fffff,4.5484889000000015e7,3.415541650000006e7,-1.1329472499999955e7
London,18,96,60000,3,reachable_union,88194adadbfffff,4.254223270833334e7,3.2092039947916627e7,-1.0450192760416716e7
London,18,96,60000,3,reachable_union,88194adaddfffff,4.509502052083336e7,3.3859887260416746e7,-1.1235133260416612e7
London,18,96,60000,3,reachable_union,88194adae1fffff,4.2169262802083336e7,3.1474889958333295e7,-1.0694372843750041e7
London,18,96,60000,3,reachable_union,88194adae3fffff,4.275871627083334e7,3.2335355562499985e7,-1.0423360708333358e7
London,18,96,60000,3,reachable_union,88194adae5fffff,4.237241325e7,3.2494971270833217e7,-9.877441979166783e6
London,18,96,60000,3,reachable_union,88194adae7fffff,4.158868102083332e7,3.213169492708328e7,-9.456986093750041e6
London,18,96,60000,3,reachable_union,88194adae9fffff,4.4449104802083306e7,3.293817977083345e7,-1.1510925031249855e7
London,18,96,60000,3,reachable_union,88194adaebfffff,4.297519602083333e7,3.1622643770833362e7,-1.1352552249999966e7
London,18,96,60000,3,reachable_union,88194adaedfffff,4.4826957781250015e7,3.312269088541674e7,-1.1704266895833276e7
London,18,96,60000,3,reachable_union,88194adb01fffff,4.337382972916667e7,3.199316948958341e7,-1.1380660239583261e7
London,18,96,60000,3,reachable_union,88194adb03fffff,4.0769875687500015e7,2.9400191322916675e7,-1.136968436458334e7
London,18,96,60000,3,reachable_union,88194adb05fffff,4.2153425447916664e7,2.949498526041676e7,-1.2658440187499903e7
London,18,96,60000,3,reachable_union,88194adb07fffff,4.236249693750005e7,2.9959002781250022e7,-1.240349415625003e7
London,18,96,60000,3,reachable_union,88194adb09fffff,4.2831427427083336e7,3.3060230229166694e7,-9.771197197916642e6
London,18,96,60000,3,reachable_union,88194adb0bfffff,4.053495039583335e7,2.9234483385416783e7,-1.1300467010416567e7
London,18,96,60000,3,reachable_union,88194adb0dfffff,4.482726852083331e7,3.429241047916684e7,-1.053485804166647e7
London,18,96,60000,3,reachable_union,88194adb11fffff,3.90042573854167e7,2.9387132989583395e7,-9.617124395833306e6
London,18,96,60000,3,reachable_union,88194adb13fffff,4.070728441666668e7,3.0423709822916746e7,-1.0283574593749933e7
London,18,96,60000,3,reachable_union,88194adb15fffff,4.058458054166672e7,3.013441625000002e7,-1.0450164291666698e7
London,18,96,60000,3,reachable_union,88194adb17fffff,3.842037170833332e7,3.0138290833333317e7,-8.282080875000004e6
London,18,96,60000,3,reachable_union,88194adb19fffff,4.2841520114583336e7,3.0532683166666668e7,-1.2308836947916668e7
London,18,96,60000,3,reachable_union,88194adb1bfffff,4.0977526166666694e7,3.2082153135416646e7,-8.895373031250048e6
London,18,96,60000,3,reachable_union,88194adb1dfffff,4.1741773343750015e7,3.029551284374989e7,-1.1446260500000127e7
London,18,96,60000,3,reachable_union,88194adb29fffff,4.280850482291666e7,2.9905062958333354e7,-1.2903441864583302e7
London,18,96,60000,3,reachable_union,88194adb2bfffff,4.0937875072916664e7,3.0088661333333302e7,-1.0849213739583362e7
London,18,96,60000,3,reachable_union,88194adb31fffff,3.8698542166666694e7,3.0228954468750007e7,-8.469587697916687e6
London,18,96,60000,3,reachable_union,88194adb33fffff,3.548135750000003e7,2.829870872916671e7,-7.182648770833321e6
London,18,96,60000,3,reachable_union,88194adb39fffff,4.028449893750006e7,2.993445626041664e7,-1.0350042677083418e7
London,18,96,60000,3,reachable_union,88194adb3bfffff,3.9837414656250075e7,3.0228020093749978e7,-9.609394562500097e6
London,18,96,60000,3,reachable_union,88194adb3dfffff,3.96995553229167e7,2.9851073677083302e7,-9.8484816458334e6
London,18,96,60000,3,reachable_union,88194adb41fffff,4.288157408333337e7,3.266060088541669e7,-1.0220973197916683e7
London,18,96,60000,3,reachable_union,88194adb43fffff,4.413509586458335e7,3.417473952083346e7,-9.960356343749888e6
London,18,96,60000,3,reachable_union,88194adb45fffff,4.4193496645833306e7,3.3186277895833377e7,-1.100721874999993e7
London,18,96,60000,3,reachable_union,88194adb47fffff,4.6458862812500015e7,3.579338004166668e7,-1.0665482770833336e7
London,18,96,60000,3,reachable_union,88194adb49fffff,4.241896113541667e7,3.0013771697916698e7,-1.2405189437499974e7
London,18,96,60000,3,reachable_union,88194adb4bfffff,4.433635352083342e7,3.2324627427083455e7,-1.2011726093749963e7
London,18,96,60000,3,reachable_union,88194adb4dfffff,4.362533312500009e7,2.9864204677083366e7,-1.3761128447916724e7
London,18,96,60000,3,reachable_union,88194adb51fffff,4.31619737395834e7,3.2346566072916683e7,-1.081540766666672e7
London,18,96,60000,3,reachable_union,88194adb53fffff,4.378458763541676e7,3.168165328125011e7,-1.210293435416665e7
London,18,96,60000,3,reachable_union,88194adb55fffff,4.394548087500014e7,3.193957762500003e7,-1.2005903250000112e7
London,18,96,60000,3,reachable_union,88194adb57fffff,4.1726320895833366e7,3.004178489583332e7,-1.1684536000000045e7
London,18,96,60000,3,reachable_union,88194adb59fffff,4.322419481250009e7,3.2216817989583433e7,-1.1007376822916657e7
London,18,96,60000,3,reachable_union,88194adb5bfffff,4.2015258802083336e7,3.143270812499999e7,-1.0582550677083347e7
London,18,96,60000,3,reachable_union,88194adb5dfffff,4.4390759593750104e7,3.3697297375000015e7,-1.069346221875009e7
London,18,96,60000,3,reachable_union,88194adb61fffff,4.243988475000005e7,2.9903632739583444e7,-1.2536252010416608e7
London,18,96,60000,3,reachable_union,88194adb63fffff,4.45718278333334e7,3.0616589510416724e7,-1.395523832291668e7
London,18,96,60000,3,reachable_union,88194adb65fffff,4.122272313541671e7,3.0654444385416612e7,-1.0568278750000097e7
London,18,96,60000,3,reachable_union,88194adb67fffff,4.215609661458337e7,3.0384566083333302e7,-1.177153053125007e7
London,18,96,60000,3,reachable_union,88194adb69fffff,4.2002155083333395e7,3.144221697916673e7,-1.0559938104166664e7
London,18,96,60000,3,reachable_union,88194adb6bfffff,4.407705670833343e7,3.3077253364583433e7,-1.099980334375e7
London,18,96,60000,3,reachable_union,88194adb6dfffff,4.1275780145833366e7,3.132017743750005e7,-9.955602708333317e6
London,18,96,60000,3,reachable_union,88194e6805fffff,4.067528134375002e7,3.0828692927083433e7,-9.84658841666659e6
London,18,96,60000,3,reachable_union,88194e6807fffff,4.1997523385416694e7,2.9792612041666564e7,-1.220491134375013e7
London,18,96,60000,3,reachable_union,88194e6821fffff,4.409252671875008e7,3.1527156447916787e7,-1.2565370270833295e7
London,18,96,60000,3,reachable_union,88194e6823fffff,4.3006909604166694e7,3.407740440624999e7,-8.929505197916701e6
London,18,96,60000,3,reachable_union,88194e6825fffff,4.4933851625000075e7,3.2418424250000015e7,-1.251542737500006e7
London,18,96,60000,3,reachable_union,88194e6827fffff,4.438226055208342e7,3.284227888541676e7,-1.1539981666666657e7
London,18,96,60000,3,reachable_union,88194e6829fffff,4.159174273958339e7,3.054606046875007e7,-1.1045682270833317e7
London,18,96,60000,3,reachable_union,88194e682bfffff,4.0078249968750045e7,3.0118766520833332e7,-9.959483447916713e6
London,18,96,60000,3,reachable_union,88194e682dfffff,4.31339058229167e7,2.9999991093749907e7,-1.3133914729166795e7
London,18,96,60000,3,reachable_union,88194e6831fffff,4.410414046875006e7,3.2418906416666754e7,-1.1685234052083306e7
London,18,96,60000,3,reachable_union,88194e6833fffff,4.269696998958338e7,3.0335758302083388e7,-1.2361211687499993e7
London,18,96,60000,3,reachable_union,88194e6835fffff,4.333806463541672e7,3.405007195833329e7,-9.287992677083425e6
London,18,96,60000,3,reachable_union,88194e6837fffff,4.6105065864583455e7,3.6315827239583135e7,-9.78923862500032e6
London,18,96,60000,3,reachable_union,88194e6839fffff,4.460058571875011e7,3.0299459531250015e7,-1.4301126187500097e7
London,18,96,60000,3,reachable_union,88194e683bfffff,3.966899352083338e7,2.8052242177083284e7,-1.1616751343750097e7
London,18,96,60000,3,reachable_union,88194e683dfffff,4.4273867895833425e7,3.183377523958339e7,-1.2440092656250034e7
London,18,96,60000,3,reachable_union,88194e6863fffff,3.982504460416672e7,3.027904535416661e7,-9.545999250000108e6
London,18,96,60000,3,reachable_union,88194e6867fffff,3.999223830208334e7,2.883565682291667e7,-1.1156581479166672e7
London,18,96,60000,3,reachable_union,88194e6885fffff,4.379343838541674e7,3.3266570166666754e7,-1.0526868218749985e7
London,18,96,60000,3,reachable_union,88194e6887fffff,4.263132342708335e7,3.3425208281250093e7,-9.206115145833258e6
London,18,96,60000,3,reachable_union,88194e68a1fffff,4.469982343750006e7,3.3134869083333395e7,-1.1564954354166664e7
London,18,96,60000,3,reachable_union,88194e68a3fffff,4.319689248958339e7,3.683308399999984e7,-6.363808489583544e6
London,18,96,60000,3,reachable_union,88194e68a5fffff,4.485245921875009e7,4.002216833333319e7,-4.830290885416903e6
London,18,96,60000,3,reachable_union,88194e68a7fffff,4.580277667708343e7,3.95531809270832e7,-6.249595750000231e6
London,18,96,60000,3,reachable_union,88194e68a9fffff,4.286329436458338e7,3.023565707291676e7,-1.262763729166662e7
London,18,96,60000,3,reachable_union,88194e68abfffff,4.280404329166672e7,3.556519676041649e7,-7.2388465312502235e6
London,18,96,60000,3,reachable_union,88194e68adfffff,4.404234253125006e7,3.5768635635416456e7,-8.273706895833604e6
London,18,96,60000,3,reachable_union,88194e68b1fffff,4.120684910416668e7,3.552020721874983e7,-5.68664188541685e6
London,18,96,60000,3,reachable_union,88194e68b3fffff,4.226983604166667e7,3.673757491666652e7,-5.532261125000149e6
London,18,96,60000,3,reachable_union,88194e68b5fffff,4.308012987500008e7,3.772078463541654e7,-5.359345239583544e6
London,18,96,60000,3,reachable_union,88194e68b7fffff,4.2019264770833366e7,3.6385000062499866e7,-5.6342647083335e6
London,18,96,60000,3,reachable_union,88194e68b9fffff,4.0968018708333366e7,3.2461855593750086e7,-8.50616311458328e6
London,18,96,60000,3,reachable_union,88194e68bbfffff,4.1164072895833366e7,3.344522250000008e7,-7.718850395833287e6
London,18,96,60000,3,reachable_union,88194e68bdfffff,4.047299465625001e7,3.4766681833333254e7,-5.706312822916754e6
London,18,96,60000,3,reachable_union,88194e68e1fffff,4.428609438541672e7,3.279409116666682e7,-1.1492003218749896e7
London,18,96,60000,3,reachable_union,88194e68e3fffff,4.304113627083338e7,3.1112675770833366e7,-1.1928460500000015e7
London,18,96,60000,3,reachable_union,88194e68e5fffff,4.050147346875001e7,3.166124277083343e7,-8.840230697916579e6
London,18,96,60000,3,reachable_union,88194e68e7fffff,4.311703591666671e7,3.384226220833334e7,-9.274773708333366e6
London,18,96,60000,3,reachable_union,88194e68edfffff,4.2057877270833336e7,3.202969797916672e7,-1.0028179291666616e7
London,18,96,60000,3,reachable_union,88194e6901fffff,4.3918970197916746e7,2.935272657291651e7,-1.4566243625000235e7
London,18,96,60000,3,reachable_union,88194e6903fffff,4.2489083177083425e7,2.948548441666651e7,-1.3003598760416914e7
London,18,96,60000,3,reachable_union,88194e6905fffff,4.551227313541679e7,3.0516585885416564e7,-1.4995687250000227e7
London,18,96,60000,3,reachable_union,88194e6907fffff,4.594236687500011e7,3.0248827322916575e7,-1.5693539552083537e7
London,18,96,60000,3,reachable_union,88194e6909fffff,4.138202229166673e7,2.954345431249984e7,-1.1838567979166891e7
London,18,96,60000,3,reachable_union,88194e690bfffff,3.9116689770833366e7,2.6806315781249937e7,-1.2310373989583429e7
London,18,96,60000,3,reachable_union,88194e690dfffff,4.330552331250006e7,3.0058633906249896e7,-1.3246889406250164e7
London,18,96,60000,3,reachable_union,88194e6911fffff,4.414514709375012e7,3.0572461249999937e7,-1.3572685843750183e7
London,18,96,60000,3,reachable_union,88194e6913fffff,4.6827753770833455e7,3.494849129166657e7,-1.1879262479166888e7
London,18,96,60000,3,reachable_union,88194e6915fffff,4.5573205885416746e7,3.0223796083333317e7,-1.5349409802083429e7
London,18,96,60000,3,reachable_union,88194e6917fffff,4.7924638822916836e7,3.258139327083339e7,-1.5343245552083444e7
London,18,96,60000,3,reachable_union,88194e6919fffff,4.503709548958337e7,3.2442681656250045e7,-1.2594413833333328e7
London,18,96,60000,3,reachable_union,88194e691bfffff,4.688133030208348e7,3.640904148958338e7,-1.0472288812500097e7
London,18,96,60000,3,reachable_union,88194e691dfffff,4.327260378125007e7,3.0252536885416634e7,-1.3020066895833433e7
London,18,96,60000,3,reachable_union,88194e6921fffff,4.52899725833334e7,3.1780657708333325e7,-1.3509314875000078e7
London,18,96,60000,3,reachable_union,88194e6923fffff,4.626012404166678e7,3.310736371875009e7,-1.3152760322916694e7
London,18,96,60000,3,reachable_union,88194e6925fffff,4.4007612718750045e7,3.1996198677083302e7,-1.2011414041666742e7
London,18,96,60000,3,reachable_union,88194e6927fffff,4.620687912500012e7,3.373828551041672e7,-1.2468593614583403e7
London,18,96,60000,3,reachable_union,88194e6929fffff,4.3352135416666724e7,3.0049723479166638e7,-1.3302411937500086e7
London,18,96,60000,3,reachable_union,88194e692bfffff,4.7073625625000134e7,3.0798430531249944e7,-1.627519509375019e7
London,18,96,60000,3,reachable_union,88194e692dfffff,4.3819455083333395e7,3.214117552083337e7,-1.1678279562500026e7
London,18,96,60000,3,reachable_union,88194e6931fffff,4.921016813541684e7,3.480454535416672e7,-1.4405622781250127e7
London,18,96,60000,3,reachable_union,88194e6933fffff,4.687829182291681e7,3.3018760312500034e7,-1.385953151041678e7
London,18,96,60000,3,reachable_union,88194e6935fffff,4.71463444583335e7,3.294633713541674e7,-1.4200007322916761e7
London,18,96,60000,3,reachable_union,88194e6937fffff,5.0393655437500134e7,3.6833898666666746e7,-1.3559756770833388e7
London,18,96,60000,3,reachable_union,88194e6939fffff,4.540366461458344e7,3.0979623822916683e7,-1.4424040791666757e7
London,18,96,60000,3,reachable_union,88194e693bfffff,4.575441954166678e7,3.3105812156250026e7,-1.2648607385416757e7
London,18,96,60000,3,reachable_union,88194e693dfffff,4.8328245760416836e7,3.209192396875012e7,-1.6236321791666716e7
London,18,96,60000,3,reachable_union,88194e6951fffff,4.2596431791666694e7,3.031764089583332e7,-1.2278790895833373e7
London,18,96,60000,3,reachable_union,88194e6953fffff,4.384286264583338e7,3.068623735416665e7,-1.3156625291666731e7
London,18,96,60000,3,reachable_union,88194e6955fffff,4.030039091666669e7,3.00636891458333e7,-1.0236701770833388e7
London,18,96,60000,3,reachable_union,88194e6957fffff,4.2234181729166694e7,3.0312163489583302e7,-1.1922018239583392e7
London,18,96,60000,3,reachable_union,88194e695bfffff,4.254581495833335e7,3.043403504166659e7,-1.2111779916666761e7
London,18,96,60000,3,reachable_union,88194e6963fffff,4.576363846875011e7,3.054699509374998e7,-1.521664337500013e7
London,18,96,60000,3,reachable_union,88194e6967fffff,4.3832636770833395e7,3.0650169968749974e7,-1.3182466802083421e7
London,18,96,60000,3,reachable_union,88194e6981fffff,4.5580496895833395e7,3.748183105208349e7,-8.098665843749903e6
London,18,96,60000,3,reachable_union,88194e6983fffff,4.7007436791666806e7,4.375557681250019e7,-3.251859979166612e6
London,18,96,60000,3,reachable_union,88194e6985fffff,4.443842802083336e7,3.632529337500006e7,-8.113134645833299e6
London,18,96,60000,3,reachable_union,88194e6987fffff,4.6044705062500134e7,3.624676145833337e7,-9.797943604166761e6
London,18,96,60000,3,reachable_union,88194e6989fffff,4.529012570833343e7,3.5244792104166724e7,-1.0045333604166709e7
London,18,96,60000,3,reachable_union,88194e698bfffff,4.654060450000015e7,4.29699732500002e7,-3.570631249999948e6
London,18,96,60000,3,reachable_union,88194e698dfffff,4.075235172916663e7,3.2314056572916653e7,-8.438295156249974e6
London,18,96,60000,3,reachable_union,88194e6991fffff,4.717928962500016e7,4.542625671875017e7,-1.753032906249985e6
London,18,96,60000,3,reachable_union,88194e6993fffff,4.710426433333347e7,4.279023216666681e7,-4.314032166666657e6
London,18,96,60000,3,reachable_union,88194e6995fffff,4.673497108333346e7,4.497106928125017e7,-1.763901802083291e6
London,18,96,60000,3,reachable_union,88194e6997fffff,4.564129160416672e7,3.929933383333337e7,-6.341957770833343e6
London,18,96,60000,3,reachable_union,88194e6999fffff,4.658647814583347e7,4.161757865625015e7,-4.968899489583321e6
London,18,96,60000,3,reachable_union,88194e699bfffff,4.575718701041673e7,3.6198701833333395e7,-9.558485177083336e6
London,18,96,60000,3,reachable_union,88194e699dfffff,4.8651306812500246e7,4.71142475104168e7,-1.5370593020834476e6
London,18,96,60000,3,reachable_union,88194e69a1fffff,4.827113334375018e7,3.478788882291671e7,-1.348324452083347e7
London,18,96,60000,3,reachable_union,88194e69a3fffff,4.743432761458348e7,4.246769889583343e7,-4.966628718750045e6
London,18,96,60000,3,reachable_union,88194e69a5fffff,4.62810088229168e7,3.3508010020833448e7,-1.277299880208335e7
London,18,96,60000,3,reachable_union,88194e69a7fffff,4.836690294791686e7,4.044527056250003e7,-7.921632385416828e6
London,18,96,60000,3,reachable_union,88194e69a9fffff,4.537057402083339e7,3.2990022604166754e7,-1.2380551416666634e7
London,18,96,60000,3,reachable_union,88194e69abfffff,4.679586657291686e7,3.546935478124998e7,-1.132651179166688e7
London,18,96,60000,3,reachable_union,88194e69adfffff,4.6742183416666836e7,3.448590871875006e7,-1.2256274697916776e7
London,18,96,60000,3,reachable_union,88194e69b1fffff,4.516952859375002e7,4.022429225000015e7,-4.945236343749873e6
London,18,96,60000,3,reachable_union,88194e69b3fffff,4.8588137385416806e7,4.321912085416686e7,-5.369016531249948e6
London,18,96,60000,3,reachable_union,88194e69b5fffff,4.63031141354168e7,4.137941930208345e7,-4.923694833333351e6
London,18,96,60000,3,reachable_union,88194e69b7fffff,4.7722234739583485e7,4.285552837500018e7,-4.866706364583306e6
London,18,96,60000,3,reachable_union,88194e69b9fffff,4.508806041666666e7,3.613212278125004e7,-8.95593763541662e6
London,18,96,60000,3,reachable_union,88194e69bbfffff,4.67787911041668e7,3.7433552791666806e7,-9.345238312499993e6
London,18,96,60000,3,reachable_union,88194e69bdfffff,4.4864095906250045e7,3.876118978125012e7,-6.1029061249999255e6
London,18,96,60000,3,reachable_union,88194e69c1fffff,4.539564236458342e7,3.5679308385416724e7,-9.716333979166694e6
London,18,96,60000,3,reachable_union,88194e69c3fffff,4.612926962500016e7,3.576820572916665e7,-1.0361063895833507e7
London,18,96,60000,3,reachable_union,88194e69c5fffff,4.382758490625004e7,3.480774077083337e7,-9.019844135416664e6
London,18,96,60000,3,reachable_union,88194e69c7fffff,4.363738842708335e7,3.599612168750013e7,-7.641266739583224e6
London,18,96,60000,3,reachable_union,88194e69c9fffff,4.353610873958337e7,3.580861078125009e7,-7.727497958333284e6
London,18,96,60000,3,reachable_union,88194e69cbfffff,4.4259854489583366e7,3.649716076041675e7,-7.762693729166612e6
London,18,96,60000,3,reachable_union,88194e69cdfffff,4.567434398958341e7,3.515136115625001e7,-1.0522982833333403e7
London,18,96,60000,3,reachable_union,88194e69d1fffff,4.550749006250007e7,4.0053258010416776e7,-5.454232052083291e6
London,18,96,60000,3,reachable_union,88194e69d3fffff,4.4816684416666694e7,3.7605472145833425e7,-7.211212270833269e6
London,18,96,60000,3,reachable_union,88194e69d5fffff,4.735753394791684e7,3.6225205260416746e7,-1.1132328687500097e7
London,18,96,60000,3,reachable_union,88194e69d7fffff,4.6716141479166724e7,4.159827529166664e7,-5.117866187500082e6
London,18,96,60000,3,reachable_union,88194e69d9fffff,4.42387751145833e7,3.535824914583324e7,-8.88052596875006e6
London,18,96,60000,3,reachable_union,88194e69dbfffff,4.571521194791672e7,3.737503166666653e7,-8.340180281250186e6
London,18,96,60000,3,reachable_union,88194e69ddfffff,4.503027403125006e7,3.545413823958317e7,-9.576135791666888e6
London,18,96,60000,3,reachable_union,88194e69e1fffff,4.296478421875001e7,3.1935633979166646e7,-1.1029150239583362e7
London,18,96,60000,3,reachable_union,88194e69e3fffff,4.26715606041667e7,3.369207083333332e7,-8.97948977083338e6
London,18,96,60000,3,reachable_union,88194e69e5fffff,4.3592547593750015e7,3.1852440937500056e7,-1.1740106656249959e7
London,18,96,60000,3,reachable_union,88194e69e7fffff,4.43629902604167e7,3.380024025000003e7,-1.0562750010416672e7
London,18,96,60000,3,reachable_union,88194e69e9fffff,4.520985193750007e7,3.39592811249999e7,-1.1250570812500164e7
London,18,96,60000,3,reachable_union,88194e69ebfffff,4.2976638718750015e7,3.569285142708323e7,-7.283787291666783e6
London,18,96,60000,3,reachable_union,88194e69edfffff,4.247755386458333e7,3.0014052604166683e7,-1.2463501260416646e7
London,18,96,60000,3,reachable_union,88194e6d05fffff,4.166062222916659e7,3.207888676041667e7,-9.581735468749918e6
London,18,96,60000,3,reachable_union,88194e6d07fffff,4.095016744791656e7,3.210939506249999e7,-8.840772385416571e6
London,18,96,60000,3,reachable_union,88194e6d21fffff,4.021858864583328e7,3.3401372020833343e7,-6.81721662499994e6
London,18,96,60000,3,reachable_union,88194e6d23fffff,3.8895044166666605e7,3.204537945833338e7,-6.849664708333224e6
London,18,96,60000,3,reachable_union,88194e6d25fffff,4.1590051177083254e7,3.785694994791649e7,-3.733101229166761e6
London,18,96,60000,3,reachable_union,88194e6d27fffff,3.888905978124995e7,3.376698984375002e7,-5.1220699374999255e6
London,18,96,60000,3,reachable_union,88194e6d29fffff,4.2121279697916634e7,3.389362236458327e7,-8.227657333333366e6
London,18,96,60000,3,reachable_union,88194e6d2bfffff,4.067026134374989e7,3.2556037406250015e7,-8.114223937499873e6
London,18,96,60000,3,reachable_union,88194e6d2dfffff,4.156990706249993e7,3.74141803854166e7,-4.155726677083336e6
London,18,96,60000,3,reachable_union,88194e6d31fffff,3.6013261614583306e7,3.1781200583333284e7,-4.232061031250022e6
London,18,96,60000,3,reachable_union,88194e6d33fffff,3.5891762989583306e7,3.1047943343749993e7,-4.843819645833313e6
London,18,96,60000,3,reachable_union,88194e6d35fffff,3.769608659374994e7,3.2348836927083336e7,-5.347249666666605e6
London,18,96,60000,3,reachable_union,88194e6d37fffff,3.8873247291666575e7,3.251421681249993e7,-6.359030479166646e6
London,18,96,60000,3,reachable_union,88194e6d39fffff,3.821657527083326e7,2.9599259520833302e7,-8.617315749999959e6
London,18,96,60000,3,reachable_union,88194e6d3bfffff,3.622376472916663e7,3.1864527697916646e7,-4.359237031249981e6
London,18,96,60000,3,reachable_union,88194e6d3dfffff,3.648952283333329e7,2.943448092708335e7,-7.05504190624994e6
London,18,96,60000,3,reachable_union,88194e6d61fffff,3.941329399999996e7,3.352301357291668e7,-5.890280427083284e6
London,18,96,60000,3,reachable_union,88194e6d63fffff,4.313497965624997e7,3.563153765624978e7,-7.503442000000194e6
London,18,96,60000,3,reachable_union,88194e6d65fffff,4.2095238354166605e7,3.769043202083324e7,-4.404806333333366e6
London,18,96,60000,3,reachable_union,88194e6d67fffff,4.122639890624991e7,3.6945524708333194e7,-4.280874197916716e6
London,18,96,60000,3,reachable_union,88194e6d6dfffff,4.166890585416658e7,3.614504198958314e7,-5.52386386458344e6
London,18,96,60000,3,reachable_union,88195da401fffff,4.377927012499997e7,3.2695296854166593e7,-1.1083973270833377e7
London,18,96,60000,3,reachable_union,88195da403fffff,4.743370355208343e7,3.2621067197916597e7,-1.4812636354166836e7
London,18,96,60000,3,reachable_union,88195da405fffff,4.317480341666668e7,3.1988269895833254e7,-1.1186533520833425e7
London,18,96,60000,3,reachable_union,88195da407fffff,4.52128819791667e7,3.2555537677083246e7,-1.2657344302083455e7
London,18,96,60000,3,reachable_union,88195da409fffff,4.2827831604166694e7,3.2354011624999892e7,-1.0473819979166802e7
London,18,96,60000,3,reachable_union,88195da40bfffff,4.243274486458337e7,3.21337617812499e7,-1.0298983083333474e7
London,18,96,60000,3,reachable_union,88195da40dfffff,4.352578312499999e7,3.2676929958333243e7,-1.084885316666675e7
London,18,96,60000,3,reachable_union,88195da411fffff,4.463612593750002e7,3.331717506249997e7,-1.1318950875000052e7
London,18,96,60000,3,reachable_union,88195da413fffff,4.871139036458337e7,3.710148273958318e7,-1.1609907625000194e7
London,18,96,60000,3,reachable_union,88195da415fffff,4.6406353239583425e7,3.3067832624999963e7,-1.3338520614583462e7
London,18,96,60000,3,reachable_union,88195da417fffff,4.956591143750012e7,3.762447307291661e7,-1.1941438364583507e7
London,18,96,60000,3,reachable_union,88195da419fffff,4.543222437500005e7,3.3050721781249873e7,-1.2381502593750179e7
London,18,96,60000,3,reachable_union,88195da41bfffff,4.460964367708342e7,3.498983054166652e7,-9.619813135416895e6
London,18,96,60000,3,reachable_union,88195da41dfffff,4.454709723958338e7,3.210296492708329e7,-1.244413231250009e7
London,18,96,60000,3,reachable_union,88195da421fffff,4.521215477083338e7,3.4515284812499814e7,-1.0696869958333567e7
London,18,96,60000,3,reachable_union,88195da423fffff,4.536573550000004e7,3.462362521874986e7,-1.0742110281250179e7
London,18,96,60000,3,reachable_union,88195da425fffff,4.4516923552083395e7,3.4328673270833254e7,-1.0188250281250142e7
London,18,96,60000,3,reachable_union,88195da427fffff,4.378453565624999e7,3.419962980208331e7,-9.58490585416668e6
London,18,96,60000,3,reachable_union,88195da429fffff,4.4120386833333366e7,3.2903716718749978e7,-1.1216670114583388e7
London,18,96,60000,3,reachable_union,88195da42bfffff,4.5963803625000075e7,3.383125118749997e7,-1.2132552437500104e7
London,18,96,60000,3,reachable_union,88195da42dfffff,4.3690866604166664e7,3.413668977083323e7,-9.554176833333433e6
London,18,96,60000,3,reachable_union,88195da431fffff,4.54703449791667e7,3.269056396874988e7,-1.277978101041682e7
London,18,96,60000,3,reachable_union,88195da433fffff,4.637843150000004e7,3.415834432291662e7,-1.2220087177083418e7
London,18,96,60000,3,reachable_union,88195da435fffff,4.594434896875003e7,3.2254342010416612e7,-1.3690006958333418e7
London,18,96,60000,3,reachable_union,88195da437fffff,4.744033937500004e7,3.353167396875001e7,-1.3908665406250026e7
London,18,96,60000,3,reachable_union,88195da439fffff,4.495008946875004e7,3.2832077760416556e7,-1.2118011708333481e7
London,18,96,60000,3,reachable_union,88195da43bfffff,4.567666693749999e7,3.311399533333337e7,-1.2562671604166623e7
London,18,96,60000,3,reachable_union,88195da43dfffff,4.3751455187500045e7,3.219419396874993e7,-1.1557261218750115e7
London,18,96,60000,3,reachable_union,88195da441fffff,4.3738693968750045e7,3.271199293749997e7,-1.1026701031250075e7
London,18,96,60000,3,reachable_union,88195da443fffff,4.536687519791677e7,3.231051571874988e7,-1.3056359479166888e7
London,18,96,60000,3,reachable_union,88195da445fffff,4.535089478125014e7,3.2278897999999944e7,-1.3071996781250197e7
London,18,96,60000,3,reachable_union,88195da447fffff,4.416112168750004e7,3.217937558333318e7,-1.1981746104166858e7
London,18,96,60000,3,reachable_union,88195da449fffff,4.2376178750000015e7,3.214877532291665e7,-1.0227403427083366e7
London,18,96,60000,3,reachable_union,88195da44bfffff,4.4358863656250045e7,3.2277109427083325e7,-1.208175422916672e7
London,18,96,60000,3,reachable_union,88195da44dfffff,4.4198870270833366e7,3.2488761062499974e7,-1.1710109208333392e7
London,18,96,60000,3,reachable_union,88195da451fffff,4.760186633333344e7,3.2890974822916646e7,-1.4710891510416795e7
London,18,96,60000,3,reachable_union,88195da453fffff,4.775851191666677e7,3.599307672916657e7,-1.1765435187500201e7
London,18,96,60000,3,reachable_union,88195da455fffff,4.4482795031250045e7,3.237086897916665e7,-1.2111926052083395e7
London,18,96,60000,3,reachable_union,88195da457fffff,4.283068921874999e7,3.106088682291667e7,-1.176980239583332e7
London,18,96,60000,3,reachable_union,88195da459fffff,4.58558756562501e7,3.592127556249989e7,-9.934600093750209e6
London,18,96,60000,3,reachable_union,88195da45bfffff,4.865313302083346e7,3.68312868229166e7,-1.1821846197916865e7
London,18,96,60000,3,reachable_union,88195da45dfffff,4.7257890250000104e7,3.297833292708336e7,-1.4279557322916746e7
London,18,96,60000,3,reachable_union,88195da461fffff,4.059843688541663e7,3.101956549999995e7,-9.578871385416675e6
London,18,96,60000,3,reachable_union,88195da463fffff,4.380209616666668e7,3.2707334083333317e7,-1.1094762083333362e7
London,18,96,60000,3,reachable_union,88195da465fffff,3.832914482291664e7,3.092293014583332e7,-7.406214677083321e6
London,18,96,60000,3,reachable_union,88195da467fffff,4.285944063541665e7,3.2997136937500004e7,-9.862303697916646e6
London,18,96,60000,3,reachable_union,88195da469fffff,4.213784601041664e7,3.161348980208329e7,-1.052435620833335e7
London,18,96,60000,3,reachable_union,88195da46bfffff,4.4305426593750045e7,3.2363213822916634e7,-1.194221277083341e7
London,18,96,60000,3,reachable_union,88195da46dfffff,3.921987613541663e7,3.0617001708333243e7,-8.602874427083384e6
London,18,96,60000,3,reachable_union,88195da481fffff,5.071446594791676e7,4.281801503124999e7,-7.8964509166667685e6
London,18,96,60000,3,reachable_union,88195da483fffff,5.354287546875014e7,4.28640291249999e7,-1.0678846343750238e7
London,18,96,60000,3,reachable_union,88195da485fffff,5.021696098958343e7,4.102977296875001e7,-9.187188020833425e6
London,18,96,60000,3,reachable_union,88195da487fffff,5.2086826718750104e7,4.0305591052083306e7,-1.1781235666666798e7
London,18,96,60000,3,reachable_union,88195da489fffff,4.9575324739583425e7,4.493524053124974e7,-4.640084208333686e6
London,18,96,60000,3,reachable_union,88195da48bfffff,5.3131248427083485e7,4.678329338541615e7,-6.347955041667335e6
London,18,96,60000,3,reachable_union,88195da48dfffff,5.146248651041678e7,4.194146041666666e7,-9.521026093750127e6
London,18,96,60000,3,reachable_union,88195da491fffff,5.2845604395833425e7,4.219070283333334e7,-1.0654901562500082e7
London,18,96,60000,3,reachable_union,88195da493fffff,5.267205479166675e7,4.37397897812498e7,-8.932265010416955e6
London,18,96,60000,3,reachable_union,88195da495fffff,5.334277609375014e7,4.415033818749968e7,-9.192437906250462e6
London,18,96,60000,3,reachable_union,88195da497fffff,5.23774683437501e7,4.0379578260416634e7,-1.1997890083333462e7
London,18,96,60000,3,reachable_union,88195da499fffff,5.414893159375013e7,4.5851690177082986e7,-8.297241416667141e6
London,18,96,60000,3,reachable_union,88195da49bfffff,5.326079812500012e7,4.190887673958326e7,-1.1351921385416858e7
London,18,96,60000,3,reachable_union,88195da49dfffff,5.400054433333346e7,4.5880486864582986e7,-8.120057468750477e6
London,18,96,60000,3,reachable_union,88195da4a1fffff,4.9268487979166746e7,3.5904907062499985e7,-1.3363580916666761e7
London,18,96,60000,3,reachable_union,88195da4a3fffff,5.037094336458346e7,3.598121160416669e7,-1.4389731760416776e7
London,18,96,60000,3,reachable_union,88195da4a5fffff,4.763864652083338e7,3.510609825000007e7,-1.2532548270833313e7
London,18,96,60000,3,reachable_union,88195da4a7fffff,4.940699920833341e7,3.5410792427083395e7,-1.3996206781250015e7
London,18,96,60000,3,reachable_union,88195da4a9fffff,4.9713113364583395e7,3.878119249999991e7,-1.0931920864583485e7
London,18,96,60000,3,reachable_union,88195da4abfffff,5.050236103125008e7,3.839321137499994e7,-1.2109149656250142e7
London,18,96,60000,3,reachable_union,88195da4adfffff,4.8440692010416694e7,3.599117789583331e7,-1.244951411458338e7
London,18,96,60000,3,reachable_union,88195da4b1fffff,5.179655493750007e7,3.995593139583336e7,-1.1840623541666709e7
London,18,96,60000,3,reachable_union,88195da4b3fffff,4.881467221875005e7,3.667158458333318e7,-1.2143087635416873e7
London,18,96,60000,3,reachable_union,88195da4b5fffff,5.119608910416671e7,3.721491156249986e7,-1.398117754166685e7
London,18,96,60000,3,reachable_union,88195da4b7fffff,4.803064815625007e7,3.5139484770833306e7,-1.2891163385416761e7
London,18,96,60000,3,reachable_union,88195da4b9fffff,5.203706466666674e7,4.044697565624996e7,-1.1590089010416776e7
London,18,96,60000,3,reachable_union,88195da4bbfffff,4.870921689583339e7,3.815609764583327e7,-1.055311925000012e7
London,18,96,60000,3,reachable_union,88195da4bdfffff,5.230461526041675e7,4.060755610416669e7,-1.1697059156250067e7
London,18,96,60000,3,reachable_union,88195da4c1fffff,5.150871158333344e7,4.328726657291653e7,-8.22144501041691e6
London,18,96,60000,3,reachable_union,88195da4c3fffff,5.320128511458347e7,4.949912637499976e7,-3.7021587395837083e6
London,18,96,60000,3,reachable_union,88195da4c5fffff,5.065281402083348e7,4.150390232291668e7,-9.148911697916798e6
London,18,96,60000,3,reachable_union,88195da4c7fffff,5.000215626041678e7,4.335877907291652e7,-6.643377187500261e6
London,18,96,60000,3,reachable_union,88195da4c9fffff,5.195175203125009e7,4.540858722916631e7,-6.543164802083783e6
London,18,96,60000,3,reachable_union,88195da4cbfffff,5.246572517708348e7,4.639737173958293e7,-6.068353437500544e6
London,18,96,60000,3,reachable_union,88195da4cdfffff,4.923658357291678e7,3.942650918750001e7,-9.810074385416776e6
London,18,96,60000,3,reachable_union,88195da4d1fffff,5.5254114197916836e7,5.3202528864583164e7,-2.051585333333671e6
London,18,96,60000,3,reachable_union,88195da4d3fffff,5.473444245833348e7,5.159756308333321e7,-3.136879375000268e6
London,18,96,60000,3,reachable_union,88195da4d5fffff,5.318839511458348e7,4.8714984687499754e7,-4.473410427083723e6
London,18,96,60000,3,reachable_union,88195da4d7fffff,5.4677462916666806e7,5.092189072916642e7,-3.7555721875003874e6
London,18,96,60000,3,reachable_union,88195da4d9fffff,5.60399793125002e7,5.563595711458336e7,-404022.197916843
London,18,96,60000,3,reachable_union,88195da4dbfffff,5.513733387500018e7,5.461702114583317e7,-520312.7291670069
London,18,96,60000,3,reachable_union,88195da4ddfffff,5.393244829166682e7,5.085803947916642e7,-3.0744088125004023e6
London,18,96,60000,3,reachable_union,88195da4e1fffff,5.009320878125012e7,3.69354981666666e7,-1.3157710614583522e7
London,18,96,60000,3,reachable_union,88195da4e3fffff,4.96686665208334e7,3.838728976041668e7,-1.1281376760416724e7
London,18,96,60000,3,reachable_union,88195da4e5fffff,4.932674787500013e7,3.501818870833324e7,-1.4308559166666888e7
London,18,96,60000,3,reachable_union,88195da4e7fffff,4.8797566302083366e7,3.66801562395833e7,-1.2117410062500067e7
London,18,96,60000,3,reachable_union,88195da4e9fffff,4.9373302614583425e7,3.767555344791656e7,-1.1697749166666865e7
London,18,96,60000,3,reachable_union,88195da4ebfffff,5.043809735416672e7,3.920279836458338e7,-1.1235298989583336e7
London,18,96,60000,3,reachable_union,88195da4edfffff,4.7824207041666746e7,3.4946992802083276e7,-1.287721423958347e7
London,18,96,60000,3,reachable_union,88195da503fffff,4.141383619791666e7,3.3186171104166586e7,-8.227665093750071e6
London,18,96,60000,3,reachable_union,88195da50bfffff,4.146183749999998e7,3.252524186458318e7,-8.936595635416798e6
London,18,96,60000,3,reachable_union,88195da511fffff,4.083451183333335e7,3.3102251489583157e7,-7.732260343750194e6
London,18,96,60000,3,reachable_union,88195da513fffff,3.980871898958333e7,3.09157109583333e7,-8.89300803125003e6
London,18,96,60000,3,reachable_union,88195da515fffff,4.004728834375e7,3.194902413541656e7,-8.09826420833344e6
London,18,96,60000,3,reachable_union,88195da517fffff,4.1043272156250015e7,3.362595497916648e7,-7.417317177083537e6
London,18,96,60000,3,reachable_union,88195da519fffff,4.313842366666671e7,3.4447287354166456e7,-8.691136312500253e6
London,18,96,60000,3,reachable_union,88195da51bfffff,4.3261716375000045e7,3.380461848958317e7,-9.457097885416873e6
London,18,96,60000,3,reachable_union,88195da51dfffff,4.077135097916668e7,3.2557208291666515e7,-8.214142687500164e6
London,18,96,60000,3,reachable_union,88195da531fffff,4.23950790625e7,3.40331349791665e7,-8.3619440833335e6
London,18,96,60000,3,reachable_union,88195da533fffff,4.299114215624998e7,3.314385255208325e7,-9.847289604166728e6
London,18,96,60000,3,reachable_union,88195da537fffff,4.4876054812500045e7,3.434546131249982e7,-1.0530593500000224e7
London,18,96,60000,3,reachable_union,88195da539fffff,4.340192434375004e7,3.4564592187499836e7,-8.837332156250201e6
London,18,96,60000,3,reachable_union,88195da53bfffff,3.947490356250002e7,3.1339975687499933e7,-8.134927875000089e6
London,18,96,60000,3,reachable_union,88195da551fffff,4.399604230208337e7,3.446226371874982e7,-9.533778583333552e6
London,18,96,60000,3,reachable_union,88195da553fffff,4.0367851291666664e7,3.2535044770833254e7,-7.83280652083341e6
London,18,96,60000,3,reachable_union,88195da555fffff,4.1872997739583336e7,3.2568220218749903e7,-9.304777520833433e6
London,18,96,60000,3,reachable_union,88195da557fffff,4.151840922916668e7,3.2693656218749825e7,-8.824753010416854e6
London,18,96,60000,3,reachable_union,88195da559fffff,4.126515706249996e7,3.345716592708318e7,-7.807991135416783e6
London,18,96,60000,3,reachable_union,88195da55bfffff,4.2012091083333336e7,3.374588916666651e7,-8.266201916666828e6
London,18,96,60000,3,reachable_union,88195da55dfffff,4.187973647916666e7,3.3457138260416474e7,-8.422598218750183e6
London,18,96,60000,3,reachable_union,88195da581fffff,4.254034242708331e7,3.1954273906250004e7,-1.058606852083331e7
London,18,96,60000,3,reachable_union,88195da583fffff,4.488556657291667e7,3.2072579729166657e7,-1.2812986843750015e7
London,18,96,60000,3,reachable_union,88195da585fffff,4.187970886458332e7,3.2581800281249918e7,-9.297908583333403e6
London,18,96,60000,3,reachable_union,88195da587fffff,4.3838219583333336e7,3.1832936812499937e7,-1.20052827708334e7
London,18,96,60000,3,reachable_union,88195da589fffff,4.4193204750000015e7,3.2262117218749948e7,-1.1931087531250067e7
London,18,96,60000,3,reachable_union,88195da58bfffff,4.336400196874999e7,3.1507426281249985e7,-1.1856575687500007e7
London,18,96,60000,3,reachable_union,88195da58dfffff,4.279500188541668e7,3.1900077968749948e7,-1.0894923916666731e7
London,18,96,60000,3,reachable_union,88195da591fffff,4.555150951041671e7,3.3099547052083183e7,-1.2451962458333526e7
London,18,96,60000,3,reachable_union,88195da593fffff,4.698815465625013e7,3.372234010416657e7,-1.326581455208356e7
London,18,96,60000,3,reachable_union,88195da595fffff,4.302078116666671e7,2.9930913656249877e7,-1.3089867510416832e7
London,18,96,60000,3,reachable_union,88195da597fffff,4.571992743750006e7,3.377261526041652e7,-1.1947312177083537e7
London,18,96,60000,3,reachable_union,88195da599fffff,4.658166241666672e7,3.461206246874997e7,-1.1969599947916746e7
London,18,96,60000,3,reachable_union,88195da59bfffff,4.699966580208342e7,3.40697124270832e7,-1.2929953375000216e7
London,18,96,60000,3,reachable_union,88195da59dfffff,4.402592659375004e7,3.2606871687499974e7,-1.1419054906250063e7
London,18,96,60000,3,reachable_union,88195da5a1fffff,4.13737268541667e7,3.0764697968749978e7,-1.0609028885416724e7
London,18,96,60000,3,reachable_union,88195da5a3fffff,4.1888301843750015e7,3.134016324999997e7,-1.0548138593750045e7
London,18,96,60000,3,reachable_union,88195da5a5fffff,4.2645425979166694e7,3.278222137499992e7,-9.863204604166772e6
London,18,96,60000,3,reachable_union,88195da5a7fffff,4.1740619385416694e7,2.9982121510416597e7,-1.1758497875000097e7
London,18,96,60000,3,reachable_union,88195da5a9fffff,4.324313487500002e7,3.2512474374999877e7,-1.0730660500000145e7
London,18,96,60000,3,reachable_union,88195da5abfffff,4.093877186458336e7,3.097816835416667e7,-9.960603510416687e6
London,18,96,60000,3,reachable_union,88195da5adfffff,4.354197618750003e7,3.135195639583326e7,-1.2190019791666768e7
London,18,96,60000,3,reachable_union,88195da5b1fffff,4.5717518656250104e7,3.1782798749999933e7,-1.3934719906250171e7
London,18,96,60000,3,reachable_union,88195da5b3fffff,4.430837629166675e7,3.454984534374986e7,-9.758530947916895e6
London,18,96,60000,3,reachable_union,88195da5b5fffff,4.384021126041673e7,3.253104456249988e7,-1.130916669791685e7
London,18,96,60000,3,reachable_union,88195da5b7fffff,4.642187978125012e7,3.621305668749986e7,-1.020882309375026e7
London,18,96,60000,3,reachable_union,88195da5b9fffff,4.3679069583333366e7,3.011212178124998e7,-1.3566947802083384e7
London,18,96,60000,3,reachable_union,88195da5bbfffff,4.624480834375012e7,3.3453261843749873e7,-1.2791546500000246e7
London,18,96,60000,3,reachable_union,88195da5bdfffff,4.3700011614583395e7,3.000981482291659e7,-1.3690196791666806e7
London,18,96,60000,3,reachable_union,88195da5c1fffff,4.430751966666672e7,3.1289890718749896e7,-1.301762894791682e7
London,18,96,60000,3,reachable_union,88195da5c3fffff,4.604861532291674e7,3.1883195447916575e7,-1.4165419875000164e7
London,18,96,60000,3,reachable_union,88195da5c5fffff,4.4568972854166694e7,3.1306776624999996e7,-1.3262196229166698e7
London,18,96,60000,3,reachable_union,88195da5c7fffff,4.551875392708334e7,3.1648095364583295e7,-1.3870658562500048e7
London,18,96,60000,3,reachable_union,88195da5c9fffff,4.621182372916675e7,3.430675990624991e7,-1.1905063822916843e7
London,18,96,60000,3,reachable_union,88195da5cbfffff,4.582358493750003e7,3.2671890864583272e7,-1.3151694072916757e7
London,18,96,60000,3,reachable_union,88195da5cdfffff,4.3966912072916694e7,3.3867335958333276e7,-1.0099576114583418e7
London,18,96,60000,3,reachable_union,88195da5d1fffff,4.555090625e7,3.2857769895833246e7,-1.2693136354166754e7
London,18,96,60000,3,reachable_union,88195da5d3fffff,4.6069735208333366e7,3.371315345833323e7,-1.2356581750000134e7
London,18,96,60000,3,reachable_union,88195da5d5fffff,4.522276357291668e7,3.1256479541666664e7,-1.3966284031250015e7
London,18,96,60000,3,reachable_union,88195da5d7fffff,4.577223469791668e7,3.3977843729166575e7,-1.1794390968750104e7
London,18,96,60000,3,reachable_union,88195da5d9fffff,4.816482773958339e7,3.3514370395833243e7,-1.4650457343750145e7
London,18,96,60000,3,reachable_union,88195da5dbfffff,4.797490062500003e7,3.532868756249989e7,-1.2646213062500142e7
London,18,96,60000,3,reachable_union,88195da5ddfffff,4.747309608333353e7,3.223352056250005e7,-1.5239575520833481e7
London,18,96,60000,3,reachable_union,88195da5e1fffff,4.351941789583347e7,3.323619491666667e7,-1.0283222979166798e7
London,18,96,60000,3,reachable_union,88195da5e3fffff,4.165028913541666e7,3.2308390458333466e7,-9.34189867708319e6
London,18,96,60000,3,reachable_union,88195da5e5fffff,4.599276555208352e7,3.553907329166672e7,-1.0453692260416806e7
London,18,96,60000,3,reachable_union,88195da5e7fffff,4.069684479166666e7,3.11369186041666e7,-9.559926187500056e6
London,18,96,60000,3,reachable_union,88195da5e9fffff,4.288006829166671e7,3.244239129166682e7,-1.0437676999999888e7
London,18,96,60000,3,reachable_union,88195da5ebfffff,4.300519919791674e7,3.052630218750019e7,-1.2478897010416549e7
London,18,96,60000,3,reachable_union,88195da5edfffff,4.4295256291666746e7,3.358930047916675e7,-1.0705955812499993e7
London,18,96,60000,3,reachable_union,88195da601fffff,4.279341292708346e7,3.1462205499999903e7,-1.133120742708356e7
London,18,96,60000,3,reachable_union,88195da603fffff,4.55492864375002e7,3.1978047104166564e7,-1.3571239333333638e7
London,18,96,60000,3,reachable_union,88195da605fffff,4.3490956739583485e7,3.401681166666664e7,-9.474145072916843e6
London,18,96,60000,3,reachable_union,88195da607fffff,4.528511339583353e7,3.7702975041666806e7,-7.582138354166724e6
London,18,96,60000,3,reachable_union,88195da609fffff,4.104415062500007e7,3.1834283677083217e7,-9.20986694791685e6
London,18,96,60000,3,reachable_union,88195da60bfffff,4.226522827083338e7,3.1394844749999896e7,-1.0870383520833485e7
London,18,96,60000,3,reachable_union,88195da60dfffff,4.1206279375000075e7,3.146374153124988e7,-9.742537843750194e6
London,18,96,60000,3,reachable_union,88195da611fffff,4.649283005208357e7,3.71791472395834e7,-9.313682812500164e6
London,18,96,60000,3,reachable_union,88195da613fffff,4.790649747916697e7,3.5094247729166605e7,-1.2812249750000365e7
London,18,96,60000,3,reachable_union,88195da615fffff,4.650412420833357e7,3.2429208437499862e7,-1.4074915770833705e7
London,18,96,60000,3,reachable_union,88195da617fffff,4.809913042708363e7,4.181416701041681e7,-6.284963416666813e6
London,18,96,60000,3,reachable_union,88195da619fffff,4.439907223958351e7,3.2036193333333254e7,-1.2362878906250253e7
London,18,96,60000,3,reachable_union,88195da61bfffff,4.557661270833357e7,3.293030141666658e7,-1.2646311291666988e7
London,18,96,60000,3,reachable_union,88195da61dfffff,4.487560325000018e7,3.2061794333333205e7,-1.2813808916666973e7
London,18,96,60000,3,reachable_union,88195da621fffff,4.181716248958341e7,3.0376172697916586e7,-1.1440989791666824e7
London,18,96,60000,3,reachable_union,88195da623fffff,4.2885839937500186e7,3.054237982291669e7,-1.2343460114583496e7
London,18,96,60000,3,reachable_union,88195da625fffff,4.354271581250014e7,3.2514707031249877e7,-1.1028008781250264e7
London,18,96,60000,3,reachable_union,88195da627fffff,4.294211869791682e7,3.179704969791667e7,-1.1145069000000149e7
London,18,96,60000,3,reachable_union,88195da629fffff,4.220077372916679e7,3.2110319260416534e7,-1.0090454468750257e7
London,18,96,60000,3,reachable_union,88195da62bfffff,4.218792365625015e7,3.11423478020832e7,-1.1045575854166947e7
London,18,96,60000,3,reachable_union,88195da62dfffff,4.2708614552083485e7,3.263190307291648e7,-1.0076711479167003e7
London,18,96,60000,3,reachable_union,88195da631fffff,4.356496077083345e7,3.2459959489583213e7,-1.1105001281250235e7
London,18,96,60000,3,reachable_union,88195da633fffff,4.568778023958357e7,3.6189761572916746e7,-9.49801866666682e6
London,18,96,60000,3,reachable_union,88195da635fffff,4.226610560416678e7,3.0680773281250052e7,-1.1585332322916731e7
London,18,96,60000,3,reachable_union,88195da637fffff,4.28830343750001e7,3.2465138885416586e7,-1.041789548958351e7
London,18,96,60000,3,reachable_union,88195da639fffff,4.333293280208349e7,3.2348385510416582e7,-1.098454729166691e7
London,18,96,60000,3,reachable_union,88195da63bfffff,4.5453445375000186e7,3.281950139583329e7,-1.2633943979166895e7
London,18,96,60000,3,reachable_union,88195da63dfffff,4.3613939791666836e7,3.2264330552083284e7,-1.1349609239583552e7
London,18,96,60000,3,reachable_union,88195da651fffff,4.176333863541672e7,3.195188241666655e7,-9.811456218750168e6
London,18,96,60000,3,reachable_union,88195da653fffff,4.28728121354168e7,3.195087590624994e7,-1.0921936229166858e7
London,18,96,60000,3,reachable_union,88195da655fffff,4.041919952083336e7,2.97219451041665e7,-1.0697254416666858e7
London,18,96,60000,3,reachable_union,88195da657fffff,4.433342198958345e7,3.147099095833321e7,-1.2862431031250238e7
London,18,96,60000,3,reachable_union,88195da65bfffff,4.3084674885416806e7,3.100736081249994e7,-1.2077314072916865e7
London,18,96,60000,3,reachable_union,88195da663fffff,4.075228448958345e7,3.1797268885416534e7,-8.955015604166914e6
London,18,96,60000,3,reachable_union,88195da667fffff,4.097527422916677e7,3.1570086062499907e7,-9.405188166666862e6
London,18,96,60000,3,reachable_union,88195da681fffff,5.232648293750027e7,5.006933004166683e7,-2.25715289583344e6
London,18,96,60000,3,reachable_union,88195da683fffff,5.1997909885416955e7,4.8351985343750164e7,-3.645924541666791e6
London,18,96,60000,3,reachable_union,88195da685fffff,5.1372961385417e7,4.8085354812500134e7,-3.2876065729168653e6
London,18,96,60000,3,reachable_union,88195da687fffff,5.1883518802083634e7,4.757714367708343e7,-4.306375125000201e6
London,18,96,60000,3,reachable_union,88195da689fffff,5.0640598593750335e7,3.8387461416666776e7,-1.225313717708356e7
London,18,96,60000,3,reachable_union,88195da68bfffff,5.0776457510416985e7,4.791433780208349e7,-2.8621197083334923e6
London,18,96,60000,3,reachable_union,88195da68dfffff,4.783647241666696e7,3.708656284375005e7,-1.074990957291691e7
London,18,96,60000,3,reachable_union,88195da691fffff,5.1675834968750276e7,3.640355458333348e7,-1.5272280385416798e7
London,18,96,60000,3,reachable_union,88195da693fffff,4.925909673958365e7,4.0039031041666836e7,-9.220065697916813e6
London,18,96,60000,3,reachable_union,88195da695fffff,5.0648945781250276e7,4.298756435416672e7,-7.661381427083559e6
London,18,96,60000,3,reachable_union,88195da697fffff,5.233118771875025e7,4.758752255208343e7,-4.743665166666821e6
London,18,96,60000,3,reachable_union,88195da699fffff,4.9258914395833634e7,3.595119784375004e7,-1.3307716552083597e7
London,18,96,60000,3,reachable_union,88195da69bfffff,5.009201788541699e7,3.58299056562501e7,-1.4262112229166895e7
London,18,96,60000,3,reachable_union,88195da69dfffff,5.00157348645836e7,3.673770977083346e7,-1.3278025093750134e7
London,18,96,60000,3,reachable_union,88195da6a1fffff,4.997373720833362e7,3.7430893718750134e7,-1.2542843489583485e7
London,18,96,60000,3,reachable_union,88195da6a3fffff,5.0460710291666955e7,3.9835206291667044e7,-1.062550399999991e7
London,18,96,60000,3,reachable_union,88195da6a5fffff,4.847101326041695e7,3.641998859375014e7,-1.2051024666666806e7
London,18,96,60000,3,reachable_union,88195da6a7fffff,4.933283335416694e7,3.936256728125029e7,-9.97026607291665e6
London,18,96,60000,3,reachable_union,88195da6a9fffff,4.920321796875027e7,3.7288742489583395e7,-1.1914475479166873e7
London,18,96,60000,3,reachable_union,88195da6abfffff,4.969135018750029e7,3.7619037281250186e7,-1.2072312906250104e7
London,18,96,60000,3,reachable_union,88195da6adfffff,4.886675725000029e7,3.681903507291682e7,-1.204772217708347e7
London,18,96,60000,3,reachable_union,88195da6b1fffff,5.3501510531250276e7,5.206159084374979e7,-1.4399196875004843e6
London,18,96,60000,3,reachable_union,88195da6b3fffff,5.335725392708359e7,5.261568543749963e7,-741568.4895839617
London,18,96,60000,3,reachable_union,88195da6b5fffff,5.114430570833366e7,4.491215073958293e7,-6.23215496875073e6
London,18,96,60000,3,reachable_union,88195da6b7fffff,5.2134685739583656e7,5.0879801583333075e7,-1.2548841562505811e6
London,18,96,60000,3,reachable_union,88195da6b9fffff,5.2726067291666985e7,5.06087138437498e7,-2.1173534479171857e6
London,18,96,60000,3,reachable_union,88195da6bbfffff,5.389943370833367e7,5.266029801041637e7,-1.2391356979172975e6
London,18,96,60000,3,reachable_union,88195da6bdfffff,5.193770544791701e7,4.01229323333331e7,-1.181477311458391e7
London,18,96,60000,3,reachable_union,88195da6c1fffff,4.778978356250034e7,3.616517965624988e7,-1.1624603906250462e7
London,18,96,60000,3,reachable_union,88195da6c3fffff,4.782178778125035e7,3.577383933333321e7,-1.2047948447917141e7
London,18,96,60000,3,reachable_union,88195da6c5fffff,4.823650617708372e7,3.5492506718749836e7,-1.2743999458333887e7
London,18,96,60000,3,reachable_union,88195da6c7fffff,4.968027523958371e7,3.667060284374987e7,-1.3009672395833835e7
London,18,96,60000,3,reachable_union,88195da6c9fffff,4.522734135416694e7,3.433802956250006e7,-1.088931179166688e7
London,18,96,60000,3,reachable_union,88195da6cbfffff,4.7953865531250395e7,3.5533309072916575e7,-1.242055645833382e7
London,18,96,60000,3,reachable_union,88195da6cdfffff,4.8752272500000365e7,3.540735847916656e7,-1.3344914020833805e7
London,18,96,60000,3,reachable_union,88195da6d1fffff,4.750425233333372e7,3.589869039583321e7,-1.1605561937500514e7
London,18,96,60000,3,reachable_union,88195da6d3fffff,4.768668293750039e7,3.5906945468749896e7,-1.1779737468750492e7
London,18,96,60000,3,reachable_union,88195da6d5fffff,4.903935055208371e7,3.654850865624996e7,-1.2490841895833746e7
London,18,96,60000,3,reachable_union,88195da6d7fffff,4.782175357291704e7,3.6155304364583276e7,-1.166644920833376e7
London,18,96,60000,3,reachable_union,88195da6d9fffff,4.898029880208375e7,3.558697710416658e7,-1.339332169791717e7
London,18,96,60000,3,reachable_union,88195da6dbfffff,4.662512439583364e7,3.5291020718750015e7,-1.1334103677083626e7
London,18,96,60000,3,reachable_union,88195da6ddfffff,4.9372079937500395e7,3.618226749999987e7,-1.3189812437500522e7
London,18,96,60000,3,reachable_union,88195da6e1fffff,4.647841030208361e7,3.526872914583334e7,-1.1209681156250268e7
London,18,96,60000,3,reachable_union,88195da6e3fffff,4.910455682291706e7,3.6659133968749896e7,-1.2445422854167163e7
London,18,96,60000,3,reachable_union,88195da6e5fffff,4.669046639583362e7,3.603302174999989e7,-1.065744464583373e7
London,18,96,60000,3,reachable_union,88195da6e7fffff,4.645368441666695e7,3.5464482583333224e7,-1.0989201833333723e7
London,18,96,60000,3,reachable_union,88195da6e9fffff,4.582812426041688e7,3.489896244791671e7,-1.0929161812500171e7
London,18,96,60000,3,reachable_union,88195da6ebfffff,4.7073227000000305e7,3.6223242708333194e7,-1.0849984291667111e7
London,18,96,60000,3,reachable_union,88195da6edfffff,4.514580501041691e7,3.500601311458336e7,-1.0139791895833552e7
London,18,96,60000,3,reachable_union,88195da703fffff,3.763284713541666e7,2.7577943072916716e7,-1.005490406249994e7
London,18,96,60000,3,reachable_union,88195da70bfffff,3.787976905208333e7,2.8068387843750086e7,-9.811381208333243e6
London,18,96,60000,3,reachable_union,88195da711fffff,4.044145185416669e7,3.0607919427083395e7,-9.833532427083291e6
London,18,96,60000,3,reachable_union,88195da713fffff,4.1731724968750104e7,3.0497803552083414e7,-1.123392141666669e7
London,18,96,60000,3,reachable_union,88195da715fffff,3.652544907291669e7,2.8399621666666694e7,-8.125827406249993e6
London,18,96,60000,3,reachable_union,88195da717fffff,4.069189718750002e7,3.134871354166669e7,-9.343183645833332e6
London,18,96,60000,3,reachable_union,88195da719fffff,4.1732582468750045e7,2.998473320833336e7,-1.1747849260416687e7
London,18,96,60000,3,reachable_union,88195da71bfffff,4.200572185416678e7,3.1727238010416698e7,-1.0278483843750086e7
London,18,96,60000,3,reachable_union,88195da71dfffff,3.697897357291665e7,2.7278816697916783e7,-9.700156874999866e6
London,18,96,60000,3,reachable_union,88195da731fffff,3.868986858333332e7,3.0394018052083388e7,-8.295850531249933e6
London,18,96,60000,3,reachable_union,88195da733fffff,4.04532891666666e7,3.1407382333333425e7,-9.045906833333172e6
London,18,96,60000,3,reachable_union,88195da737fffff,4.242874918750004e7,3.3341692687500007e7,-9.08705650000003e6
London,18,96,60000,3,reachable_union,88195da739fffff,3.739029808333334e7,2.8570508229166776e7,-8.819789854166567e6
London,18,96,60000,3,reachable_union,88195da73bfffff,3.917972594791665e7,3.0599049447916705e7,-8.580676499999944e6
London,18,96,60000,3,reachable_union,88195da751fffff,3.764949197916665e7,2.771331863541676e7,-9.936173343749888e6
London,18,96,60000,3,reachable_union,88195da753fffff,4.107415814583338e7,3.007759453125008e7,-1.0996563614583302e7
London,18,96,60000,3,reachable_union,88195da755fffff,3.632941000000001e7,2.708934720833337e7,-9.240062791666638e6
London,18,96,60000,3,reachable_union,88195da757fffff,3.847281989583333e7,2.8836519645833477e7,-9.636300249999851e6
London,18,96,60000,3,reachable_union,88195da75bfffff,4.154519635416675e7,3.1490686229166713e7,-1.0054510125000041e7
London,18,96,60000,3,reachable_union,88195dae83fffff,3.753183623958339e7,2.809849192708344e7,-9.433344312499948e6
London,18,96,60000,3,reachable_union,88195dae8bfffff,4.108803273958335e7,3.164175551041682e7,-9.44627722916653e6
London,18,96,60000,3,reachable_union,88195dae91fffff,3.9400453447916664e7,2.9289282625000052e7,-1.0111170822916612e7
London,18,96,60000,3,reachable_union,88195dae93fffff,4.25379430000001e7,2.840257690625014e7,-1.4135366093749955e7
London,18,96,60000,3,reachable_union,88195dae95fffff,3.975908353124999e7,2.9758491677083425e7,-1.0000591854166567e7
London,18,96,60000,3,reachable_union,88195dae97fffff,4.23917225625001e7,2.9149781364583418e7,-1.324194119791668e7
London,18,96,60000,3,reachable_union,88195dae99fffff,4.057594938541664e7,2.9394796489583496e7,-1.1181152895833146e7
London,18,96,60000,3,reachable_union,88195dae9bfffff,4.180147354166669e7,2.9810700583333485e7,-1.1990772958333202e7
London,18,96,60000,3,reachable_union,88195dae9dfffff,4.136443593750002e7,3.1337299416666776e7,-1.0027136520833246e7
London,18,96,60000,3,reachable_union,88195daeb1fffff,3.851210980208335e7,3.0027283052083418e7,-8.484826749999933e6
London,18,96,60000,3,reachable_union,88195daeb3fffff,4.035246237500004e7,3.1545411729166754e7,-8.807050645833284e6
London,18,96,60000,3,reachable_union,88195daeb9fffff,3.802226759375003e7,2.8016314750000082e7,-1.0005952843749948e7
London,18,96,60000,3,reachable_union,88195daebbfffff,4.0535306072916694e7,3.012355664583346e7,-1.0411749427083235e7
London,18,96,60000,3,reachable_union,88195daed1fffff,4.031539622916665e7,3.1419164093750082e7,-8.896232135416567e6
London,18,96,60000,3,reachable_union,88195daed3fffff,4.458706610416684e7,3.530843861458339e7,-9.278627489583455e6
London,18,96,60000,3,reachable_union,88195daed5fffff,4.142036205208337e7,3.013854104166677e7,-1.1281821010416605e7
London,18,96,60000,3,reachable_union,88195daed7fffff,4.290882023958345e7,3.164924855208348e7,-1.1259571687499966e7
London,18,96,60000,3,reachable_union,88195daed9fffff,4.380200303125005e7,3.1911590374999978e7,-1.1890412656250075e7
London,18,96,60000,3,reachable_union,88195daedbfffff,4.55341810416666e7,3.5461711937500075e7,-1.0072469104166523e7
London,18,96,60000,3,reachable_union,88195daeddfffff,4.30881212083333e7,3.036314644791667e7,-1.2724974760416627e7
London,6,180,60000,6,mean_intersection,88194ad025fffff,9.7000491e7,8.3014312e7,-1.3986179e7
London,6,180,60000,6,mean_intersection,88194ad02dfffff,9.817981e7,8.3378176e7,-1.4801634e7
London,6,180,60000,6,mean_intersection,88194ad061fffff,9.7328103e7,8.2980941e7,-1.4347162e7
London,6,180,60000,6,mean_intersection,88194ad065fffff,9.8409303e7,9.0374941e7,-8.034362e6
London,6,180,60000,6,mean_intersection,88194ad067fffff,9.7718229e7,8.2239294e7,-1.5478935e7
London,6,180,60000,6,mean_intersection,88194ad069fffff,9.7333484e7,9.1402961e7,-5.930523e6
London,6,180,60000,6,mean_intersection,88194ad06dfffff,9.7600833e7,9.2001944e7,-5.598889e6
London,6,180,60000,6,mean_intersection,88194ad101fffff,9.934665e7,8.3490085e7,-1.5856565e7
London,6,180,60000,6,mean_intersection,88194ad103fffff,9.9798061e7,8.3501995e7,-1.6296066e7
London,6,180,60000,6,mean_intersection,88194ad105fffff,1.01009627e8,8.3446357e7,-1.756327e7
London,6,180,60000,6,mean_intersection,88194ad107fffff,9.82451e7,8.3458983e7,-1.4786117e7
London,6,180,60000,6,mean_intersection,88194ad109fffff,1.00385279e8,8.3388894e7,-1.6996385e7
London,6,180,60000,6,mean_intersection,88194ad10bfffff,1.00815942e8,8.3641311e7,-1.7174631e7
London,6,180,60000,6,mean_intersection,88194ad10dfffff,1.00675776e8,8.3643995e7,-1.7031781e7
London,6,180,60000,6,mean_intersection,88194ad111fffff,9.8522349e7,8.3672358e7,-1.4849991e7
London,6,180,60000,6,mean_intersection,88194ad115fffff,9.8769285e7,8.3516203e7,-1.5253082e7
London,6,180,60000,6,mean_intersection,88194ad119fffff,9.8376492e7,8.3523883e7,-1.4852609e7
London,6,180,60000,6,mean_intersection,88194ad11bfffff,9.764911e7,8.3823968e7,-1.3825142e7
London,6,180,60000,6,mean_intersection,88194ad11dfffff,9.9762373e7,8.3837132e7,-1.5925241e7
London,6,180,60000,6,mean_intersection,88194ad121fffff,9.8575758e7,8.3943677e7,-1.4632081e7
London,6,180,60000,6,mean_intersection,88194ad123fffff,9.898941e7,8.3885996e7,-1.5103414e7
London,6,180,60000,6,mean_intersection,88194ad125fffff,9.8007204e7,5.8757041e7,-3.9250163e7
London,6,180,60000,6,mean_intersection,88194ad127fffff,9.9970045e7,8.5177087e7,-1.4792958e7
London,6,180,60000,6,mean_intersection,88194ad129fffff,9.8318445e7,8.3326655e7,-1.499179e7
London,6,180,60000,6,mean_intersection,88194ad12bfffff,9.9194251e7,8.3519252e7,-1.5674999e7
London,6,180,60000,6,mean_intersection,88194ad12dfffff,9.805088e7,8.3446998e7,-1.4603882e7
London,6,180,60000,6,mean_intersection,88194ad139fffff,9.9039012e7,8.3836048e7,-1.5202964e7
London,6,180,60000,6,mean_intersection,88194ad13dfffff,9.8636199e7,8.3544179e7,-1.509202e7
London,6,180,60000,6,mean_intersection,88194ad141fffff,1.01298175e8,8.5866241e7,-1.5431934e7
London,6,180,60000,6,mean_intersection,88194ad143fffff,1.00796602e8,8.3607635e7,-1.7188967e7
London,6,180,60000,6,mean_intersection,88194ad145fffff,1.01967933e8,8.7639405e7,-1.4328528e7
London,6,180,60000,6,mean_intersection,88194ad147fffff,1.01911967e8,8.629061e7,-1.5621357e7
London,6,180,60000,6,mean_intersection,88194ad149fffff,1.01861428e8,8.7494802e7,-1.4366626e7
London,6,180,60000,6,mean_intersection,88194ad14bfffff,1.01776089e8,8.7675744e7,-1.4100345e7
London,6,180,60000,6,mean_intersection,88194ad14dfffff,1.02687458e8,8.8419323e7,-1.4268135e7
London,6,180,60000,6,mean_intersection,88194ad151fffff,9.9463221e7,8.3655395e7,-1.5807826e7
London,6,180,60000,6,mean_intersection,88194ad153fffff,9.8682815e7,8.3489881e7,-1.5192934e7
London,6,180,60000,6,mean_intersection,88194ad155fffff,1.00070267e8,8.3507014e7,-1.6563253e7
London,6,180,60000,6,mean_intersection,88194ad157fffff,9.9288444e7,8.3507369e7,-1.5781075e7
London,6,180,60000,6,mean_intersection,88194ad159fffff,9.8972384e7,8.6220928e7,-1.2751456e7
London,6,180,60000,6,mean_intersection,88194ad15bfffff,9.9231083e7,8.3819402e7,-1.5411681e7
London,6,180,60000,6,mean_intersection,88194ad15dfffff,1.00724868e8,8.5303963e7,-1.5420905e7
London,6,180,60000,6,mean_intersection,88194ad161fffff,1.01837366e8,5.8880237e7,-4.2957129e7
London,6,180,60000,6,mean_intersection,88194ad163fffff,1.00739611e8,5.8696702e7,-4.2042909e7
London,6,180,60000,6,mean_intersection,88194ad165fffff,1.00522535e8,5.8487336e7,-4.2035199e7
London,6,180,60000,6,mean_intersection,88194ad167fffff,9.8965586e7,5.8726221e7,-4.0239365e7
London,6,180,60000,6,mean_intersection,88194ad169fffff,1.02853134e8,8.5727515e7,-1.7125619e7
London,6,180,60000,6,mean_intersection,88194ad16bfffff,1.01004926e8,8.355026e7,-1.7454666e7
London,6,180,60000,6,mean_intersection,88194ad16dfffff,1.01819146e8,8.6178555e7,-1.5640591e7
London,6,180,60000,6,mean_intersection,88194ad301fffff,1.02590917e8,9.2412575e7,-1.0178342e7
London,6,180,60000,6,mean_intersection,88194ad303fffff,1.00227637e8,9.222444e7,-8.003197e6
London,6,180,60000,6,mean_intersection,88194ad305fffff,1.03035461e8,9.2521327e7,-1.0514134e7
London,6,180,60000,6,mean_intersection,88194ad307fffff,1.02177969e8,9.2431806e7,-9.746163e6
London,6,180,60000,6,mean_intersection,88194ad309fffff,1.016607e8,9.2298695e7,-9.362005e6
London,6,180,60000,6,mean_intersection,88194ad30bfffff,1.00227226e8,9.1774614e7,-8.452612e6
London,6,180,60000,6,mean_intersection,88194ad30dfffff,1.03136319e8,9.2480612e7,-1.0655707e7
London,6,180,60000,6,mean_intersection,88194ad311fffff,9.976563e7,9.2307326e7,-7.458304e6
London,6,180,60000,6,mean_intersection,88194ad313fffff,9.9077214e7,9.2191397e7,-6.885817e6
London,6,180,60000,6,mean_intersection,88194ad315fffff,1.00785362e8,9.2377392e7,-8.40797e6
London,6,180,60000,6,mean_intersection,88194ad317fffff,9.8571125e7,9.2427516e7,-6.143609e6
London,6,180,60000,6,mean_intersection,88194ad31dfffff,1.00419142e8,9.2333866e7,-8.085276e6
London,6,180,60000,6,mean_intersection,88194ad321fffff,1.02642118e8,9.1636346e7,-1.1005772e7
London,6,180,60000,6,mean_intersection,88194ad323fffff,1.02597965e8,8.8121503e7,-1.4476462e7
London,6,180,60000,6,mean_intersection,88194ad325fffff,1.04018972e8,9.1650302e7,-1.236867e7
London,6,180,60000,6,mean_intersection,88194ad327fffff,1.03193853e8,8.8518206e7,-1.4675647e7
London,6,180,60000,6,mean_intersection,88194ad329fffff,1.03939143e8,9.5423579e7,-8.515564e6
London,6,180,60000,6,mean_intersection,88194ad32bfffff,1.02908993e8,9.3575779e7,-9.333214e6
London,6,180,60000,6,mean_intersection,88194ad32dfffff,1.03819409e8,9.3373999e7,-1.044541e7
London,6,180,60000,6,mean_intersection,88194ad331fffff,1.00540664e8,9.2535629e7,-8.005035e6
London,6,180,60000,6,mean_intersection,88194ad333fffff,9.8718376e7,9.2264414e7,-6.453962e6
London,6,180,60000,6,mean_intersection,88194ad335fffff,1.01266193e8,9.259584e7,-8.670353e6
London,6,180,60000,6,mean_intersection,88194ad337fffff,1.00683416e8,9.2372076e7,-8.31134e6
London,6,180,60000,6,mean_intersection,88194ad339fffff,1.00202239e8,9.24769e7,-7.725339e6
London,6,180,60000,6,mean_intersection,88194ad33bfffff,9.9271251e7,9.2503483e7,-6.767768e6
London,6,180,60000,6,mean_intersection,88194ad33dfffff,1.01585671e8,9.2441558e7,-9.144113e6
London,6,180,60000,6,mean_intersection,88194ad345fffff,1.01540686e8,9.2296853e7,-9.243833e6
London,6,180,60000,6,mean_intersection,88194ad347fffff,1.02368237e8,9.2467666e7,-9.900571e6
London,6,180,60000,6,mean_intersection,88194ad361fffff,1.02710885e8,9.4232302e7,-8.478583e6
London,6,180,60000,6,mean_intersection,88194ad363fffff,1.03358022e8,9.3962273e7,-9.395749e6
London,6,180,60000,6,mean_intersection,88194ad365fffff,1.046364e8,9.7612796e7,-7.023604e6
London,6,180,60000,6,mean_intersection,88194ad367fffff,1.0395677e8,9.4435823e7,-9.520947e6
London,6,180,60000,6,mean_intersection,88194ad369fffff,1.01704851e8,9.1881045e7,-9.823806e6
London,6,180,60000,6,mean_intersection,88194ad36bfffff,1.0368872e8,9.2420534e7,-1.1268186e7
London,6,180,60000,6,mean_intersection,88194ad36dfffff,1.03651923e8,9.5913166e7,-7.738757e6
London,6,180,60000,6,mean_intersection,88194ada49fffff,1.0141655e8,5.8907742e7,-4.2508808e7
London,6,180,60000,6,mean_intersection,88194ada4bfffff,1.00373372e8,5.8877912e7,-4.149546e7
London,6,180,60000,6,mean_intersection,88194ada51fffff,9.8927397e7,5.8257009e7,-4.0670388e7
London,6,180,60000,6,mean_intersection,88194ada53fffff,9.7910715e7,5.8115707e7,-3.9795008e7
London,6,180,60000,6,mean_intersection,88194ada59fffff,1.0115487e8,5.8791467e7,-4.2363403e7
London,6,180,60000,6,mean_intersection,88194ada5bfffff,9.9158574e7,5.8650466e7,-4.0508108e7
London,6,180,60000,6,mean_intersection,88194ada5dfffff,1.00355722e8,5.8815556e7,-4.1540166e7
London,6,180,60000,6,mean_intersection,88195da481fffff,1.02538555e8,8.9475947e7,-1.3062608e7
London,6,180,60000,6,mean_intersection,88195da483fffff,1.04301299e8,8.9322657e7,-1.4978642e7
London,6,180,60000,6,mean_intersection,88195da485fffff,1.018147e8,8.7714628e7,-1.4100072e7
London,6,180,60000,6,mean_intersection,88195da487fffff,1.03345501e8,8.720845e7,-1.6137051e7
London,6,180,60000,6,mean_intersection,88195da489fffff,1.00874703e8,9.1933413e7,-8.94129e6
London,6,180,60000,6,mean_intersection,88195da48bfffff,1.04137804e8,9.2980115e7,-1.1157689e7
London,6,180,60000,6,mean_intersection,88195da48dfffff,1.0262906e8,8.8780206e7,-1.3848854e7
London,6,180,60000,6,mean_intersection,88195da491fffff,1.03305738e8,8.9051854e7,-1.4253884e7
London,6,180,60000,6,mean_intersection,88195da493fffff,1.03490887e8,8.9785484e7,-1.3705403e7
London,6,180,60000,6,mean_intersection,88195da495fffff,1.03711011e8,9.0217723e7,-1.3493288e7
London,6,180,60000,6,mean_intersection,88195da497fffff,1.02581969e8,8.7726042e7,-1.4855927e7
London,6,180,60000,6,mean_intersection,88195da499fffff,1.04324222e8,9.2496607e7,-1.1827615e7
London,6,180,60000,6,mean_intersection,88195da49bfffff,1.03663815e8,8.8865123e7,-1.4798692e7
London,6,180,60000,6,mean_intersection,88195da49dfffff,1.04303846e8,9.1214809e7,-1.3089037e7
London,6,180,60000,6,mean_intersection,88195da4a3fffff,1.02180422e8,5.8990442e7,-4.318998e7
London,6,180,60000,6,mean_intersection,88195da4abfffff,1.02205976e8,8.5113393e7,-1.7092583e7
London,6,180,60000,6,mean_intersection,88195da4b1fffff,1.02671488e8,8.6182836e7,-1.6488652e7
London,6,180,60000,6,mean_intersection,88195da4b3fffff,1.00230995e8,5.9083887e7,-4.1147108e7
London,6,180,60000,6,mean_intersection,88195da4b5fffff,1.02086756e8,8.3657324e7,-1.8429432e7
London,6,180,60000,6,mean_intersection,88195da4b7fffff,9.947176e7,5.882719e7,-4.064457e7
London,6,180,60000,6,mean_intersection,88195da4b9fffff,1.02436109e8,8.6492388e7,-1.5943721e7
London,6,180,60000,6,mean_intersection,88195da4bbfffff,1.00059243e8,8.4999953e7,-1.505929e7
London,6,180,60000,6,mean_intersection,88195da4bdfffff,1.0325487e8,8.7042563e7,-1.6212307e7
London,6,180,60000,6,mean_intersection,88195da4c1fffff,1.02797919e8,9.108352e7,-1.1714399e7
London,6,180,60000,6,mean_intersection,88195da4c3fffff,1.03871791e8,9.5321598e7,-8.550193e6
London,6,180,60000,6,mean_intersection,88195da4c7fffff,1.01323039e8,9.0502012e7,-1.0821027e7
London,6,180,60000,6,mean_intersection,88195da4cbfffff,1.03464287e8,9.311596e7,-1.0348327e7
London,6,180,60000,6,mean_intersection,88195da4d1fffff,1.0588609e8,9.7466117e7,-8.419973e6
London,6,180,60000,6,mean_intersection,88195da4d3fffff,1.04302493e8,9.5261187e7,-9.041306e6
London,6,180,60000,6,mean_intersection,88195da4d5fffff,1.04046647e8,9.4116427e7,-9.93022e6
London,6,180,60000,6,mean_intersection,88195da4d7fffff,1.05111991e8,9.4575304e7,-1.0536687e7
London,6,180,60000,6,mean_intersection,88195da4d9fffff,1.06644416e8,9.9405825e7,-7.238591e6
London,6,180,60000,6,mean_intersection,88195da4dbfffff,1.05254771e8,9.8164914e7,-7.089857e6
London,6,180,60000,6,mean_intersection,88195da4ddfffff,1.04258188e8,9.5913434e7,-8.344754e6
London,6,180,60000,6,mean_intersection,88195da6b3fffff,1.03928e8,9.7257523e7,-6.670477e6
London,6,180,60000,6,mean_intersection,88195da6b7fffff,1.02830688e8,9.6319713e7,-6.510975e6
London,6,180,60000,6,reachable_union,88194ad025fffff,1.1626985548888887e8,9.613340727777775e7,-2.013644821111113e7
London,6,180,60000,6,reachable_union,88194ad02dfffff,1.176051147555555e8,9.647432808333328e7,-2.1130786672222212e7
London,6,180,60000,6,reachable_union,88194ad061fffff,1.1658680889999992e8,1.0495597842777757e8,-1.1630830472222343e7
London,6,180,60000,6,reachable_union,88194ad065fffff,1.175642764333333e8,1.0814197428888851e8,-9.422302144444779e6
London,6,180,60000,6,reachable_union,88194ad067fffff,1.169408110944444e8,1.0059673172777762e8,-1.6344079366666779e7
London,6,180,60000,6,reachable_union,88194ad069fffff,1.168605670666666e8,1.0847893560555533e8,-8.381631461111277e6
London,6,180,60000,6,reachable_union,88194ad06dfffff,1.171360629722221e8,1.0943218483888866e8,-7.703878133333445e6
London,6,180,60000,6,reachable_union,88194ad101fffff,1.1829132449999979e8,9.665300083333302e7,-2.1638323666666776e7
London,6,180,60000,6,reachable_union,88194ad103fffff,1.1896880587222205e8,9.667138839999971e7,-2.2297417472222343e7
London,6,180,60000,6,reachable_union,88194ad105fffff,1.20321830722222e8,9.664709889999971e7,-2.3674731822222292e7
London,6,180,60000,6,reachable_union,88194ad107fffff,1.1746111042222194e8,9.656466977777757e7,-2.0896440644444376e7
London,6,180,60000,6,reachable_union,88194ad109fffff,1.1937872403333318e8,9.65597654388886e7,-2.2818958594444588e7
London,6,180,60000,6,reachable_union,88194ad10bfffff,1.2000299856111088e8,9.677623856111088e7,-2.322676e7
London,6,180,60000,6,reachable_union,88194ad10dfffff,1.1983033813888872e8,9.715336703888851e7,-2.2676971100000203e7
London,6,180,60000,6,reachable_union,88194ad111fffff,1.1744664189999981e8,9.681529027777755e7,-2.063135162222226e7
London,6,180,60000,6,reachable_union,88194ad115fffff,1.1776364754999977e8,9.670797677222186e7,-2.105567077777791e7
London,6,180,60000,6,reachable_union,88194ad119fffff,1.175358519833332e8,9.678748746111092e7,-2.074836452222228e7
London,6,180,60000,6,reachable_union,88194ad11bfffff,1.167912637611111e8,9.696177176111104e7,-1.982949200000006e7
London,6,180,60000,6,reachable_union,88194ad11dfffff,1.1885019344999984e8,9.702485368333313e7,-2.182533976666671e7
London,6,180,60000,6,reachable_union,88194ad121fffff,1.1789156241111083e8,9.745325819444424e7,-2.0438304216666594e7
London,6,180,60000,6,reachable_union,88194ad123fffff,1.1811285488333309e8,9.718488128333317e7,-2.092797359999992e7
London,6,180,60000,6,reachable_union,88194ad125fffff,1.1717366157777755e8,9.607152382222198e7,-2.110213775555557e7
London,6,180,60000,6,reachable_union,88194ad127fffff,1.192365238611108e8,9.934755476111099e7,-1.9888969099999815e7
London,6,180,60000,6,reachable_union,88194ad129fffff,1.1732018236111082e8,9.633407294444421e7,-2.0986109416666612e7
London,6,180,60000,6,reachable_union,88194ad12bfffff,1.1837452245555528e8,9.673918107222189e7,-2.1635341383333385e7
London,6,180,60000,6,reachable_union,88194ad12dfffff,1.1716094323333319e8,9.66137637333329e7,-2.0547179500000283e7
London,6,180,60000,6,reachable_union,88194ad139fffff,1.1809231912777756e8,9.701865624444406e7,-2.1073662883333504e7
London,6,180,60000,6,reachable_union,88194ad13dfffff,1.177686311388886e8,9.674386379444417e7,-2.1024767344444424e7
London,6,180,60000,6,reachable_union,88194ad141fffff,1.2098011437777762e8,1.0068052370555514e8,-2.029959067222248e7
London,6,180,60000,6,reachable_union,88194ad143fffff,1.2001991521111096e8,9.733340193888867e7,-2.2686513272222295e7
London,6,180,60000,6,reachable_union,88194ad145fffff,1.2165038330555536e8,1.0216013569444391e8,-1.9490247611111447e7
London,6,180,60000,6,reachable_union,88194ad147fffff,1.213238456111109e8,1.0153518604444404e8,-1.9788659566666856e7
London,6,180,60000,6,reachable_union,88194ad149fffff,1.2157474731111097e8,1.0285893133333282e8,-1.871581597777815e7
London,6,180,60000,6,reachable_union,88194ad14bfffff,1.2116062231111097e8,1.0265648145555519e8,-1.8504140855555788e7
London,6,180,60000,6,reachable_union,88194ad14dfffff,1.2277980340555535e8,1.040591273666661e8,-1.872067603888926e7
London,6,180,60000,6,reachable_union,88194ad151fffff,1.1874619631111103e8,9.677020442777763e7,-2.19759918833334e7
London,6,180,60000,6,reachable_union,88194ad153fffff,1.1795338961666664e8,9.6595175472222e7,-2.1358214144444644e7
London,6,180,60000,6,reachable_union,88194ad155fffff,1.1914395063333319e8,9.666807684444416e7,-2.2475873788889036e7
London,6,180,60000,6,reachable_union,88194ad157fffff,1.1835631771111095e8,9.657532324444415e7,-2.1780994466666803e7
London,6,180,60000,6,reachable_union,88194ad159fffff,1.1882220659444435e8,1.058285040277774e8,-1.2993702566666946e7
London,6,180,60000,6,reachable_union,88194ad15bfffff,1.188381735055555e8,9.703350904999985e7,-2.1804664455555648e7
London,6,180,60000,6,reachable_union,88194ad15dfffff,1.2011375604999988e8,9.87747598888885e7,-2.1338996161111385e7
London,6,180,60000,6,reachable_union,88194ad161fffff,1.2146074345555538e8,9.223530639444423e7,-2.9225437061111152e7
London,6,180,60000,6,reachable_union,88194ad163fffff,1.200423530388887e8,9.538416269444403e7,-2.4658190344444662e7
London,6,180,60000,6,reachable_union,88194ad165fffff,1.2009936566666642e8,6.293244773888922e7,-5.71669179277772e7
London,6,180,60000,6,reachable_union,88194ad167fffff,1.1889557941666646e8,9.432647125555515e7,-2.456910816111131e7
London,6,180,60000,6,reachable_union,88194ad169fffff,1.225021758444442e8,1.0070453973888844e8,-2.1797636105555758e7
London,6,180,60000,6,reachable_union,88194ad16bfffff,1.2018128426666643e8,9.677622060555516e7,-2.3405063661111265e7
London,6,180,60000,6,reachable_union,88194ad16dfffff,1.214724613944442e8,1.0091256282777737e8,-2.0559898566666827e7
London,6,180,60000,6,reachable_union,88194ad301fffff,1.2210655833333313e8,1.102553442611111e8,-1.185121407222204e7
London,6,180,60000,6,reachable_union,88194ad303fffff,1.1967406705555546e8,1.0964751248333324e8,-1.0026554572222218e7
London,6,180,60000,6,reachable_union,88194ad305fffff,1.227690318833331e8,1.1052108898333287e8,-1.224794290000023e7
London,6,180,60000,6,reachable_union,88194ad307fffff,1.2178072280555539e8,1.1027285823888862e8,-1.1507864566666767e7
London,6,180,60000,6,reachable_union,88194ad309fffff,1.2102210460555544e8,1.0990772873888874e8,-1.1114375866666704e7
London,6,180,60000,6,reachable_union,88194ad30bfffff,1.1895573716666658e8,1.0906909447777744e8,-9.886642688889146e6
London,6,180,60000,6,reachable_union,88194ad30dfffff,1.2285794131111085e8,1.1026614690555541e8,-1.2591794405555442e7
London,6,180,60000,6,reachable_union,88194ad311fffff,1.1918622203333324e8,1.0997159638888861e8,-9.21462564444463e6
London,6,180,60000,6,reachable_union,88194ad313fffff,1.187022190111111e8,1.0969325219444415e8,-9.008966816666946e6
London,6,180,60000,6,reachable_union,88194ad315fffff,1.2035198623333316e8,1.1018839470555523e8,-1.0163591527777925e7
London,6,180,60000,6,reachable_union,88194ad317fffff,1.18044424261111e8,1.10137868433333e8,-7.906555827778012e6
London,6,180,60000,6,reachable_union,88194ad31dfffff,1.194269354388888e8,1.0993207403333294e8,-9.49486140555586e6
London,6,180,60000,6,reachable_union,88194ad321fffff,1.224283959388887e8,1.096305325277772e8,-1.2797863411111504e7
London,6,180,60000,6,reachable_union,88194ad323fffff,1.2238556418888873e8,1.0341469045555513e8,-1.8970873733333603e7
London,6,180,60000,6,reachable_union,88194ad325fffff,1.2409273362222204e8,1.0812806768888827e8,-1.596466593333377e7
London,6,180,60000,6,reachable_union,88194ad327fffff,1.2290989762777774e8,1.0431133934999971e8,-1.859855827777803e7
London,6,180,60000,6,reachable_union,88194ad329fffff,1.2372711212777765e8,1.1399468977777746e8,-9.732422350000188e6
London,6,180,60000,6,reachable_union,88194ad32bfffff,1.2256441021111105e8,1.1208190485555533e8,-1.0482505355555728e7
London,6,180,60000,6,reachable_union,88194ad32dfffff,1.2391336786666659e8,1.1131725842222196e8,-1.2596109444444627e7
London,6,180,60000,6,reachable_union,88194ad331fffff,1.2013783152222212e8,1.1041734481111111e8,-9.72048671111101e6
London,6,180,60000,6,reachable_union,88194ad333fffff,1.1817598523333338e8,1.0979396665555553e8,-8.382018577777848e6
London,6,180,60000,6,reachable_union,88194ad335fffff,1.2091224242222212e8,1.105430240666666e8,-1.036921835555552e7
London,6,180,60000,6,reachable_union,88194ad337fffff,1.201135318499999e8,1.1005947117222215e8,-1.0054060677777752e7
London,6,180,60000,6,reachable_union,88194ad339fffff,1.1982949202777775e8,1.1029044430555552e8,-9.539047722222224e6
London,6,180,60000,6,reachable_union,88194ad33bfffff,1.1876017928888886e8,1.1054701618888894e8,-8.2131630999999195e6
London,6,180,60000,6,reachable_union,88194ad33dfffff,1.2093169747222215e8,1.1041511361111109e8,-1.051658386111106e7
London,6,180,60000,6,reachable_union,88194ad345fffff,1.2086287807222223e8,1.0992793397777767e8,-1.0934944094444558e7
London,6,180,60000,6,reachable_union,88194ad347fffff,1.2171328061666659e8,1.1029796228333339e8,-1.1415318333333194e7
London,6,180,60000,6,reachable_union,88194ad361fffff,1.227543633e8,1.1362287003333318e8,-9.131493266666815e6
London,6,180,60000,6,reachable_union,88194ad363fffff,1.2318531492222215e8,1.1258586846111104e8,-1.0599446461111113e7
London,6,180,60000,6,reachable_union,88194ad365fffff,1.2499163610555549e8,1.1815164334444429e8,-6.8399927611112e6
London,6,180,60000,6,reachable_union,88194ad367fffff,1.2406180027777769e8,1.1466838681111085e8,-9.393413466666833e6
London,6,180,60000,6,reachable_union,88194ad369fffff,1.2160639524444452e8,1.0989115487777773e8,-1.1715240366666794e7
London,6,180,60000,6,reachable_union,88194ad36bfffff,1.2368207262777773e8,1.1013809027222244e8,-1.3543982355555281e7
London,6,180,60000,6,reachable_union,88194ad36dfffff,1.2370054651666667e8,1.1593169347777757e8,-7.768853038889095e6
London,6,180,60000,6,reachable_union,88194ada49fffff,1.2126608124999993e8,6.31373369888892e7,-5.812874426111072e7
London,6,180,60000,6,reachable_union,88194ada4bfffff,1.2042222658333325e8,6.2841908855555795e7,-5.758031772777746e7
London,6,180,60000,6,reachable_union,88194ada51fffff,1.1811556654444434e8,6.244927443333364e7,-5.5666292111110695e7
London,6,180,60000,6,reachable_union,88194ada53fffff,1.1721251294444439e8,6.139381921111123e7,-5.5818693733333156e7
London,6,180,60000,6,reachable_union,88194ada59fffff,1.2058933321111101e8,7.544029173333365e7,-4.514904147777736e7
London,6,180,60000,6,reachable_union,88194ada5bfffff,1.1862525118888882e8,9.285707245555547e7,-2.576817873333335e7
London,6,180,60000,6,reachable_union,88194ada5dfffff,1.195770827055554e8,6.28173168944447e7,-5.67597658111107e7
London,6,180,60000,6,reachable_union,88195da481fffff,1.2210792702222225e8,1.0576179273333333e8,-1.6346134288888916e7
London,6,180,60000,6,reachable_union,88195da483fffff,1.2425211951666662e8,1.0538993381666674e8,-1.8862185699999884e7
London,6,180,60000,6,reachable_union,88195da485fffff,1.2120259191111106e8,1.0316688062777774e8,-1.8035711283333316e7
London,6,180,60000,6,reachable_union,88195da487fffff,1.229854030444444e8,1.025384497388888e8,-2.0446953305555597e7
London,6,180,60000,6,reachable_union,88195da489fffff,1.2009479983888888e8,1.088546476222222e8,-1.1240152216666684e7
London,6,180,60000,6,reachable_union,88195da48bfffff,1.2403131467777772e8,1.096122448333332e8,-1.4419069844444528e7
London,6,180,60000,6,reachable_union,88195da48dfffff,1.2224407637222217e8,1.0550668187777781e8,-1.6737394494444355e7
London,6,180,60000,6,reachable_union,88195da491fffff,1.2319539287777771e8,1.0487429290555547e8,-1.832109997222224e7
London,6,180,60000,6,reachable_union,88195da493fffff,1.2328983897222215e8,1.0626721630555554e8,-1.7022622666666612e7
London,6,180,60000,6,reachable_union,88195da495fffff,1.2371646352222215e8,1.0686145971111095e8,-1.6855003811111197e7
London,6,180,60000,6,reachable_union,88195da497fffff,1.2245186153333323e8,1.0302201491111095e8,-1.9429846622222275e7
London,6,180,60000,6,reachable_union,88195da499fffff,1.2429295316111101e8,1.0917203305555533e8,-1.5120920105555683e7
London,6,180,60000,6,reachable_union,88195da49bfffff,1.2364185321666664e8,1.048220118333331e8,-1.8819841383333534e7
London,6,180,60000,6,reachable_union,88195da49dfffff,1.24236597411111e8,1.0836236482777761e8,-1.5874232583333388e7
London,6,180,60000,6,reachable_union,88195da4a3fffff,1.2134369455555548e8,8.21860389277779e7,-3.915765562777758e7
London,6,180,60000,6,reachable_union,88195da4abfffff,1.214798589222222e8,9.920269932222222e7,-2.227715959999998e7
London,6,180,60000,6,reachable_union,88195da4b1fffff,1.2258728529444437e8,1.0138749035555549e8,-2.1199794938888878e7
London,6,180,60000,6,reachable_union,88195da4b3fffff,1.1986038443888882e8,9.080933403333332e7,-2.90510504055555e7
London,6,180,60000,6,reachable_union,88195da4b5fffff,1.218768364444444e8,9.664549417222221e7,-2.523134227222219e7
London,6,180,60000,6,reachable_union,88195da4b7fffff,1.1921719428888884e8,6.3079965911111355e7,-5.613722837777749e7
London,6,180,60000,6,reachable_union,88195da4b9fffff,1.223099495722222e8,1.021163201444444e8,-2.0193629427777797e7
London,6,180,60000,6,reachable_union,88195da4bbfffff,1.1943736811111104e8,9.94261881777777e7,-2.0011179933333352e7
London,6,180,60000,6,reachable_union,88195da4bdfffff,1.2270649032222213e8,1.0192958159444438e8,-2.077690872777775e7
London,6,180,60000,6,reachable_union,88195da4c1fffff,1.225491530111111e8,1.0872177544999966e8,-1.3827377561111435e7
London,6,180,60000,6,reachable_union,88195da4c3fffff,1.2375061361666664e8,1.1448360678333324e8,-9.267006833333403e6
London,6,180,60000,6,reachable_union,88195da4c7fffff,1.2079089517777772e8,1.075362818055554e8,-1.325461337222232e7
London,6,180,60000,6,reachable_union,88195da4cbfffff,1.2356432236111103e8,1.1173196493888888e8,-1.1832357422222152e7
London,6,180,60000,6,reachable_union,88195da4d1fffff,1.2580158051666653e8,1.1658732094444403e8,-9.214259572222501e6
London,6,180,60000,6,reachable_union,88195da4d3fffff,1.2484373362777768e8,1.1574100503333312e8,-9.102728594444558e6
London,6,180,60000,6,reachable_union,88195da4d5fffff,1.240071868444444e8,1.1244931678333318e8,-1.1557870061111212e7
London,6,180,60000,6,reachable_union,88195da4d7fffff,1.2525512725555544e8,1.1346202271111085e8,-1.179310454444459e7
London,6,180,60000,6,reachable_union,88195da4d9fffff,1.2673810981111091e8,1.1970431252777755e8,-7.033797283333361e6
London,6,180,60000,6,reachable_union,88195da4dbfffff,1.2587214150555538e8,1.1878367358333313e8,-7.088467922222242e6
London,6,180,60000,6,reachable_union,88195da4ddfffff,1.2423821657777771e8,1.1541050627777764e8,-8.827710300000072e6
London,6,180,60000,6,reachable_union,88195da6b3fffff,1.2485255313888882e8,1.1783830534444444e8,-7.014247794444382e6
London,6,180,60000,6,reachable_union,88195da6b7fffff,1.2360893477777772e8,1.1736358424444431e8,-6.245350533333406e6
London,6,180,60000,12,mean_intersection,88194ad025fffff,2.43342481e8,2.07378803e8,-3.5963678e7
London,6,180,60000,12,mean_intersection,88194ad02dfffff,2.44515407e8,2.07964495e8,-3.6550912e7
London,6,180,60000,12,mean_intersection,88194ad061fffff,2.43410164e8,2.12635045e8,-3.0775119e7
London,6,180,60000,12,mean_intersection,88194ad065fffff,2.44368914e8,2.18412655e8,-2.5956259e7
London,6,180,60000,12,mean_intersection,88194ad067fffff,2.4370391e8,2.10499551e8,-3.3204359e7
London,6,180,60000,12,mean_intersection,88194ad069fffff,2.43567452e8,2.23335687e8,-2.0231765e7
London,6,180,60000,12,mean_intersection,88194ad06dfffff,2.43991184e8,2.23943659e8,-2.0047525e7
London,6,180,60000,12,mean_intersection,88194ad101fffff,2.44917055e8,2.0810043e8,-3.6816625e7
London,6,180,60000,12,mean_intersection,88194ad103fffff,2.45248057e8,2.08136749e8,-3.7111308e7
London,6,180,60000,12,mean_intersection,88194ad105fffff,2.46299761e8,2.08013457e8,-3.8286304e7
London,6,180,60000,12,mean_intersection,88194ad107fffff,2.44194163e8,2.08044005e8,-3.6150158e7
London,6,180,60000,12,mean_intersection,88194ad109fffff,2.45782802e8,2.08005989e8,-3.7776813e7
London,6,180,60000,12,mean_intersection,88194ad10bfffff,2.45970536e8,2.08185833e8,-3.7784703e7
London,6,180,60000,12,mean_intersection,88194ad10dfffff,2.46145558e8,2.08551473e8,-3.7594085e7
London,6,180,60000,12,mean_intersection,88194ad111fffff,2.44361039e8,2.08193038e8,-3.6168001e7
London,6,180,60000,12,mean_intersection,88194ad115fffff,2.44305294e8,2.08101988e8,-3.6203306e7
London,6,180,60000,12,mean_intersection,88194ad119fffff,2.44189297e8,2.08260078e8,-3.5929219e7
London,6,180,60000,12,mean_intersection,88194ad11bfffff,2.43664885e8,2.08353924e8,-3.5310961e7
London,6,180,60000,12,mean_intersection,88194ad11dfffff,2.45175937e8,2.08367733e8,-3.6808204e7
London,6,180,60000,12,mean_intersection,88194ad121fffff,2.44137054e8,2.08813261e8,-3.5323793e7
London,6,180,60000,12,mean_intersection,88194ad123fffff,2.44706043e8,2.08575158e8,-3.6130885e7
London,6,180,60000,12,mean_intersection,88194ad125fffff,2.43715184e8,1.40667252e8,-1.03047932e8
London,6,180,60000,12,mean_intersection,88194ad127fffff,2.45375693e8,2.10578248e8,-3.4797445e7
London,6,180,60000,12,mean_intersection,88194ad129fffff,2.4421374e8,2.07814546e8,-3.6399194e7
London,6,180,60000,12,mean_intersection,88194ad12bfffff,2.45118936e8,2.08104804e8,-3.7014132e7
London,6,180,60000,12,mean_intersection,88194ad12dfffff,2.438445e8,2.0799774e8,-3.584676e7
London,6,180,60000,12,mean_intersection,88194ad139fffff,2.44638988e8,2.08354046e8,-3.6284942e7
London,6,180,60000,12,mean_intersection,88194ad13dfffff,2.44635578e8,2.08145513e8,-3.6490065e7
London,6,180,60000,12,mean_intersection,88194ad141fffff,2.4668734e8,2.12041642e8,-3.4645698e7
London,6,180,60000,12,mean_intersection,88194ad143fffff,2.46054049e8,2.0812501e8,-3.7929039e7
London,6,180,60000,12,mean_intersection,88194ad145fffff,2.4714818e8,2.12842155e8,-3.4306025e7
London,6,180,60000,12,mean_intersection,88194ad147fffff,2.46800603e8,2.12329949e8,-3.4470654e7
London,6,180,60000,12,mean_intersection,88194ad149fffff,2.46924371e8,2.13599216e8,-3.3325155e7
London,6,180,60000,12,mean_intersection,88194ad14bfffff,2.46695078e8,2.13794828e8,-3.290025e7
London,6,180,60000,12,mean_intersection,88194ad14dfffff,2.47636319e8,2.14568502e8,-3.3067817e7
London,6,180,60000,12,mean_intersection,88194ad151fffff,2.44916927e8,2.08185887e8,-3.673104e7
London,6,180,60000,12,mean_intersection,88194ad153fffff,2.44417857e8,2.08043952e8,-3.6373905e7
London,6,180,60000,12,mean_intersection,88194ad155fffff,2.45434806e8,2.08100529e8,-3.7334277e7
London,6,180,60000,12,mean_intersection,88194ad157fffff,2.44731725e8,2.07987248e8,-3.6744477e7
London,6,180,60000,12,mean_intersection,88194ad159fffff,2.45297841e8,2.14413442e8,-3.0884399e7
London,6,180,60000,12,mean_intersection,88194ad15bfffff,2.45216951e8,2.08372443e8,-3.6844508e7
London,6,180,60000,12,mean_intersection,88194ad15dfffff,2.45964424e8,2.10239043e8,-3.5725381e7
London,6,180,60000,12,mean_intersection,88194ad161fffff,2.46949342e8,1.3526895e8,-1.11680392e8
London,6,180,60000,12,mean_intersection,88194ad163fffff,2.46325518e8,1.39838796e8,-1.06486722e8
London,6,180,60000,12,mean_intersection,88194ad165fffff,2.46158292e8,1.16188668e8,-1.29969624e8
London,6,180,60000,12,mean_intersection,88194ad167fffff,2.45293359e8,1.40571379e8,-1.0472198e8
London,6,180,60000,12,mean_intersection,88194ad169fffff,2.47630416e8,2.11575144e8,-3.6055272e7
London,6,180,60000,12,mean_intersection,88194ad16bfffff,2.46112366e8,2.08049265e8,-3.8063101e7
London,6,180,60000,12,mean_intersection,88194ad16dfffff,2.46874164e8,2.1186316e8,-3.5011004e7
London,6,180,60000,12,mean_intersection,88194ad301fffff,2.47306221e8,2.24334595e8,-2.2971626e7
London,6,180,60000,12,mean_intersection,88194ad303fffff,2.45917403e8,2.24017082e8,-2.1900321e7
London,6,180,60000,12,mean_intersection,88194ad305fffff,2.47763264e8,2.24433265e8,-2.3329999e7
London,6,180,60000,12,mean_intersection,88194ad307fffff,2.4691913e8,2.24289228e8,-2.2629902e7
London,6,180,60000,12,mean_intersection,88194ad309fffff,2.46560544e8,2.24080198e8,-2.2480346e7
London,6,180,60000,12,mean_intersection,88194ad30bfffff,2.45434172e8,2.23877465e8,-2.1556707e7
London,6,180,60000,12,mean_intersection,88194ad30dfffff,2.47875008e8,2.2428081e8,-2.3594198e7
London,6,180,60000,12,mean_intersection,88194ad311fffff,2.45120689e8,2.24188474e8,-2.0932215e7
London,6,180,60000,12,mean_intersection,88194ad313fffff,2.44496175e8,2.24052266e8,-2.0443909e7
London,6,180,60000,12,mean_intersection,88194ad315fffff,2.45815368e8,2.24217216e8,-2.1598152e7
London,6,180,60000,12,mean_intersection,88194ad317fffff,2.44281275e8,2.24293486e8,-1.9987789e7
London,6,180,60000,12,mean_intersection,88194ad31dfffff,2.45701908e8,2.24129113e8,-2.1572795e7
London,6,180,60000,12,mean_intersection,88194ad321fffff,2.47307579e8,2.23598566e8,-2.3709013e7
London,6,180,60000,12,mean_intersection,88194ad323fffff,2.47518228e8,2.14579619e8,-3.2938609e7
London,6,180,60000,12,mean_intersection,88194ad325fffff,2.48526922e8,2.22339616e8,-2.6187306e7
London,6,180,60000,12,mean_intersection,88194ad327fffff,2.47890128e8,2.15360005e8,-3.2530123e7
London,6,180,60000,12,mean_intersection,88194ad329fffff,2.48331886e8,2.26024413e8,-2.2307473e7
London,6,180,60000,12,mean_intersection,88194ad32bfffff,2.47653013e8,2.25214447e8,-2.2438566e7
London,6,180,60000,12,mean_intersection,88194ad32dfffff,2.48650145e8,2.24632863e8,-2.4017282e7
London,6,180,60000,12,mean_intersection,88194ad331fffff,2.46031182e8,2.24370802e8,-2.166038e7
London,6,180,60000,12,mean_intersection,88194ad333fffff,2.44878436e8,2.24028064e8,-2.0850372e7
London,6,180,60000,12,mean_intersection,88194ad335fffff,2.46553902e8,2.2446281e8,-2.2091092e7
London,6,180,60000,12,mean_intersection,88194ad337fffff,2.46039781e8,2.24097937e8,-2.1941844e7
London,6,180,60000,12,mean_intersection,88194ad339fffff,2.45680551e8,2.2431633e8,-2.1364221e7
London,6,180,60000,12,mean_intersection,88194ad33bfffff,2.45108079e8,2.24563173e8,-2.0544906e7
London,6,180,60000,12,mean_intersection,88194ad33dfffff,2.46559354e8,2.24448063e8,-2.2111291e7
London,6,180,60000,12,mean_intersection,88194ad345fffff,2.46608025e8,2.24096571e8,-2.2511454e7
London,6,180,60000,12,mean_intersection,88194ad347fffff,2.4720613e8,2.24312417e8,-2.2893713e7
London,6,180,60000,12,mean_intersection,88194ad361fffff,2.47785962e8,2.26099203e8,-2.1686759e7
London,6,180,60000,12,mean_intersection,88194ad363fffff,2.48134456e8,2.25585206e8,-2.254925e7
London,6,180,60000,12,mean_intersection,88194ad365fffff,2.4894887e8,2.27941196e8,-2.1007674e7
London,6,180,60000,12,mean_intersection,88194ad367fffff,2.48768981e8,2.26241829e8,-2.2527152e7
London,6,180,60000,12,mean_intersection,88194ad369fffff,2.469568e8,2.24119994e8,-2.2836806e7
London,6,180,60000,12,mean_intersection,88194ad36bfffff,2.48380646e8,2.24215352e8,-2.4165294e7
London,6,180,60000,12,mean_intersection,88194ad36dfffff,2.48395152e8,2.26993054e8,-2.1402098e7
London,6,180,60000,12,mean_intersection,88194ada49fffff,2.46941043e8,1.16179816e8,-1.30761227e8
London,6,180,60000,12,mean_intersection,88194ada4bfffff,2.46569709e8,1.15610301e8,-1.30959408e8
London,6,180,60000,12,mean_intersection,88194ada51fffff,2.44758051e8,1.12752684e8,-1.32005367e8
London,6,180,60000,12,mean_intersection,88194ada53fffff,2.44460487e8,1.13194656e8,-1.31265831e8
London,6,180,60000,12,mean_intersection,88194ada59fffff,2.46391852e8,1.1612195e8,-1.30269902e8
London,6,180,60000,12,mean_intersection,88194ada5bfffff,2.45234098e8,1.39457516e8,-1.05776582e8
London,6,180,60000,12,mean_intersection,88194ada5dfffff,2.4586843e8,1.1517842e8,-1.3069001e8
London,6,180,60000,12,mean_intersection,88195da481fffff,2.47337093e8,2.16381182e8,-3.0955911e7
London,6,180,60000,12,mean_intersection,88195da483fffff,2.48643222e8,2.15996309e8,-3.2646913e7
London,6,180,60000,12,mean_intersection,88195da485fffff,2.46789547e8,2.13553102e8,-3.3236445e7
London,6,180,60000,12,mean_intersection,88195da487fffff,2.4794075e8,2.13645248e8,-3.4295502e7
London,6,180,60000,12,mean_intersection,88195da489fffff,2.46028527e8,2.23009086e8,-2.3019441e7
London,6,180,60000,12,mean_intersection,88195da48bfffff,2.48616371e8,2.23322215e8,-2.5294156e7
London,6,180,60000,12,mean_intersection,88195da48dfffff,2.47452145e8,2.16427656e8,-3.1024489e7
London,6,180,60000,12,mean_intersection,88195da491fffff,2.47982658e8,2.15720017e8,-3.2262641e7
London,6,180,60000,12,mean_intersection,88195da493fffff,2.48101e8,2.16565631e8,-3.1535369e7
London,6,180,60000,12,mean_intersection,88195da495fffff,2.48289623e8,2.20986563e8,-2.730306e7
London,6,180,60000,12,mean_intersection,88195da497fffff,2.47476051e8,2.13482556e8,-3.3993495e7
London,6,180,60000,12,mean_intersection,88195da499fffff,2.48672278e8,2.23152373e8,-2.5519905e7
London,6,180,60000,12,mean_intersection,88195da49bfffff,2.48270013e8,2.15719102e8,-3.2550911e7
London,6,180,60000,12,mean_intersection,88195da49dfffff,2.48642512e8,2.22810803e8,-2.5831709e7
London,6,180,60000,12,mean_intersection,88195da4a3fffff,2.46863467e8,1.3848917e8,-1.08374297e8
London,6,180,60000,12,mean_intersection,88195da4abfffff,2.4693459e8,2.09725287e8,-3.7209303e7
London,6,180,60000,12,mean_intersection,88195da4b1fffff,2.47664951e8,2.12107614e8,-3.5557337e7
London,6,180,60000,12,mean_intersection,88195da4b3fffff,2.4587112e8,1.37941995e8,-1.07929125e8
London,6,180,60000,12,mean_intersection,88195da4b5fffff,2.47235378e8,2.07778294e8,-3.9457084e7
London,6,180,60000,12,mean_intersection,88195da4b7fffff,2.45613916e8,1.16191317e8,-1.29422599e8
London,6,180,60000,12,mean_intersection,88195da4b9fffff,2.47119481e8,2.12588601e8,-3.453088e7
London,6,180,60000,12,mean_intersection,88195da4bbfffff,2.4566287e8,2.10090492e8,-3.5572378e7
London,6,180,60000,12,mean_intersection,88195da4bdfffff,2.47755643e8,2.12434338e8,-3.5321305e7
London,6,180,60000,12,mean_intersection,88195da4c1fffff,2.47760492e8,2.23036989e8,-2.4723503e7
London,6,180,60000,12,mean_intersection,88195da4c3fffff,2.48344767e8,2.26297986e8,-2.2046781e7
London,6,180,60000,12,mean_intersection,88195da4c7fffff,2.46593979e8,2.2173325e8,-2.4860729e7
London,6,180,60000,12,mean_intersection,88195da4cbfffff,2.48407806e8,2.25080231e8,-2.3327575e7
London,6,180,60000,12,mean_intersection,88195da4d1fffff,2.50511889e8,2.27397317e8,-2.3114572e7
London,6,180,60000,12,mean_intersection,88195da4d3fffff,2.48853942e8,2.2677765e8,-2.2076292e7
London,6,180,60000,12,mean_intersection,88195da4d5fffff,2.48681734e8,2.25234888e8,-2.3446846e7
London,6,180,60000,12,mean_intersection,88195da4d7fffff,2.49213761e8,2.25738081e8,-2.347568e7
London,6,180,60000,12,mean_intersection,88195da4d9fffff,2.51215263e8,2.34934838e8,-1.6280425e7
London,6,180,60000,12,mean_intersection,88195da4dbfffff,2.49662012e8,2.28052468e8,-2.1609544e7
London,6,180,60000,12,mean_intersection,88195da4ddfffff,2.48654307e8,2.26563267e8,-2.209104e7
London,6,180,60000,12,mean_intersection,88195da6b3fffff,2.49199941e8,2.27635814e8,-2.1564127e7
London,6,180,60000,12,mean_intersection,88195da6b7fffff,2.47754274e8,2.27871845e8,-1.9882429e7
London,6,180,60000,12,reachable_union,88194ad025fffff,2.6233279037777805e8,2.3490942277222136e8,-2.7423367605556697e7
London,6,180,60000,12,reachable_union,88194ad02dfffff,2.6314859365555584e8,2.353620209999991e8,-2.778657265555674e7
London,6,180,60000,12,reachable_union,88194ad061fffff,2.624421992722224e8,2.4412327321666628e8,-1.831892605555612e7
London,6,180,60000,12,reachable_union,88194ad065fffff,2.6312464236111137e8,2.468854320611103e8,-1.6239210300001085e7
London,6,180,60000,12,reachable_union,88194ad067fffff,2.6266180728333357e8,2.3966207790555534e8,-2.2999729377778232e7
London,6,180,60000,12,reachable_union,88194ad069fffff,2.6258390543888912e8,2.4756590395555606e8,-1.5018001483333051e7
London,6,180,60000,12,reachable_union,88194ad06dfffff,2.6286709444444475e8,2.4807803580555603e8,-1.4789058638888717e7
London,6,180,60000,12,reachable_union,88194ad101fffff,2.6347300126666683e8,2.3560635513333243e8,-2.78666461333344e7
London,6,180,60000,12,reachable_union,88194ad103fffff,2.6379397652777797e8,2.3569280929999918e8,-2.8101167227778792e7
London,6,180,60000,12,reachable_union,88194ad105fffff,2.6456297500000012e8,2.3557610174999917e8,-2.8986873250000954e7
London,6,180,60000,12,reachable_union,88194ad107fffff,2.630391529833335e8,2.3553429692222145e8,-2.7504856061112046e7
London,6,180,60000,12,reachable_union,88194ad109fffff,2.6407697500555566e8,2.354962017499991e8,-2.8580773255556554e7
London,6,180,60000,12,reachable_union,88194ad10bfffff,2.6435569385000014e8,2.357099074611102e8,-2.864578638888994e7
London,6,180,60000,12,reachable_union,88194ad10dfffff,2.6438442667222238e8,2.3627513464999914e8,-2.8109292022223234e7
London,6,180,60000,12,reachable_union,88194ad111fffff,2.630828304444447e8,2.3576142563888803e8,-2.7321404805556655e7
London,6,180,60000,12,reachable_union,88194ad115fffff,2.6312711391666687e8,2.3561619617777696e8,-2.7510917738889903e7
London,6,180,60000,12,reachable_union,88194ad119fffff,2.6303873988333353e8,2.3579814374999908e8,-2.7240596133334458e7
London,6,180,60000,12,reachable_union,88194ad11bfffff,2.626472542166669e8,2.3591648857777694e8,-2.673076563888997e7
London,6,180,60000,12,reachable_union,88194ad11dfffff,2.6372248987222242e8,2.3602259153888798e8,-2.7699898333334446e7
London,6,180,60000,12,reachable_union,88194ad121fffff,2.6309737720555574e8,2.363095343222215e8,-2.678784288333425e7
London,6,180,60000,12,reachable_union,88194ad123fffff,2.63361538027778e8,2.361920312611104e8,-2.7169506766667604e7
London,6,180,60000,12,reachable_union,88194ad125fffff,2.6271765175000018e8,2.3432906415555438e8,-2.8388587594445795e7
London,6,180,60000,12,reachable_union,88194ad127fffff,2.6390636192777798e8,2.381677107777772e8,-2.573865115000078e7
London,6,180,60000,12,reachable_union,88194ad129fffff,2.629858669277779e8,2.35202337766666e8,-2.778352916111189e7
London,6,180,60000,12,reachable_union,88194ad12bfffff,2.6361625857222238e8,2.3566449768888813e8,-2.795176088333425e7
London,6,180,60000,12,reachable_union,88194ad12dfffff,2.6279744200000018e8,2.3543219998333216e8,-2.736524201666802e7
London,6,180,60000,12,reachable_union,88194ad139fffff,2.633392817666668e8,2.359556829944436e8,-2.7383598772223204e7
London,6,180,60000,12,reachable_union,88194ad13dfffff,2.6325222550000015e8,2.3573864728888804e8,-2.751357821111211e7
London,6,180,60000,12,reachable_union,88194ad141fffff,2.6492636956111115e8,2.3992706626111063e8,-2.499930330000052e7
London,6,180,60000,12,reachable_union,88194ad143fffff,2.6437415963888907e8,2.3570839683333278e8,-2.8665762805556297e7
London,6,180,60000,12,reachable_union,88194ad145fffff,2.6526946988888887e8,2.4081347782777685e8,-2.4455992061112016e7
London,6,180,60000,12,reachable_union,88194ad147fffff,2.6503436074444446e8,2.408064800611105e8,-2.4227880683333963e7
London,6,180,60000,12,reachable_union,88194ad149fffff,2.6518870483333337e8,2.4214065492222172e8,-2.3048049911111653e7
London,6,180,60000,12,reachable_union,88194ad14bfffff,2.6493873115555558e8,2.419307221833328e8,-2.3008008972222775e7
London,6,180,60000,12,reachable_union,88194ad14dfffff,2.6580152538333324e8,2.4310091633888787e8,-2.2700609044445366e7
London,6,180,60000,12,reachable_union,88194ad151fffff,2.635460488500003e8,2.357100952666657e8,-2.7835953583334595e7
London,6,180,60000,12,reachable_union,88194ad153fffff,2.6325934412777793e8,2.3549409641666576e8,-2.776524771111217e7
London,6,180,60000,12,reachable_union,88194ad155fffff,2.6388927373888916e8,2.3560705362222126e8,-2.8282220116667897e7
London,6,180,60000,12,reachable_union,88194ad157fffff,2.6336684054444465e8,2.3544227384444353e8,-2.792456670000112e7
London,6,180,60000,12,reachable_union,88194ad159fffff,2.6383675059444472e8,2.4358862941111025e8,-2.024812118333447e7
London,6,180,60000,12,reachable_union,88194ad15bfffff,2.6378663021111143e8,2.3603026215555468e8,-2.7756368055556744e7
London,6,180,60000,12,reachable_union,88194ad15dfffff,2.6435965337222233e8,2.3811573084444416e8,-2.624392252777818e7
London,6,180,60000,12,reachable_union,88194ad161fffff,2.6516883080555552e8,2.2573913131666526e8,-3.942969948889026e7
London,6,180,60000,12,reachable_union,88194ad163fffff,2.6453287313888898e8,2.336341524333319e8,-3.0898720705557078e7
London,6,180,60000,12,reachable_union,88194ad165fffff,2.645043150944446e8,1.5663800079444402e8,-1.0786631430000058e8
London,6,180,60000,12,reachable_union,88194ad167fffff,2.6387543389444458e8,2.3229200910555416e8,-3.158342478889042e7
London,6,180,60000,12,reachable_union,88194ad169fffff,2.656625397277777e8,2.3978037023333225e8,-2.5882169494445443e7
London,6,180,60000,12,reachable_union,88194ad16bfffff,2.6445751205555573e8,2.3554934324444368e8,-2.8908168811112046e7
London,6,180,60000,12,reachable_union,88194ad16dfffff,2.6513146324999985e8,2.3975090276111004e8,-2.5380560488889813e7
London,6,180,60000,12,reachable_union,88194ad301fffff,2.6544669537777787e8,2.4874810120000002e8,-1.6698594177777857e7
London,6,180,60000,12,reachable_union,88194ad303fffff,2.6427196752222252e8,2.482263775777778e8,-1.6045589944444716e7
London,6,180,60000,12,reachable_union,88194ad305fffff,2.6580116798888895e8,2.4908128245555547e8,-1.671988553333348e7
London,6,180,60000,12,reachable_union,88194ad307fffff,2.6522586258333343e8,2.4871020978333357e8,-1.6515652799999863e7
London,6,180,60000,12,reachable_union,88194ad309fffff,2.648545949722224e8,2.4846423225555557e8,-1.6390362716666818e7
London,6,180,60000,12,reachable_union,88194ad30bfffff,2.6383296908888918e8,2.4801116299444488e8,-1.5821806094444305e7
London,6,180,60000,12,reachable_union,88194ad30dfffff,2.6586551611666673e8,2.4871502948333335e8,-1.7150486633333385e7
London,6,180,60000,12,reachable_union,88194ad311fffff,2.6378392915555578e8,2.485444513e8,-1.5239477855555773e7
London,6,180,60000,12,reachable_union,88194ad313fffff,2.6348056318333364e8,2.4825349621111122e8,-1.5227066972222418e7
London,6,180,60000,12,reachable_union,88194ad315fffff,2.643885349444446e8,2.4867534427777773e8,-1.5713190666666865e7
London,6,180,60000,12,reachable_union,88194ad317fffff,2.6319464034444475e8,2.4864473447222227e8,-1.4549905872222483e7
London,6,180,60000,12,reachable_union,88194ad31dfffff,2.6406065365000027e8,2.484987355777778e8,-1.5561918072222471e7
London,6,180,60000,12,reachable_union,88194ad321fffff,2.655460616722222e8,2.480893042000004e8,-1.745675747222179e7
London,6,180,60000,12,reachable_union,88194ad323fffff,2.656100382777778e8,2.426077272999992e8,-2.3002310977778584e7
London,6,180,60000,12,reachable_union,88194ad325fffff,2.664932950222222e8,2.467450023944442e8,-1.9748292627777994e7
London,6,180,60000,12,reachable_union,88194ad327fffff,2.6586691317777747e8,2.4343302653888828e8,-2.2433886638889194e7
London,6,180,60000,12,reachable_union,88194ad329fffff,2.6628374881666666e8,2.512965033444446e8,-1.498724547222206e7
London,6,180,60000,12,reachable_union,88194ad32bfffff,2.6570055938333312e8,2.4988396606111136e8,-1.5816593322221756e7
London,6,180,60000,12,reachable_union,88194ad32dfffff,2.6644750109999987e8,2.4924681234444454e8,-1.720068875555533e7
London,6,180,60000,12,reachable_union,88194ad331fffff,2.6442048941111097e8,2.4880583282222295e8,-1.561465658888802e7
London,6,180,60000,12,reachable_union,88194ad333fffff,2.6347328522222227e8,2.482535635333335e8,-1.5219721688888758e7
London,6,180,60000,12,reachable_union,88194ad335fffff,2.6484388309444425e8,2.4889003055000025e8,-1.5953852544443995e7
London,6,180,60000,12,reachable_union,88194ad337fffff,2.644226104833332e8,2.484767859611118e8,-1.5945824522221386e7
London,6,180,60000,12,reachable_union,88194ad339fffff,2.6419925909444436e8,2.4874850412777805e8,-1.5450754966666311e7
London,6,180,60000,12,reachable_union,88194ad33bfffff,2.6369029407777768e8,2.4895123492222244e8,-1.4739059155555248e7
London,6,180,60000,12,reachable_union,88194ad33dfffff,2.6483559577777758e8,2.4883721842222264e8,-1.5998377355554938e7
London,6,180,60000,12,reachable_union,88194ad345fffff,2.6484441450555545e8,2.4848271782222256e8,-1.636169668333289e7
London,6,180,60000,12,reachable_union,88194ad347fffff,2.6530050285555536e8,2.4876142098888916e8,-1.6539081866666198e7
London,6,180,60000,12,reachable_union,88194ad361fffff,2.6585655525555536e8,2.5098664727222174e8,-1.4869907983333617e7
London,6,180,60000,12,reachable_union,88194ad363fffff,2.6604031665555543e8,2.507178364555559e8,-1.5322480199999541e7
London,6,180,60000,12,reachable_union,88194ad365fffff,2.669077070277777e8,2.5399778265555495e8,-1.2909924372222751e7
London,6,180,60000,12,reachable_union,88194ad367fffff,2.6651307836111093e8,2.515524252444447e8,-1.4960653116666228e7
London,6,180,60000,12,reachable_union,88194ad369fffff,2.6523296738888878e8,2.4856797963333365e8,-1.6664987755555123e7
London,6,180,60000,12,reachable_union,88194ad36bfffff,2.6632245956111094e8,2.486012998888892e8,-1.772115967222175e7
London,6,180,60000,12,reachable_union,88194ad36dfffff,2.663194565888888e8,2.5253953004444432e8,-1.3779926544444472e7
London,6,180,60000,12,reachable_union,88194ada49fffff,2.651096793888886e8,1.5686108714444414e8,-1.0824859224444446e8
London,6,180,60000,12,reachable_union,88194ada4bfffff,2.6476254163888872e8,1.5585804927222198e8,-1.0890449236666673e8
London,6,180,60000,12,reachable_union,88194ada51fffff,2.6340458908333328e8,1.5326451979444408e8,-1.101400692888892e8
London,6,180,60000,12,reachable_union,88194ada53fffff,2.6306696082777762e8,1.5176239991666603e8,-1.113045609111116e8
London,6,180,60000,12,reachable_union,88194ada59fffff,2.64700194272222e8,1.859284427333318e8,-7.877175153889021e7
London,6,180,60000,12,reachable_union,88194ada5bfffff,2.6376372690555543e8,2.3056589152777693e8,-3.31978353777785e7
London,6,180,60000,12,reachable_union,88194ada5dfffff,2.6419057445555547e8,1.553730481444438e8,-1.0881752631111166e8
London,6,180,60000,12,reachable_union,88195da481fffff,2.654652060944442e8,2.446518734222213e8,-2.0813332672222883e7
London,6,180,60000,12,reachable_union,88195da483fffff,2.6655041151666656e8,2.4426836708333233e8,-2.228204443333423e7
London,6,180,60000,12,reachable_union,88195da485fffff,2.6498934339999974e8,2.4209349261666557e8,-2.2895850783334166e7
London,6,180,60000,12,reachable_union,88195da487fffff,2.659389374111108e8,2.4166217291110992e8,-2.4276764500000864e7
London,6,180,60000,12,reachable_union,88195da489fffff,2.6438677687222198e8,2.473248316277778e8,-1.706194524444416e7
London,6,180,60000,12,reachable_union,88195da48bfffff,2.6647077606666645e8,2.4776397669999996e8,-1.8706799366666496e7
London,6,180,60000,12,reachable_union,88195da48dfffff,2.6554257934999982e8,2.4440184411666572e8,-2.1140735233334094e7
London,6,180,60000,12,reachable_union,88195da491fffff,2.6602742797777748e8,2.4386376608888805e8,-2.2163661888889432e7
London,6,180,60000,12,reachable_union,88195da493fffff,2.6607088624444416e8,2.452577697888885e8,-2.0813116455555648e7
London,6,180,60000,12,reachable_union,88195da495fffff,2.6628908604444417e8,2.454737623388886e8,-2.0815323705555588e7
London,6,180,60000,12,reachable_union,88195da497fffff,2.6561652048888853e8,2.4230566679999897e8,-2.3310853688889563e7
London,6,180,60000,12,reachable_union,88195da499fffff,2.665641028499999e8,2.475638691833332e8,-1.9000233666666716e7
London,6,180,60000,12,reachable_union,88195da49bfffff,2.662679678055553e8,2.4384839854999927e8,-2.2419569255556047e7
London,6,180,60000,12,reachable_union,88195da49dfffff,2.6653252208888873e8,2.4696844022222203e8,-1.9564081866666704e7
London,6,180,60000,12,reachable_union,88195da4a3fffff,2.6500448203333297e8,2.102269186611097e8,-5.477756337222329e7
London,6,180,60000,12,reachable_union,88195da4abfffff,2.6514225900555512e8,2.3790435895555425e8,-2.7237900050000876e7
London,6,180,60000,12,reachable_union,88195da4b1fffff,2.6574902244444403e8,2.4057308775555435e8,-2.5175934688889682e7
London,6,180,60000,12,reachable_union,88195da4b3fffff,2.6435200478333306e8,2.2419511901111025e8,-4.015688577222282e7
London,6,180,60000,12,reachable_union,88195da4b5fffff,2.6538403973333296e8,2.351276332277764e8,-3.0256406505556554e7
London,6,180,60000,12,reachable_union,88195da4b7fffff,2.6409146873333323e8,1.568413148888884e8,-1.0725015384444484e8
London,6,180,60000,12,reachable_union,88195da4b9fffff,2.654260358388885e8,2.4093840208333203e8,-2.4487633755556464e7
London,6,180,60000,12,reachable_union,88195da4bbfffff,2.6409875890555543e8,2.3836256413333216e8,-2.5736194772223264e7
London,6,180,60000,12,reachable_union,88195da4bdfffff,2.6574802567222184e8,2.4072524916666543e8,-2.5022776505556405e7
London,6,180,60000,12,reachable_union,88195da4c1fffff,2.6573596689999983e8,2.4750108521111143e8,-1.82348816888884e7
London,6,180,60000,12,reachable_union,88195da4c3fffff,2.6630454446666658e8,2.5168773113333294e8,-1.4616813333333641e7
London,6,180,60000,12,reachable_union,88195da4c7fffff,2.6481696479999986e8,2.462358577888888e8,-1.858110701111105e7
London,6,180,60000,12,reachable_union,88195da4cbfffff,2.662788315055553e8,2.4962769338333318e8,-1.6651138122222126e7
London,6,180,60000,12,reachable_union,88195da4d1fffff,2.672808614500001e8,2.5316189829999956e8,-1.4118963150000542e7
London,6,180,60000,12,reachable_union,88195da4d3fffff,2.668574432944444e8,2.5262822982777643e8,-1.422921346666798e7
London,6,180,60000,12,reachable_union,88195da4d5fffff,2.6649041438333324e8,2.5006313183888873e8,-1.6427282544444501e7
London,6,180,60000,12,reachable_union,88195da4d7fffff,2.6702834341111112e8,2.5088596407777792e8,-1.6142379333333194e7
London,6,180,60000,12,reachable_union,88195da4d9fffff,2.6778236865555564e8,2.5502268753888875e8,-1.2759681116666883e7
London,6,180,60000,12,reachable_union,88195da4dbfffff,2.6736829433333343e8,2.544436236388888e8,-1.2924670694444627e7
London,6,180,60000,12,reachable_union,88195da4ddfffff,2.6653655680555558e8,2.5223271527222157e8,-1.4303841533334017e7
London,6,180,60000,12,reachable_union,88195da6b3fffff,2.6700221367222217e8,2.538014476722215e8,-1.3200766000000656e7
London,6,180,60000,12,reachable_union,88195da6b7fffff,2.661566788833331e8,2.5386644169444463e8,-1.229023718888846e7
